path	line	kind	qualified_name
benchmarks/src/helpers.rs	17	fn	make_benchmark_db
benchmarks/src/helpers.rs	46	fn	make_bip_server
benchmarks/src/helpers.rs	59	fn	make_bip_client
benchmarks/src/helpers.rs	70	fn	make_bip6_server
benchmarks/src/helpers.rs	82	fn	make_bip6_client
benchmarks/src/helpers.rs	93	fn	current_rss_bytes
benchmarks/src/lib.rs	1	mod	helpers
benchmarks/src/lib.rs	2	mod	sc_helpers
benchmarks/src/lib.rs	3	mod	stress
benchmarks/src/sc_helpers.rs	140	fn	make_server_tls_config
benchmarks/src/sc_helpers.rs	145	fn	try_make_server_tls_config
benchmarks/src/sc_helpers.rs	167	fn	make_client_tls_config
benchmarks/src/sc_helpers.rs	17	struct	CertMaterial
benchmarks/src/sc_helpers.rs	172	fn	try_make_client_tls_config
benchmarks/src/sc_helpers.rs	195	fn	make_client_tls12_config
benchmarks/src/sc_helpers.rs	216	fn	make_server_tls_config_mtls
benchmarks/src/sc_helpers.rs	221	fn	try_make_server_tls_config_mtls
benchmarks/src/sc_helpers.rs	264	fn	make_client_tls_config_mtls
benchmarks/src/sc_helpers.rs	269	fn	try_make_client_tls_config_mtls
benchmarks/src/sc_helpers.rs	276	fn	make_client_tls_config_mtls_with_client_identity
benchmarks/src/sc_helpers.rs	284	fn	try_make_client_tls_config_mtls_with_client_identity
benchmarks/src/sc_helpers.rs	319	fn	start_sc_hub
benchmarks/src/sc_helpers.rs	331	fn	make_sc_transport
benchmarks/src/sc_helpers.rs	342	fn	start_sc_hub_mtls
benchmarks/src/sc_helpers.rs	35	fn	generate_test_certs
benchmarks/src/sc_helpers.rs	354	fn	make_sc_transport_mtls
benchmarks/src/sc_helpers.rs	44	fn	generate_test_certs_with_expired_server
benchmarks/src/sc_helpers.rs	53	fn	generate_test_certs_with_not_yet_valid_server
benchmarks/src/sc_helpers.rs	62	fn	generate_test_certs_with_expired_client
benchmarks/src/sc_helpers.rs	71	fn	generate_test_certs_with_not_yet_valid_client
benchmarks/src/sc_helpers.rs	80	fn	generate_test_certs_with_wrong_server_name
benchmarks/src/stress/bbmd.rs	15	fn	run
benchmarks/src/stress/clients.rs	17	fn	run
benchmarks/src/stress/cov.rs	38	fn	run
benchmarks/src/stress/harness.rs	16	fn	make_large_db
benchmarks/src/stress/harness.rs	45	fn	make_bip_server_with_db
benchmarks/src/stress/harness.rs	58	fn	make_stress_client
benchmarks/src/stress/harness.rs	69	fn	current_rss_kb
benchmarks/src/stress/mixed.rs	34	fn	run
benchmarks/src/stress/mod.rs	1	mod	bbmd
benchmarks/src/stress/mod.rs	10	mod	whois
benchmarks/src/stress/mod.rs	2	mod	clients
benchmarks/src/stress/mod.rs	3	mod	cov
benchmarks/src/stress/mod.rs	4	mod	harness
benchmarks/src/stress/mod.rs	5	mod	mixed
benchmarks/src/stress/mod.rs	6	mod	objects
benchmarks/src/stress/mod.rs	7	mod	output
benchmarks/src/stress/mod.rs	8	mod	router
benchmarks/src/stress/mod.rs	9	mod	segmentation
benchmarks/src/stress/objects.rs	20	fn	run
benchmarks/src/stress/output.rs	10	struct	StressResult
benchmarks/src/stress/output.rs	100	method	LatencyRecorder::total
benchmarks/src/stress/output.rs	105	method	LatencyRecorder::merge
benchmarks/src/stress/output.rs	112	method	LatencyRecorder::reset
benchmarks/src/stress/output.rs	126	fn	print_results
benchmarks/src/stress/output.rs	19	struct	StressMetrics
benchmarks/src/stress/output.rs	32	struct	LatencyStats
benchmarks/src/stress/output.rs	43	struct	DegradationPoint
benchmarks/src/stress/output.rs	52	struct	LatencyRecorder
benchmarks/src/stress/output.rs	59	method	LatencyRecorder::new
benchmarks/src/stress/output.rs	69	method	LatencyRecorder::record_success
benchmarks/src/stress/output.rs	76	method	LatencyRecorder::record_failure
benchmarks/src/stress/output.rs	81	method	LatencyRecorder::stats
benchmarks/src/stress/output.rs	92	method	LatencyRecorder::successful
benchmarks/src/stress/output.rs	96	method	LatencyRecorder::failed
benchmarks/src/stress/router.rs	21	fn	run
benchmarks/src/stress/segmentation.rs	16	fn	run
benchmarks/src/stress/whois.rs	17	fn	run
crates/bacnet-cli/src/args.rs	13	struct	Cli
crates/bacnet-cli/src/args.rs	83	enum	Command
crates/bacnet-cli/src/commands/capture.rs	20	struct	CaptureOpts
crates/bacnet-cli/src/commands/capture.rs	269	fn	run_capture
crates/bacnet-cli/src/commands/device.rs	103	fn	control_cmd
crates/bacnet-cli/src/commands/device.rs	12	fn	time_sync_cmd
crates/bacnet-cli/src/commands/device.rs	127	fn	reinit_cmd
crates/bacnet-cli/src/commands/device.rs	145	fn	alarms_cmd
crates/bacnet-cli/src/commands/device.rs	169	fn	acknowledge_alarm_cmd
crates/bacnet-cli/src/commands/device.rs	191	fn	delete_object_cmd
crates/bacnet-cli/src/commands/device.rs	205	fn	create_object_cmd
crates/bacnet-cli/src/commands/discover.rs	31	fn	discover
crates/bacnet-cli/src/commands/discover.rs	46	fn	discover_directed
crates/bacnet-cli/src/commands/discover.rs	62	fn	discover_network
crates/bacnet-cli/src/commands/discover.rs	78	fn	find_by_name
crates/bacnet-cli/src/commands/file.rs	12	fn	file_read_cmd
crates/bacnet-cli/src/commands/file.rs	46	fn	file_write_cmd
crates/bacnet-cli/src/commands/mod.rs	2	mod	capture
crates/bacnet-cli/src/commands/mod.rs	3	mod	device
crates/bacnet-cli/src/commands/mod.rs	4	mod	discover
crates/bacnet-cli/src/commands/mod.rs	5	mod	file
crates/bacnet-cli/src/commands/mod.rs	6	mod	read
crates/bacnet-cli/src/commands/mod.rs	7	mod	router
crates/bacnet-cli/src/commands/mod.rs	8	mod	subscribe
crates/bacnet-cli/src/commands/mod.rs	9	mod	write
crates/bacnet-cli/src/commands/read.rs	147	fn	read_range_cmd
crates/bacnet-cli/src/commands/read.rs	39	fn	read_property_cmd
crates/bacnet-cli/src/commands/read.rs	98	fn	read_multiple_cmd
crates/bacnet-cli/src/commands/router.rs	128	fn	fdt_cmd
crates/bacnet-cli/src/commands/router.rs	13	fn	devices_cmd
crates/bacnet-cli/src/commands/router.rs	174	fn	register_cmd
crates/bacnet-cli/src/commands/router.rs	189	fn	unregister_cmd
crates/bacnet-cli/src/commands/router.rs	24	fn	whois_router_cmd
crates/bacnet-cli/src/commands/router.rs	84	fn	bdt_cmd
crates/bacnet-cli/src/commands/subscribe.rs	12	fn	subscribe_cmd
crates/bacnet-cli/src/commands/write.rs	23	fn	write_property_cmd
crates/bacnet-cli/src/commands/write.rs	47	fn	write_property_multiple_cmd
crates/bacnet-cli/src/decode.rs	108	fn	format_detail
crates/bacnet-cli/src/decode.rs	20	struct	DecodedPacket
crates/bacnet-cli/src/decode.rs	29	struct	DecodedNpdu
crates/bacnet-cli/src/decode.rs	41	struct	DecodedApdu
crates/bacnet-cli/src/decode.rs	51	struct	PacketSummary
crates/bacnet-cli/src/decode.rs	61	fn	decode_packet
crates/bacnet-cli/src/decode.rs	84	fn	summarize
crates/bacnet-cli/src/interface.rs	41	fn	pick_interface
crates/bacnet-cli/src/output.rs	133	fn	format_property_value
crates/bacnet-cli/src/output.rs	15	enum	OutputFormat
crates/bacnet-cli/src/output.rs	213	fn	print_read_result
crates/bacnet-cli/src/output.rs	24	struct	DeviceInfo
crates/bacnet-cli/src/output.rs	248	fn	print_rpm_table
crates/bacnet-cli/src/output.rs	291	fn	print_success
crates/bacnet-cli/src/output.rs	305	fn	print_waiting
crates/bacnet-cli/src/output.rs	310	fn	print_error
crates/bacnet-cli/src/output.rs	45	fn	format_mac
crates/bacnet-cli/src/output.rs	59	fn	device_info
crates/bacnet-cli/src/output.rs	72	fn	print_devices
crates/bacnet-cli/src/parse.rs	111	fn	parse_property
crates/bacnet-cli/src/parse.rs	171	fn	parse_value
crates/bacnet-cli/src/parse.rs	343	fn	parse_value_with_priority
crates/bacnet-cli/src/parse.rs	380	fn	object_type_completions
crates/bacnet-cli/src/parse.rs	399	fn	property_completions
crates/bacnet-cli/src/parse.rs	61	fn	parse_object_type
crates/bacnet-cli/src/parse.rs	89	fn	parse_object_specifier
crates/bacnet-cli/src/resolve.rs	17	fn	ip_to_bip_mac
crates/bacnet-cli/src/resolve.rs	30	fn	parse_target
crates/bacnet-cli/src/resolve.rs	4	enum	Target
crates/bacnet-cli/src/session.rs	21	struct	BbmdRegistration
crates/bacnet-cli/src/session.rs	32	method	Session::new
crates/bacnet-cli/src/session.rs	42	method	Session::set_target
crates/bacnet-cli/src/session.rs	48	method	Session::clear_target
crates/bacnet-cli/src/session.rs	55	method	Session::set_bbmd_registration
crates/bacnet-cli/src/session.rs	9	struct	Session
crates/bacnet-cli/src/session.rs	92	method	Session::cancel_bbmd_renewal
crates/bacnet-cli/src/shell/admin.rs	114	fn	handle_create_object
crates/bacnet-cli/src/shell/admin.rs	147	fn	handle_delete_object
crates/bacnet-cli/src/shell/admin.rs	180	fn	handle_read_range
crates/bacnet-cli/src/shell/admin.rs	3	fn	handle_ack_alarm
crates/bacnet-cli/src/shell/admin.rs	89	fn	handle_time_sync
crates/bacnet-cli/src/shell/bbmd.rs	113	fn	handle_fdt
crates/bacnet-cli/src/shell/bbmd.rs	137	fn	handle_bip_discover
crates/bacnet-cli/src/shell/bbmd.rs	4	fn	handle_bip_register
crates/bacnet-cli/src/shell/bbmd.rs	67	fn	handle_unregister
crates/bacnet-cli/src/shell/bbmd.rs	90	fn	handle_bdt
crates/bacnet-cli/src/shell/cov_control.rs	138	fn	handle_reinit
crates/bacnet-cli/src/shell/cov_control.rs	3	fn	handle_subscribe
crates/bacnet-cli/src/shell/cov_control.rs	72	fn	handle_control
crates/bacnet-cli/src/shell/discover.rs	125	fn	handle_find
crates/bacnet-cli/src/shell/discover.rs	3	fn	handle_discover
crates/bacnet-cli/src/shell/file.rs	118	fn	handle_file_write
crates/bacnet-cli/src/shell/file.rs	26	fn	handle_file_read
crates/bacnet-cli/src/shell/file.rs	3	fn	handle_alarms
crates/bacnet-cli/src/shell/mod.rs	541	fn	run_shell
crates/bacnet-cli/src/shell/mod.rs	605	fn	run_bip_shell
crates/bacnet-cli/src/shell/read_write.rs	3	fn	handle_read
crates/bacnet-cli/src/shell/read_write.rs	52	fn	handle_readm
crates/bacnet-cli/src/shell/read_write.rs	76	fn	handle_write
crates/bacnet-cli/src/shell/writem.rs	3	fn	handle_writem
crates/bacnet-cli/src/shell/writem.rs	76	fn	handle_register
crates/bacnet-cli/src/transport.rs	11	struct	TransportArgs
crates/bacnet-cli/src/transport.rs	161	fn	build_bip6_client
crates/bacnet-cli/src/transport.rs	55	fn	parse_sc_vmac_arg
crates/bacnet-cli/src/transport.rs	69	fn	parse_sc_device_uuid_arg
crates/bacnet-cli/src/transport.rs	78	fn	build_bip_client
crates/bacnet-cli/src/transport.rs	93	fn	build_sc_client
crates/bacnet-client/src/client/builder_options.rs	104	method	Bip6ClientBuilder::confirmed_cov_notification_ack_policy
crates/bacnet-client/src/client/builder_options.rs	11	method	ClientBuilder::max_segments
crates/bacnet-client/src/client/builder_options.rs	118	method	ScClientBuilder::apdu_retries
crates/bacnet-client/src/client/builder_options.rs	124	method	ScClientBuilder::max_segments
crates/bacnet-client/src/client/builder_options.rs	130	method	ScClientBuilder::segmented_response_accepted
crates/bacnet-client/src/client/builder_options.rs	136	method	ScClientBuilder::proposed_window_size
crates/bacnet-client/src/client/builder_options.rs	142	method	ScClientBuilder::confirmed_cov_notification_ack_policy
crates/bacnet-client/src/client/builder_options.rs	17	method	ClientBuilder::segmented_response_accepted
crates/bacnet-client/src/client/builder_options.rs	23	method	ClientBuilder::proposed_window_size
crates/bacnet-client/src/client/builder_options.rs	29	method	ClientBuilder::confirmed_cov_notification_ack_policy
crates/bacnet-client/src/client/builder_options.rs	42	method	BipClientBuilder::apdu_retries
crates/bacnet-client/src/client/builder_options.rs	48	method	BipClientBuilder::max_segments
crates/bacnet-client/src/client/builder_options.rs	5	method	ClientBuilder::apdu_retries
crates/bacnet-client/src/client/builder_options.rs	54	method	BipClientBuilder::segmented_response_accepted
crates/bacnet-client/src/client/builder_options.rs	60	method	BipClientBuilder::proposed_window_size
crates/bacnet-client/src/client/builder_options.rs	66	method	BipClientBuilder::confirmed_cov_notification_ack_policy
crates/bacnet-client/src/client/builder_options.rs	80	method	Bip6ClientBuilder::apdu_retries
crates/bacnet-client/src/client/builder_options.rs	86	method	Bip6ClientBuilder::max_segments
crates/bacnet-client/src/client/builder_options.rs	92	method	Bip6ClientBuilder::segmented_response_accepted
crates/bacnet-client/src/client/builder_options.rs	98	method	Bip6ClientBuilder::proposed_window_size
crates/bacnet-client/src/client/cov.rs	125	method	BACnetClient::subscribe_cov_to_device
crates/bacnet-client/src/client/cov.rs	158	method	BACnetClient::unsubscribe_cov
crates/bacnet-client/src/client/cov.rs	181	method	BACnetClient::unsubscribe_cov_routed
crates/bacnet-client/src/client/cov.rs	207	method	BACnetClient::unsubscribe_cov_to_device
crates/bacnet-client/src/client/cov.rs	238	method	BACnetClient::subscribe_cov_property
crates/bacnet-client/src/client/cov.rs	270	method	BACnetClient::subscribe_cov_property_to_device
crates/bacnet-client/src/client/cov.rs	309	method	BACnetClient::unsubscribe_cov_property
crates/bacnet-client/src/client/cov.rs	338	method	BACnetClient::unsubscribe_cov_property_to_device
crates/bacnet-client/src/client/cov.rs	375	method	BACnetClient::cov_notifications
crates/bacnet-client/src/client/cov.rs	383	method	BACnetClient::take_initial_cov_receiver
crates/bacnet-client/src/client/cov.rs	72	method	BACnetClient::subscribe_cov
crates/bacnet-client/src/client/cov.rs	97	method	BACnetClient::subscribe_cov_routed
crates/bacnet-client/src/client/cov_notifications.rs	15	enum	ConfirmedCOVNotificationResponse
crates/bacnet-client/src/client/cov_notifications.rs	25	type	ConfirmedCOVNotificationAckPolicy
crates/bacnet-client/src/client/cov_notifications.rs	30	struct	ReceivedCOVNotification
crates/bacnet-client/src/client/cov_notifications.rs	44	method	ReceivedCOVNotification::new
crates/bacnet-client/src/client/cov_notifications.rs	6	enum	COVNotificationDelivery
crates/bacnet-client/src/client/cov_notifications.rs	67	fn	default_confirmed_cov_notification_ack_policy
crates/bacnet-client/src/client/cov_notifications.rs	73	method	ClientOptions::with_confirmed_cov_notification_ack_policy
crates/bacnet-client/src/client/cov_renewal.rs	113	struct	ManagedCOVSubscription
crates/bacnet-client/src/client/cov_renewal.rs	12	struct	ManagedCOVSubscriptionOptions
crates/bacnet-client/src/client/cov_renewal.rs	122	method	ManagedCOVSubscription::events
crates/bacnet-client/src/client/cov_renewal.rs	127	method	ManagedCOVSubscription::last_event
crates/bacnet-client/src/client/cov_renewal.rs	132	method	ManagedCOVSubscription::stop
crates/bacnet-client/src/client/cov_renewal.rs	142	method	ManagedCOVSubscription::is_finished
crates/bacnet-client/src/client/cov_renewal.rs	171	method	BACnetClient::manage_cov_subscription
crates/bacnet-client/src/client/cov_renewal.rs	193	method	BACnetClient::manage_cov_subscription_routed
crates/bacnet-client/src/client/cov_renewal.rs	36	method	ManagedCOVSubscriptionOptions::with_renewal_margin
crates/bacnet-client/src/client/cov_renewal.rs	42	method	ManagedCOVSubscriptionOptions::with_event_channel_capacity
crates/bacnet-client/src/client/cov_renewal.rs	70	enum	ManagedCOVSubscriptionEvent
crates/bacnet-client/src/client/device_events.rs	18	method	BACnetClient::iam_events
crates/bacnet-client/src/client/device_events.rs	26	method	BACnetClient::take_initial_iam_receiver
crates/bacnet-client/src/client/device_events.rs	9	method	BACnetClient::device_events
crates/bacnet-client/src/client/device_mgmt.rs	34	method	BACnetClient::reinitialize_device
crates/bacnet-client/src/client/device_mgmt.rs	5	method	BACnetClient::device_communication_control
crates/bacnet-client/src/client/device_mgmt.rs	60	method	BACnetClient::time_synchronization
crates/bacnet-client/src/client/device_mgmt.rs	81	method	BACnetClient::utc_time_synchronization
crates/bacnet-client/src/client/discovery.rs	111	method	BACnetClient::discovered_devices
crates/bacnet-client/src/client/discovery.rs	116	method	BACnetClient::get_device
crates/bacnet-client/src/client/discovery.rs	121	method	BACnetClient::clear_devices
crates/bacnet-client/src/client/discovery.rs	130	method	BACnetClient::add_device
crates/bacnet-client/src/client/discovery.rs	30	method	BACnetClient::who_is
crates/bacnet-client/src/client/discovery.rs	49	method	BACnetClient::who_is_directed
crates/bacnet-client/src/client/discovery.rs	5	method	BACnetClient::resolve_device
crates/bacnet-client/src/client/discovery.rs	69	method	BACnetClient::who_is_network
crates/bacnet-client/src/client/discovery.rs	89	method	BACnetClient::who_has
crates/bacnet-client/src/client/dispatch.rs	6	method	BACnetClient::dispatch_apdu
crates/bacnet-client/src/client/file_list.rs	111	method	BACnetClient::atomic_write_file
crates/bacnet-client/src/client/file_list.rs	135	method	BACnetClient::add_list_element
crates/bacnet-client/src/client/file_list.rs	166	method	BACnetClient::remove_list_element
crates/bacnet-client/src/client/file_list.rs	27	method	BACnetClient::acknowledge_alarm
crates/bacnet-client/src/client/file_list.rs	5	method	BACnetClient::get_event_information
crates/bacnet-client/src/client/file_list.rs	60	method	BACnetClient::read_range
crates/bacnet-client/src/client/file_list.rs	87	method	BACnetClient::atomic_read_file
crates/bacnet-client/src/client/lifecycle.rs	22	method	BACnetClient::start
crates/bacnet-client/src/client/lifecycle.rs	226	method	BACnetClient::local_mac
crates/bacnet-client/src/client/lifecycle.rs	235	method	BACnetClient::max_apdu_length
crates/bacnet-client/src/client/lifecycle.rs	249	method	BACnetClient::transport_max_apdu_length
crates/bacnet-client/src/client/lifecycle.rs	254	method	BACnetClient::transport_is_operational
crates/bacnet-client/src/client/lifecycle.rs	259	method	BACnetClient::background_task_count
crates/bacnet-client/src/client/lifecycle.rs	268	method	BACnetClient::stop
crates/bacnet-client/src/client/lifecycle.rs	27	method	BACnetClient::start_with_options
crates/bacnet-client/src/client/mod.rs	106	struct	ClientOptions
crates/bacnet-client/src/client/mod.rs	147	method	ClientOptions::with_cov_channel_capacity
crates/bacnet-client/src/client/mod.rs	164	struct	ClientBuilder
crates/bacnet-client/src/client/mod.rs	172	method	ClientBuilder::transport
crates/bacnet-client/src/client/mod.rs	178	method	ClientBuilder::apdu_timeout_ms
crates/bacnet-client/src/client/mod.rs	184	method	ClientBuilder::max_apdu_length
crates/bacnet-client/src/client/mod.rs	190	method	ClientBuilder::cov_channel_capacity
crates/bacnet-client/src/client/mod.rs	196	method	ClientBuilder::apdu_observer
crates/bacnet-client/src/client/mod.rs	202	method	ClientBuilder::build
crates/bacnet-client/src/client/mod.rs	211	struct	BipClientBuilder
crates/bacnet-client/src/client/mod.rs	221	method	BipClientBuilder::interface
crates/bacnet-client/src/client/mod.rs	227	method	BipClientBuilder::port
crates/bacnet-client/src/client/mod.rs	233	method	BipClientBuilder::broadcast_address
crates/bacnet-client/src/client/mod.rs	239	method	BipClientBuilder::foreign_device
crates/bacnet-client/src/client/mod.rs	247	method	BipClientBuilder::foreign_device_registration_startup
crates/bacnet-client/src/client/mod.rs	256	method	BipClientBuilder::foreign_device_registration_status_handle
crates/bacnet-client/src/client/mod.rs	263	method	BipClientBuilder::apdu_timeout_ms
crates/bacnet-client/src/client/mod.rs	269	method	BipClientBuilder::max_apdu_length
crates/bacnet-client/src/client/mod.rs	275	method	BipClientBuilder::cov_channel_capacity
crates/bacnet-client/src/client/mod.rs	281	method	BipClientBuilder::build
crates/bacnet-client/src/client/mod.rs	314	struct	DeviceReadRequest
crates/bacnet-client/src/client/mod.rs	327	struct	DeviceReadResult
crates/bacnet-client/src/client/mod.rs	336	struct	DeviceRpmRequest
crates/bacnet-client/src/client/mod.rs	345	struct	DeviceRpmResult
crates/bacnet-client/src/client/mod.rs	354	struct	DeviceWriteRequest
crates/bacnet-client/src/client/mod.rs	371	struct	DeviceWriteResult
crates/bacnet-client/src/client/mod.rs	402	struct	BACnetClient
crates/bacnet-client/src/client/mod.rs	420	method	BACnetClient::bip_builder
crates/bacnet-client/src/client/mod.rs	430	method	BACnetClient::builder
crates/bacnet-client/src/client/mod.rs	435	method	BACnetClient::read_bdt
crates/bacnet-client/src/client/mod.rs	443	method	BACnetClient::write_bdt
crates/bacnet-client/src/client/mod.rs	452	method	BACnetClient::read_fdt
crates/bacnet-client/src/client/mod.rs	460	method	BACnetClient::delete_fdt_entry
crates/bacnet-client/src/client/mod.rs	473	method	BACnetClient::register_foreign_device_bvlc
crates/bacnet-client/src/client/mod.rs	48	const	DEFAULT_COV_CHANNEL_CAPACITY
crates/bacnet-client/src/client/mod.rs	485	method	BACnetClient::foreign_device_registration_status
crates/bacnet-client/src/client/mod.rs	492	method	BACnetClient::foreign_device_registration_status_handle
crates/bacnet-client/src/client/mod.rs	503	method	BACnetClient::foreign_device_registration_status
crates/bacnet-client/src/client/mod.rs	51	const	MAX_COV_CHANNEL_CAPACITY
crates/bacnet-client/src/client/mod.rs	511	method	BACnetClient::foreign_device_registration_status_handle
crates/bacnet-client/src/client/mod.rs	524	method	BACnetClient::bip6_builder
crates/bacnet-client/src/client/mod.rs	536	struct	Bip6ClientBuilder
crates/bacnet-client/src/client/mod.rs	54	const	DEVICE_EVENT_CHANNEL_CAPACITY
crates/bacnet-client/src/client/mod.rs	546	method	Bip6ClientBuilder::interface
crates/bacnet-client/src/client/mod.rs	552	method	Bip6ClientBuilder::port
crates/bacnet-client/src/client/mod.rs	558	method	Bip6ClientBuilder::device_instance
crates/bacnet-client/src/client/mod.rs	564	method	Bip6ClientBuilder::apdu_timeout_ms
crates/bacnet-client/src/client/mod.rs	57	const	IAM_EVENT_CHANNEL_CAPACITY
crates/bacnet-client/src/client/mod.rs	570	method	Bip6ClientBuilder::max_apdu_length
crates/bacnet-client/src/client/mod.rs	576	method	Bip6ClientBuilder::cov_channel_capacity
crates/bacnet-client/src/client/mod.rs	582	method	Bip6ClientBuilder::build
crates/bacnet-client/src/client/mod.rs	591	method	BACnetClient::sc_builder
crates/bacnet-client/src/client/mod.rs	610	struct	ScClientBuilder
crates/bacnet-client/src/client/mod.rs	625	method	ScClientBuilder::hub_url
crates/bacnet-client/src/client/mod.rs	63	enum	DeviceEventKind
crates/bacnet-client/src/client/mod.rs	631	method	ScClientBuilder::tls_config
crates/bacnet-client/src/client/mod.rs	640	method	ScClientBuilder::vmac
crates/bacnet-client/src/client/mod.rs	646	method	ScClientBuilder::device_uuid
crates/bacnet-client/src/client/mod.rs	652	method	ScClientBuilder::apdu_timeout_ms
crates/bacnet-client/src/client/mod.rs	658	method	ScClientBuilder::cov_channel_capacity
crates/bacnet-client/src/client/mod.rs	664	method	ScClientBuilder::heartbeat_interval_ms
crates/bacnet-client/src/client/mod.rs	670	method	ScClientBuilder::heartbeat_timeout_ms
crates/bacnet-client/src/client/mod.rs	676	method	ScClientBuilder::reconnect
crates/bacnet-client/src/client/mod.rs	707	method	ScClientBuilder::build_with_websocket_for_test
crates/bacnet-client/src/client/mod.rs	720	method	ScClientBuilder::build
crates/bacnet-client/src/client/mod.rs	74	struct	DeviceEvent
crates/bacnet-client/src/client/mod.rs	83	struct	ClientConfig
crates/bacnet-client/src/client/mod.rs	858	use	router_discovery
crates/bacnet-client/src/client/mod.rs	861	use	cov_notifications
crates/bacnet-client/src/client/mod.rs	865	use	cov_renewal
crates/bacnet-client/src/client/mod.rs	892	method	BACnetClient::generic_builder
crates/bacnet-client/src/client/object_mgmt.rs	23	method	BACnetClient::create_object
crates/bacnet-client/src/client/object_mgmt.rs	4	method	BACnetClient::delete_object
crates/bacnet-client/src/client/property.rs	104	method	BACnetClient::read_property_multiple
crates/bacnet-client/src/client/property.rs	129	method	BACnetClient::read_property_multiple_routed
crates/bacnet-client/src/client/property.rs	158	method	BACnetClient::read_property_multiple_from_device
crates/bacnet-client/src/client/property.rs	177	method	BACnetClient::read_property_from_devices
crates/bacnet-client/src/client/property.rs	211	method	BACnetClient::read_property_multiple_from_devices
crates/bacnet-client/src/client/property.rs	236	method	BACnetClient::write_property
crates/bacnet-client/src/client/property.rs	270	method	BACnetClient::write_property_routed
crates/bacnet-client/src/client/property.rs	30	method	BACnetClient::read_property_from_device
crates/bacnet-client/src/client/property.rs	307	method	BACnetClient::write_property_multiple
crates/bacnet-client/src/client/property.rs	332	method	BACnetClient::write_property_multiple_routed
crates/bacnet-client/src/client/property.rs	365	method	BACnetClient::write_property_to_device
crates/bacnet-client/src/client/property.rs	402	method	BACnetClient::write_property_multiple_to_device
crates/bacnet-client/src/client/property.rs	421	method	BACnetClient::write_property_to_devices
crates/bacnet-client/src/client/property.rs	5	method	BACnetClient::read_property
crates/bacnet-client/src/client/property.rs	71	method	BACnetClient::read_property_routed
crates/bacnet-client/src/client/requests.rs	215	method	BACnetClient::send_confirmed_target_apdu
crates/bacnet-client/src/client/requests.rs	245	method	BACnetClient::target_transport_max_apdu_length
crates/bacnet-client/src/client/requests.rs	252	method	BACnetClient::advertised_max_apdu_length_for_target
crates/bacnet-client/src/client/requests.rs	263	method	BACnetClient::unconfirmed_request
crates/bacnet-client/src/client/requests.rs	283	method	BACnetClient::broadcast_unconfirmed
crates/bacnet-client/src/client/requests.rs	29	method	BACnetClient::confirmed_request_routed
crates/bacnet-client/src/client/requests.rs	302	method	BACnetClient::broadcast_global_unconfirmed
crates/bacnet-client/src/client/requests.rs	321	method	BACnetClient::broadcast_network_unconfirmed
crates/bacnet-client/src/client/requests.rs	49	method	BACnetClient::confirmed_request_inner
crates/bacnet-client/src/client/requests.rs	9	method	BACnetClient::confirmed_request
crates/bacnet-client/src/client/router_discovery.rs	21	method	BACnetClient::router_snapshot
crates/bacnet-client/src/client/router_discovery.rs	26	method	BACnetClient::who_is_router_to_network
crates/bacnet-client/src/client/router_discovery.rs	6	struct	RouterInfo
crates/bacnet-client/src/client/segmentation.rs	227	method	BACnetClient::segmented_confirmed_request
crates/bacnet-client/src/client/segmentation.rs	37	method	BACnetClient::send_segment_control
crates/bacnet-client/src/client/segmentation.rs	66	method	BACnetClient::handle_segmented_complex_ack
crates/bacnet-client/src/discovery.rs	100	method	DeviceTable::upsert_with_result
crates/bacnet-client/src/discovery.rs	116	method	DeviceTable::all
crates/bacnet-client/src/discovery.rs	12	struct	DiscoveredDevice
crates/bacnet-client/src/discovery.rs	121	method	DeviceTable::get
crates/bacnet-client/src/discovery.rs	126	method	DeviceTable::get_by_mac
crates/bacnet-client/src/discovery.rs	133	method	DeviceTable::clear
crates/bacnet-client/src/discovery.rs	138	method	DeviceTable::len
crates/bacnet-client/src/discovery.rs	143	method	DeviceTable::is_empty
crates/bacnet-client/src/discovery.rs	148	method	DeviceTable::purge_stale
crates/bacnet-client/src/discovery.rs	152	method	DeviceTable::purge_stale_collect
crates/bacnet-client/src/discovery.rs	38	struct	IAmEvent
crates/bacnet-client/src/discovery.rs	74	struct	DeviceTable
crates/bacnet-client/src/discovery.rs	79	enum	DeviceUpsertResult
crates/bacnet-client/src/discovery.rs	86	method	DeviceTable::new
crates/bacnet-client/src/discovery.rs	96	method	DeviceTable::upsert
crates/bacnet-client/src/lib.rs	3	mod	client
crates/bacnet-client/src/lib.rs	4	mod	discovery
crates/bacnet-client/src/lib.rs	5	mod	segmentation
crates/bacnet-client/src/lib.rs	6	mod	tsm
crates/bacnet-client/src/segmentation.rs	2	use	bacnet_encoding
crates/bacnet-client/src/tsm.rs	119	struct	Tsm
crates/bacnet-client/src/tsm.rs	128	method	Tsm::new
crates/bacnet-client/src/tsm.rs	138	method	Tsm::config
crates/bacnet-client/src/tsm.rs	145	method	Tsm::allocate_invoke_id
crates/bacnet-client/src/tsm.rs	15	struct	TsmConfig
crates/bacnet-client/src/tsm.rs	159	method	Tsm::release_invoke_id
crates/bacnet-client/src/tsm.rs	171	method	Tsm::register_transaction
crates/bacnet-client/src/tsm.rs	181	method	Tsm::register_transaction_scoped
crates/bacnet-client/src/tsm.rs	209	method	Tsm::complete_transaction
crates/bacnet-client/src/tsm.rs	226	method	Tsm::cancel_transaction
crates/bacnet-client/src/tsm.rs	230	method	Tsm::cancel_transaction_if_generation
crates/bacnet-client/src/tsm.rs	264	method	Tsm::pending_count
crates/bacnet-client/src/tsm.rs	268	method	Tsm::route_quiet_remaining
crates/bacnet-client/src/tsm.rs	277	method	Tsm::complete_network_reject
crates/bacnet-client/src/tsm.rs	321	struct	TsmGuard
crates/bacnet-client/src/tsm.rs	330	method	TsmGuard::new
crates/bacnet-client/src/tsm.rs	346	method	TsmGuard::mark_completed
crates/bacnet-client/src/tsm.rs	36	enum	TsmResponse
crates/bacnet-client/src/tsm.rs	59	struct	RouteKey
crates/bacnet-encoding/src/apdu/mod.rs	116	struct	ConfirmedRequest
crates/bacnet-encoding/src/apdu/mod.rs	131	struct	UnconfirmedRequest
crates/bacnet-encoding/src/apdu/mod.rs	138	struct	SimpleAck
crates/bacnet-encoding/src/apdu/mod.rs	145	struct	ComplexAck
crates/bacnet-encoding/src/apdu/mod.rs	157	struct	SegmentAck
crates/bacnet-encoding/src/apdu/mod.rs	167	struct	ErrorPdu
crates/bacnet-encoding/src/apdu/mod.rs	177	struct	RejectPdu
crates/bacnet-encoding/src/apdu/mod.rs	184	struct	AbortPdu
crates/bacnet-encoding/src/apdu/mod.rs	192	enum	Apdu
crates/bacnet-encoding/src/apdu/mod.rs	208	fn	encode_apdu
crates/bacnet-encoding/src/apdu/mod.rs	365	fn	decode_apdu
crates/bacnet-encoding/src/apdu/mod.rs	68	fn	is_valid_max_apdu_length
crates/bacnet-encoding/src/apdu/mod.rs	73	fn	validate_max_apdu_length
crates/bacnet-encoding/src/lib.rs	10	mod	npdu
crates/bacnet-encoding/src/lib.rs	11	mod	primitives
crates/bacnet-encoding/src/lib.rs	12	mod	segmentation
crates/bacnet-encoding/src/lib.rs	13	mod	tags
crates/bacnet-encoding/src/lib.rs	9	mod	apdu
crates/bacnet-encoding/src/npdu.rs	13	const	BACNET_PROTOCOL_VERSION
crates/bacnet-encoding/src/npdu.rs	156	fn	decode_npdu
crates/bacnet-encoding/src/npdu.rs	23	struct	NpduAddress
crates/bacnet-encoding/src/npdu.rs	36	struct	Npdu
crates/bacnet-encoding/src/npdu.rs	78	fn	encode_npdu
crates/bacnet-encoding/src/primitives/mod.rs	103	fn	decode_signed
crates/bacnet-encoding/src/primitives/mod.rs	119	fn	encode_real
crates/bacnet-encoding/src/primitives/mod.rs	124	fn	decode_real
crates/bacnet-encoding/src/primitives/mod.rs	137	fn	encode_double
crates/bacnet-encoding/src/primitives/mod.rs	142	fn	decode_double
crates/bacnet-encoding/src/primitives/mod.rs	158	mod	charset
crates/bacnet-encoding/src/primitives/mod.rs	160	const	UTF8
crates/bacnet-encoding/src/primitives/mod.rs	162	const	IBM_MICROSOFT_DBCS
crates/bacnet-encoding/src/primitives/mod.rs	164	const	JIS_X_0208
crates/bacnet-encoding/src/primitives/mod.rs	166	const	UCS4
crates/bacnet-encoding/src/primitives/mod.rs	168	const	UCS2
crates/bacnet-encoding/src/primitives/mod.rs	170	const	ISO_8859_1
crates/bacnet-encoding/src/primitives/mod.rs	174	fn	encode_character_string
crates/bacnet-encoding/src/primitives/mod.rs	180	fn	character_string_len
crates/bacnet-encoding/src/primitives/mod.rs	19	fn	encode_unsigned
crates/bacnet-encoding/src/primitives/mod.rs	195	fn	decode_character_string
crates/bacnet-encoding/src/primitives/mod.rs	245	fn	encode_bit_string
crates/bacnet-encoding/src/primitives/mod.rs	253	fn	decode_bit_string
crates/bacnet-encoding/src/primitives/mod.rs	275	fn	encode_app_null
crates/bacnet-encoding/src/primitives/mod.rs	282	fn	encode_app_boolean
crates/bacnet-encoding/src/primitives/mod.rs	292	fn	encode_app_unsigned
crates/bacnet-encoding/src/primitives/mod.rs	299	fn	encode_app_signed
crates/bacnet-encoding/src/primitives/mod.rs	306	fn	encode_app_real
crates/bacnet-encoding/src/primitives/mod.rs	312	fn	encode_app_double
crates/bacnet-encoding/src/primitives/mod.rs	318	fn	encode_app_octet_string
crates/bacnet-encoding/src/primitives/mod.rs	325	fn	encode_app_character_string
crates/bacnet-encoding/src/primitives/mod.rs	333	fn	encode_app_bit_string
crates/bacnet-encoding/src/primitives/mod.rs	341	fn	encode_app_enumerated
crates/bacnet-encoding/src/primitives/mod.rs	348	fn	encode_app_date
crates/bacnet-encoding/src/primitives/mod.rs	354	fn	encode_app_time
crates/bacnet-encoding/src/primitives/mod.rs	360	fn	encode_app_object_id
crates/bacnet-encoding/src/primitives/mod.rs	370	fn	encode_ctx_unsigned
crates/bacnet-encoding/src/primitives/mod.rs	377	fn	encode_ctx_signed
crates/bacnet-encoding/src/primitives/mod.rs	384	fn	encode_ctx_real
crates/bacnet-encoding/src/primitives/mod.rs	390	fn	encode_ctx_double
crates/bacnet-encoding/src/primitives/mod.rs	396	fn	encode_ctx_enumerated
crates/bacnet-encoding/src/primitives/mod.rs	405	fn	encode_ctx_boolean
crates/bacnet-encoding/src/primitives/mod.rs	411	fn	encode_ctx_object_id
crates/bacnet-encoding/src/primitives/mod.rs	417	fn	encode_ctx_octet_string
crates/bacnet-encoding/src/primitives/mod.rs	424	fn	encode_ctx_character_string
crates/bacnet-encoding/src/primitives/mod.rs	432	fn	encode_ctx_date
crates/bacnet-encoding/src/primitives/mod.rs	438	fn	encode_ctx_bit_string
crates/bacnet-encoding/src/primitives/mod.rs	45	fn	unsigned_len
crates/bacnet-encoding/src/primitives/mod.rs	452	fn	decode_application_value
crates/bacnet-encoding/src/primitives/mod.rs	518	fn	encode_property_value
crates/bacnet-encoding/src/primitives/mod.rs	553	fn	encode_timestamp
crates/bacnet-encoding/src/primitives/mod.rs	577	fn	decode_timestamp
crates/bacnet-encoding/src/primitives/mod.rs	66	fn	decode_unsigned
crates/bacnet-encoding/src/primitives/mod.rs	83	fn	encode_signed
crates/bacnet-encoding/src/primitives/mod.rs	90	fn	signed_len
crates/bacnet-encoding/src/segmentation.rs	104	method	SegmentReceiver::received_count
crates/bacnet-encoding/src/segmentation.rs	112	method	SegmentReceiver::reassemble
crates/bacnet-encoding/src/segmentation.rs	15	enum	SegmentedPduType
crates/bacnet-encoding/src/segmentation.rs	25	fn	max_segment_payload
crates/bacnet-encoding/src/segmentation.rs	36	fn	split_payload
crates/bacnet-encoding/src/segmentation.rs	62	struct	SegmentReceiver
crates/bacnet-encoding/src/segmentation.rs	74	method	SegmentReceiver::new
crates/bacnet-encoding/src/segmentation.rs	86	method	SegmentReceiver::receive
crates/bacnet-encoding/src/segmentation.rs	99	method	SegmentReceiver::has_segment
crates/bacnet-encoding/src/tags.rs	130	fn	encode_opening_tag
crates/bacnet-encoding/src/tags.rs	140	fn	encode_closing_tag
crates/bacnet-encoding/src/tags.rs	15	enum	TagClass
crates/bacnet-encoding/src/tags.rs	158	const	MAX_CONTEXT_NESTING_DEPTH
crates/bacnet-encoding/src/tags.rs	163	fn	decode_tag
crates/bacnet-encoding/src/tags.rs	23	mod	app_tag
crates/bacnet-encoding/src/tags.rs	24	const	NULL
crates/bacnet-encoding/src/tags.rs	25	const	BOOLEAN
crates/bacnet-encoding/src/tags.rs	26	const	UNSIGNED
crates/bacnet-encoding/src/tags.rs	27	const	SIGNED
crates/bacnet-encoding/src/tags.rs	273	fn	extract_context_value
crates/bacnet-encoding/src/tags.rs	28	const	REAL
crates/bacnet-encoding/src/tags.rs	29	const	DOUBLE
crates/bacnet-encoding/src/tags.rs	30	const	OCTET_STRING
crates/bacnet-encoding/src/tags.rs	31	const	CHARACTER_STRING
crates/bacnet-encoding/src/tags.rs	32	const	BIT_STRING
crates/bacnet-encoding/src/tags.rs	33	const	ENUMERATED
crates/bacnet-encoding/src/tags.rs	34	const	DATE
crates/bacnet-encoding/src/tags.rs	342	fn	decode_optional_context
crates/bacnet-encoding/src/tags.rs	35	const	TIME
crates/bacnet-encoding/src/tags.rs	36	const	OBJECT_IDENTIFIER
crates/bacnet-encoding/src/tags.rs	41	struct	Tag
crates/bacnet-encoding/src/tags.rs	60	method	Tag::is_boolean_true
crates/bacnet-encoding/src/tags.rs	65	method	Tag::is_context
crates/bacnet-encoding/src/tags.rs	73	method	Tag::is_opening_tag
crates/bacnet-encoding/src/tags.rs	78	method	Tag::is_closing_tag
crates/bacnet-encoding/src/tags.rs	91	fn	encode_tag
crates/bacnet-network/src/layer.rs	101	method	NetworkLayer::with_observer
crates/bacnet-network/src/layer.rs	111	method	NetworkLayer::start
crates/bacnet-network/src/layer.rs	20	struct	ReceivedApdu
crates/bacnet-network/src/layer.rs	200	method	NetworkLayer::subscribe_network_messages
crates/bacnet-network/src/layer.rs	205	method	NetworkLayer::broadcast_network_message
crates/bacnet-network/src/layer.rs	223	method	NetworkLayer::send_apdu
crates/bacnet-network/src/layer.rs	235	method	NetworkLayer::send_apdu_with_data_attributes
crates/bacnet-network/src/layer.rs	264	method	NetworkLayer::broadcast_apdu
crates/bacnet-network/src/layer.rs	275	method	NetworkLayer::broadcast_apdu_with_data_attributes
crates/bacnet-network/src/layer.rs	305	method	NetworkLayer::broadcast_global_apdu
crates/bacnet-network/src/layer.rs	316	method	NetworkLayer::broadcast_global_apdu_with_data_attributes
crates/bacnet-network/src/layer.rs	349	method	NetworkLayer::broadcast_to_network
crates/bacnet-network/src/layer.rs	367	method	NetworkLayer::broadcast_to_network_with_data_attributes
crates/bacnet-network/src/layer.rs	38	struct	ReceivedNetworkMessage
crates/bacnet-network/src/layer.rs	408	method	NetworkLayer::send_apdu_routed
crates/bacnet-network/src/layer.rs	430	method	NetworkLayer::send_apdu_routed_with_data_attributes
crates/bacnet-network/src/layer.rs	468	method	NetworkLayer::transport
crates/bacnet-network/src/layer.rs	473	method	NetworkLayer::local_mac
crates/bacnet-network/src/layer.rs	478	method	NetworkLayer::stop
crates/bacnet-network/src/layer.rs	490	method	NetworkLayer::observe_outbound_npdu
crates/bacnet-network/src/layer.rs	81	struct	NetworkLayer
crates/bacnet-network/src/layer.rs	90	method	NetworkLayer::new
crates/bacnet-network/src/lib.rs	3	mod	layer
crates/bacnet-network/src/lib.rs	4	mod	observer
crates/bacnet-network/src/lib.rs	5	mod	priority_channel
crates/bacnet-network/src/lib.rs	6	mod	router
crates/bacnet-network/src/lib.rs	7	mod	router_table
crates/bacnet-network/src/observer.rs	104	fn	decode_npdu_event
crates/bacnet-network/src/observer.rs	12	const	MAX_APDU_OBSERVER_CAPACITY
crates/bacnet-network/src/observer.rs	16	enum	ApduDirection
crates/bacnet-network/src/observer.rs	23	enum	DecodeStage
crates/bacnet-network/src/observer.rs	30	struct	ApduSummary
crates/bacnet-network/src/observer.rs	38	struct	DecodeError
crates/bacnet-network/src/observer.rs	46	enum	ApduDecode
crates/bacnet-network/src/observer.rs	53	struct	ApduObserverEvent
crates/bacnet-network/src/observer.rs	64	struct	ApduObserver
crates/bacnet-network/src/observer.rs	70	method	ApduObserver::new
crates/bacnet-network/src/observer.rs	80	method	ApduObserver::subscribe
crates/bacnet-network/src/observer.rs	89	method	ApduObserver::close
crates/bacnet-network/src/observer.rs	95	method	ApduObserver::publish
crates/bacnet-network/src/priority_channel.rs	103	method	PrioritySender::send
crates/bacnet-network/src/priority_channel.rs	123	method	PriorityReceiver::recv
crates/bacnet-network/src/priority_channel.rs	16	struct	PrioritizedItem
crates/bacnet-network/src/priority_channel.rs	22	struct	PrioritySender
crates/bacnet-network/src/priority_channel.rs	49	struct	PriorityReceiver
crates/bacnet-network/src/priority_channel.rs	56	fn	priority_index
crates/bacnet-network/src/priority_channel.rs	71	fn	priority_channel
crates/bacnet-network/src/router/control_messages.rs	17	fn	handle_network_message
crates/bacnet-network/src/router/control_messages.rs	39	fn	handle_network_message_with_rebroadcast
crates/bacnet-network/src/router/forwarding.rs	12	enum	ForwardOutcome
crates/bacnet-network/src/router/forwarding.rs	197	fn	forward_broadcast
crates/bacnet-network/src/router/forwarding.rs	253	fn	reject_npdu
crates/bacnet-network/src/router/forwarding.rs	267	fn	send_reject
crates/bacnet-network/src/router/forwarding.rs	31	fn	forward_unicast
crates/bacnet-network/src/router/forwarding.rs	53	fn	forward_control_unicast
crates/bacnet-network/src/router/forwarding.rs	72	fn	send_control_to_previous_hop
crates/bacnet-network/src/router/mod.rs	115	struct	RouterPortCounters
crates/bacnet-network/src/router/mod.rs	276	struct	RouterPort
crates/bacnet-network/src/router/mod.rs	288	struct	BACnetRouter
crates/bacnet-network/src/router/runtime.rs	584	method	BACnetRouter::table
crates/bacnet-network/src/router/runtime.rs	589	method	BACnetRouter::port_counters
crates/bacnet-network/src/router/runtime.rs	597	method	BACnetRouter::stop
crates/bacnet-network/src/router/runtime.rs	9	method	BACnetRouter::start
crates/bacnet-network/src/router_table.rs	112	method	RouterTable::add_learned_with_flap_detection
crates/bacnet-network/src/router_table.rs	14	enum	ReachabilityStatus
crates/bacnet-network/src/router_table.rs	164	method	RouterTable::mark_busy
crates/bacnet-network/src/router_table.rs	172	method	RouterTable::mark_available
crates/bacnet-network/src/router_table.rs	181	method	RouterTable::mark_unreachable
crates/bacnet-network/src/router_table.rs	191	method	RouterTable::clear_expired_busy
crates/bacnet-network/src/router_table.rs	205	method	RouterTable::effective_reachability
crates/bacnet-network/src/router_table.rs	219	method	RouterTable::lookup
crates/bacnet-network/src/router_table.rs	224	method	RouterTable::lookup_mut
crates/bacnet-network/src/router_table.rs	229	method	RouterTable::remove
crates/bacnet-network/src/router_table.rs	234	method	RouterTable::networks
crates/bacnet-network/src/router_table.rs	239	method	RouterTable::networks_not_on_port
crates/bacnet-network/src/router_table.rs	248	method	RouterTable::networks_on_port
crates/bacnet-network/src/router_table.rs	25	struct	RouteEntry
crates/bacnet-network/src/router_table.rs	257	method	RouterTable::len
crates/bacnet-network/src/router_table.rs	262	method	RouterTable::is_empty
crates/bacnet-network/src/router_table.rs	269	method	RouterTable::touch
crates/bacnet-network/src/router_table.rs	280	method	RouterTable::purge_stale
crates/bacnet-network/src/router_table.rs	47	struct	RouterTable
crates/bacnet-network/src/router_table.rs	54	method	RouterTable::new
crates/bacnet-network/src/router_table.rs	62	method	RouterTable::add_direct
crates/bacnet-network/src/router_table.rs	84	method	RouterTable::add_learned
crates/bacnet-objects/src/access_control/credential.rs	10	struct	AccessCredentialObject
crates/bacnet-objects/src/access_control/credential.rs	25	method	AccessCredentialObject::new
crates/bacnet-objects/src/access_control/credential_data_input.rs	10	struct	CredentialDataInputObject
crates/bacnet-objects/src/access_control/credential_data_input.rs	25	method	CredentialDataInputObject::new
crates/bacnet-objects/src/access_control/door.rs	10	struct	AccessDoorObject
crates/bacnet-objects/src/access_control/door.rs	32	method	AccessDoorObject::new
crates/bacnet-objects/src/access_control/mod.rs	29	use	credential
crates/bacnet-objects/src/access_control/mod.rs	30	use	credential_data_input
crates/bacnet-objects/src/access_control/mod.rs	31	use	door
crates/bacnet-objects/src/access_control/mod.rs	32	use	point
crates/bacnet-objects/src/access_control/mod.rs	33	use	rights
crates/bacnet-objects/src/access_control/mod.rs	34	use	user
crates/bacnet-objects/src/access_control/mod.rs	35	use	zone
crates/bacnet-objects/src/access_control/point.rs	10	struct	AccessPointObject
crates/bacnet-objects/src/access_control/point.rs	27	method	AccessPointObject::new
crates/bacnet-objects/src/access_control/rights.rs	10	struct	AccessRightsObject
crates/bacnet-objects/src/access_control/rights.rs	24	method	AccessRightsObject::new
crates/bacnet-objects/src/access_control/user.rs	10	struct	AccessUserObject
crates/bacnet-objects/src/access_control/user.rs	25	method	AccessUserObject::new
crates/bacnet-objects/src/access_control/zone.rs	10	struct	AccessZoneObject
crates/bacnet-objects/src/access_control/zone.rs	27	method	AccessZoneObject::new
crates/bacnet-objects/src/accumulator.rs	19	struct	AccumulatorObject
crates/bacnet-objects/src/accumulator.rs	223	struct	PulseConverterObject
crates/bacnet-objects/src/accumulator.rs	241	method	PulseConverterObject::new
crates/bacnet-objects/src/accumulator.rs	261	method	PulseConverterObject::set_description
crates/bacnet-objects/src/accumulator.rs	266	method	PulseConverterObject::set_input_reference
crates/bacnet-objects/src/accumulator.rs	40	method	AccumulatorObject::new
crates/bacnet-objects/src/accumulator.rs	63	method	AccumulatorObject::set_present_value
crates/bacnet-objects/src/accumulator.rs	68	method	AccumulatorObject::set_description
crates/bacnet-objects/src/accumulator.rs	73	method	AccumulatorObject::set_scale
crates/bacnet-objects/src/accumulator.rs	78	method	AccumulatorObject::set_prescale
crates/bacnet-objects/src/analog/input.rs	12	struct	AnalogInputObject
crates/bacnet-objects/src/analog/input.rs	40	method	AnalogInputObject::new
crates/bacnet-objects/src/analog/input.rs	62	method	AnalogInputObject::set_present_value
crates/bacnet-objects/src/analog/input.rs	71	method	AnalogInputObject::set_description
crates/bacnet-objects/src/analog/input.rs	76	method	AnalogInputObject::set_min_pres_value
crates/bacnet-objects/src/analog/input.rs	81	method	AnalogInputObject::set_max_pres_value
crates/bacnet-objects/src/analog/mod.rs	17	use	input
crates/bacnet-objects/src/analog/mod.rs	18	use	output
crates/bacnet-objects/src/analog/mod.rs	19	use	value
crates/bacnet-objects/src/analog/output.rs	12	struct	AnalogOutputObject
crates/bacnet-objects/src/analog/output.rs	41	method	AnalogOutputObject::new
crates/bacnet-objects/src/analog/output.rs	66	method	AnalogOutputObject::set_description
crates/bacnet-objects/src/analog/output.rs	71	method	AnalogOutputObject::set_min_pres_value
crates/bacnet-objects/src/analog/output.rs	76	method	AnalogOutputObject::set_max_pres_value
crates/bacnet-objects/src/analog/value.rs	103	method	AnalogValueObject::set_units
crates/bacnet-objects/src/analog/value.rs	108	method	AnalogValueObject::set_configured_present_value
crates/bacnet-objects/src/analog/value.rs	118	method	AnalogValueObject::set_cov_increment
crates/bacnet-objects/src/analog/value.rs	12	struct	AnalogValueObject
crates/bacnet-objects/src/analog/value.rs	128	method	AnalogValueObject::set_present_value
crates/bacnet-objects/src/analog/value.rs	137	method	AnalogValueObject::set_description
crates/bacnet-objects/src/analog/value.rs	142	method	AnalogValueObject::set_min_pres_value
crates/bacnet-objects/src/analog/value.rs	147	method	AnalogValueObject::set_max_pres_value
crates/bacnet-objects/src/analog/value.rs	43	struct	AnalogValueConfig
crates/bacnet-objects/src/analog/value.rs	56	method	AnalogValueObject::new
crates/bacnet-objects/src/analog/value.rs	81	method	AnalogValueObject::new_with_config
crates/bacnet-objects/src/audit.rs	19	struct	AuditRecord
crates/bacnet-objects/src/audit.rs	191	struct	AuditReporterObject
crates/bacnet-objects/src/audit.rs	199	method	AuditReporterObject::new
crates/bacnet-objects/src/audit.rs	210	method	AuditReporterObject::set_description
crates/bacnet-objects/src/audit.rs	25	struct	AuditLogObject
crates/bacnet-objects/src/audit.rs	37	method	AuditLogObject::new
crates/bacnet-objects/src/audit.rs	52	method	AuditLogObject::add_record
crates/bacnet-objects/src/audit.rs	64	method	AuditLogObject::records
crates/bacnet-objects/src/audit.rs	69	method	AuditLogObject::set_description
crates/bacnet-objects/src/averaging.rs	19	struct	AveragingObject
crates/bacnet-objects/src/averaging.rs	36	method	AveragingObject::new
crates/bacnet-objects/src/averaging.rs	56	method	AveragingObject::add_sample
crates/bacnet-objects/src/averaging.rs	73	method	AveragingObject::set_object_property_reference
crates/bacnet-objects/src/averaging.rs	81	method	AveragingObject::set_description
crates/bacnet-objects/src/binary/input.rs	11	struct	BinaryInputObject
crates/bacnet-objects/src/binary/input.rs	34	method	BinaryInputObject::new
crates/bacnet-objects/src/binary/input.rs	58	method	BinaryInputObject::set_present_value
crates/bacnet-objects/src/binary/input.rs	63	method	BinaryInputObject::set_description
crates/bacnet-objects/src/binary/mod.rs	18	use	input
crates/bacnet-objects/src/binary/mod.rs	19	use	output
crates/bacnet-objects/src/binary/mod.rs	20	use	value
crates/bacnet-objects/src/binary/output.rs	11	struct	BinaryOutputObject
crates/bacnet-objects/src/binary/output.rs	37	method	BinaryOutputObject::new
crates/bacnet-objects/src/binary/output.rs	62	method	BinaryOutputObject::set_description
crates/bacnet-objects/src/binary/value.rs	11	struct	BinaryValueObject
crates/bacnet-objects/src/binary/value.rs	37	struct	BinaryValueConfig
crates/bacnet-objects/src/binary/value.rs	46	method	BinaryValueObject::new
crates/bacnet-objects/src/binary/value.rs	72	method	BinaryValueObject::new_with_config
crates/bacnet-objects/src/binary/value.rs	86	method	BinaryValueObject::set_configured_present_value
crates/bacnet-objects/src/binary/value.rs	99	method	BinaryValueObject::set_description
crates/bacnet-objects/src/color.rs	217	struct	ColorTemperatureObject
crates/bacnet-objects/src/color.rs	25	struct	ColorObject
crates/bacnet-objects/src/color.rs	250	method	ColorTemperatureObject::new
crates/bacnet-objects/src/color.rs	274	method	ColorTemperatureObject::set_present_value
crates/bacnet-objects/src/color.rs	279	method	ColorTemperatureObject::set_min_max
crates/bacnet-objects/src/color.rs	55	method	ColorObject::new
crates/bacnet-objects/src/color.rs	78	method	ColorObject::set_present_value
crates/bacnet-objects/src/command.rs	15	struct	CommandObject
crates/bacnet-objects/src/command.rs	30	method	CommandObject::new
crates/bacnet-objects/src/command.rs	47	method	CommandObject::set_action
crates/bacnet-objects/src/common.rs	13	fn	compute_status_flags
crates/bacnet-objects/src/common.rs	146	use	read_common_properties
crates/bacnet-objects/src/common.rs	150	fn	unknown_property_error
crates/bacnet-objects/src/common.rs	163	fn	write_out_of_service
crates/bacnet-objects/src/common.rs	190	fn	write_out_of_service_with_reliability_restore
crates/bacnet-objects/src/common.rs	225	fn	write_description
crates/bacnet-objects/src/common.rs	246	fn	write_object_name
crates/bacnet-objects/src/common.rs	269	fn	write_access_denied_error
crates/bacnet-objects/src/common.rs	278	fn	invalid_data_type_error
crates/bacnet-objects/src/common.rs	287	fn	value_out_of_range_error
crates/bacnet-objects/src/common.rs	297	fn	is_reliability_value_valid
crates/bacnet-objects/src/common.rs	303	fn	invalid_array_index_error
crates/bacnet-objects/src/common.rs	312	fn	reject_non_finite
crates/bacnet-objects/src/common.rs	322	fn	u64_to_u32
crates/bacnet-objects/src/common.rs	331	fn	recalculate_from_priority_array
crates/bacnet-objects/src/common.rs	347	struct	ValueSourceTracking
crates/bacnet-objects/src/common.rs	380	fn	current_command_priority
crates/bacnet-objects/src/common.rs	43	fn	protocol_error
crates/bacnet-objects/src/common.rs	435	use	read_generic_event_properties
crates/bacnet-objects/src/common.rs	463	use	read_analog_event_properties
crates/bacnet-objects/src/common.rs	534	use	write_analog_event_properties
crates/bacnet-objects/src/common.rs	56	fn	read_property_list_property
crates/bacnet-objects/src/common.rs	611	use	write_generic_event_properties
crates/bacnet-objects/src/common.rs	642	use	read_priority_array
crates/bacnet-objects/src/common.rs	671	use	write_priority_array
crates/bacnet-objects/src/common.rs	707	use	write_priority_array_direct
crates/bacnet-objects/src/common.rs	714	fn	write_cov_increment
crates/bacnet-objects/src/common.rs	749	fn	is_generic_event_property_writable
crates/bacnet-objects/src/common.rs	765	fn	is_event_property_writable
crates/bacnet-objects/src/common.rs	789	fn	is_commandable_property_writable
crates/bacnet-objects/src/common.rs	804	fn	is_common_writable
crates/bacnet-objects/src/common.rs	817	fn	is_multistate_commandable_writable
crates/bacnet-objects/src/common.rs	830	fn	is_multistate_input_writable
crates/bacnet-objects/src/database.rs	116	method	ObjectDatabase::update_name_index
crates/bacnet-objects/src/database.rs	126	method	ObjectDatabase::get
crates/bacnet-objects/src/database.rs	131	method	ObjectDatabase::get_mut
crates/bacnet-objects/src/database.rs	136	method	ObjectDatabase::remove
crates/bacnet-objects/src/database.rs	149	method	ObjectDatabase::list_objects
crates/bacnet-objects/src/database.rs	15	struct	ObjectDatabase
crates/bacnet-objects/src/database.rs	157	method	ObjectDatabase::find_by_type
crates/bacnet-objects/src/database.rs	167	method	ObjectDatabase::iter_objects
crates/bacnet-objects/src/database.rs	177	method	ObjectDatabase::for_each_object_mut
crates/bacnet-objects/src/database.rs	187	method	ObjectDatabase::len
crates/bacnet-objects/src/database.rs	192	method	ObjectDatabase::is_empty
crates/bacnet-objects/src/database.rs	31	method	ObjectDatabase::new
crates/bacnet-objects/src/database.rs	44	method	ObjectDatabase::add
crates/bacnet-objects/src/database.rs	88	method	ObjectDatabase::find_by_name
crates/bacnet-objects/src/database.rs	97	method	ObjectDatabase::check_name_available
crates/bacnet-objects/src/device/mod.rs	104	struct	DeviceConfig
crates/bacnet-objects/src/device/mod.rs	159	method	DeviceConfig::with_description
crates/bacnet-objects/src/device/mod.rs	165	method	DeviceConfig::with_protocol_revision
crates/bacnet-objects/src/device/mod.rs	174	struct	DeviceIdentity
crates/bacnet-objects/src/device/mod.rs	197	method	DeviceIdentity::from_config
crates/bacnet-objects/src/device/mod.rs	218	struct	DeviceObject
crates/bacnet-objects/src/device/mod.rs	236	method	DeviceObject::new
crates/bacnet-objects/src/device/mod.rs	29	const	EXECUTED_SERVICES
crates/bacnet-objects/src/device/mod.rs	446	method	DeviceObject::set_object_list
crates/bacnet-objects/src/device/mod.rs	456	method	DeviceObject::set_services_supported
crates/bacnet-objects/src/device/mod.rs	461	method	DeviceObject::instance
crates/bacnet-objects/src/device/mod.rs	466	method	DeviceObject::identity_snapshot
crates/bacnet-objects/src/device/mod.rs	471	method	DeviceObject::set_description
crates/bacnet-objects/src/device/mod.rs	481	method	DeviceObject::set_active_cov_subscriptions
crates/bacnet-objects/src/device/mod.rs	486	method	DeviceObject::add_cov_subscription
crates/bacnet-objects/src/elevator.rs	175	struct	EscalatorObject
crates/bacnet-objects/src/elevator.rs	198	method	EscalatorObject::new
crates/bacnet-objects/src/elevator.rs	20	struct	ElevatorGroupObject
crates/bacnet-objects/src/elevator.rs	330	struct	LiftObject
crates/bacnet-objects/src/elevator.rs	359	method	LiftObject::new
crates/bacnet-objects/src/elevator.rs	41	method	ElevatorGroupObject::new
crates/bacnet-objects/src/elevator.rs	59	method	ElevatorGroupObject::add_member
crates/bacnet-objects/src/event.rs	104	method	EventTransition::bit_mask
crates/bacnet-objects/src/event.rs	11	mod	history
crates/bacnet-objects/src/event.rs	115	method	EventTransition::index
crates/bacnet-objects/src/event.rs	128	struct	LimitEnable
crates/bacnet-objects/src/event.rs	134	const	NONE
crates/bacnet-objects/src/event.rs	139	const	BOTH
crates/bacnet-objects/src/event.rs	145	method	LimitEnable::to_bits
crates/bacnet-objects/src/event.rs	15	struct	EventStateChange
crates/bacnet-objects/src/event.rs	157	method	LimitEnable::from_bits
crates/bacnet-objects/src/event.rs	178	struct	PendingTransition
crates/bacnet-objects/src/event.rs	218	enum	FaultPrecedence
crates/bacnet-objects/src/event.rs	266	fn	fault_precedence
crates/bacnet-objects/src/event.rs	309	struct	OutOfRangeDetector
crates/bacnet-objects/src/event.rs	349	const	ALGORITHM
crates/bacnet-objects/src/event.rs	359	method	OutOfRangeDetector::evaluate
crates/bacnet-objects/src/event.rs	37	struct	TransitionOutcome
crates/bacnet-objects/src/event.rs	430	method	OutOfRangeDetector::probe
crates/bacnet-objects/src/event.rs	460	method	OutOfRangeDetector::tick
crates/bacnet-objects/src/event.rs	55	method	EventStateChange::event_type
crates/bacnet-objects/src/event.rs	568	struct	ChangeOfStateDetector
crates/bacnet-objects/src/event.rs	601	const	ALGORITHM
crates/bacnet-objects/src/event.rs	604	method	ChangeOfStateDetector::evaluate
crates/bacnet-objects/src/event.rs	644	method	ChangeOfStateDetector::probe
crates/bacnet-objects/src/event.rs	665	method	ChangeOfStateDetector::tick
crates/bacnet-objects/src/event.rs	68	method	EventStateChange::transition
crates/bacnet-objects/src/event.rs	728	struct	CommandFailureDetector
crates/bacnet-objects/src/event.rs	75	enum	EventTransition
crates/bacnet-objects/src/event.rs	758	const	ALGORITHM
crates/bacnet-objects/src/event.rs	761	method	CommandFailureDetector::evaluate
crates/bacnet-objects/src/event.rs	806	method	CommandFailureDetector::probe
crates/bacnet-objects/src/event.rs	832	method	CommandFailureDetector::tick
crates/bacnet-objects/src/event.rs	91	method	EventTransition::for_target_state
crates/bacnet-objects/src/event/history.rs	29	method	EventHistory::reset
crates/bacnet-objects/src/event/history.rs	39	method	EventHistory::read
crates/bacnet-objects/src/event/history.rs	8	struct	EventHistory
crates/bacnet-objects/src/event_enrollment/mod.rs	100	method	EventEnrollmentObject::set_description
crates/bacnet-objects/src/event_enrollment/mod.rs	105	method	EventEnrollmentObject::set_object_property_reference
crates/bacnet-objects/src/event_enrollment/mod.rs	113	method	EventEnrollmentObject::set_event_parameters
crates/bacnet-objects/src/event_enrollment/mod.rs	118	method	EventEnrollmentObject::set_fault_parameters
crates/bacnet-objects/src/event_enrollment/mod.rs	130	method	EventEnrollmentObject::set_event_state
crates/bacnet-objects/src/event_enrollment/mod.rs	138	method	EventEnrollmentObject::set_notification_class
crates/bacnet-objects/src/event_enrollment/mod.rs	143	method	EventEnrollmentObject::set_event_enable
crates/bacnet-objects/src/event_enrollment/mod.rs	20	struct	EventEnrollmentObject
crates/bacnet-objects/src/event_enrollment/mod.rs	401	struct	AlertEnrollmentObject
crates/bacnet-objects/src/event_enrollment/mod.rs	422	method	AlertEnrollmentObject::new
crates/bacnet-objects/src/event_enrollment/mod.rs	43	method	EventEnrollmentObject::new
crates/bacnet-objects/src/event_log.rs	19	struct	EventLogObject
crates/bacnet-objects/src/event_log.rs	37	method	EventLogObject::new
crates/bacnet-objects/src/event_log.rs	57	method	EventLogObject::add_record
crates/bacnet-objects/src/event_log.rs	72	method	EventLogObject::records
crates/bacnet-objects/src/event_log.rs	77	method	EventLogObject::clear
crates/bacnet-objects/src/event_log.rs	82	method	EventLogObject::set_description
crates/bacnet-objects/src/file.rs	100	method	FileObject::set_data
crates/bacnet-objects/src/file.rs	106	method	FileObject::data
crates/bacnet-objects/src/file.rs	111	method	FileObject::set_file_access_method
crates/bacnet-objects/src/file.rs	121	method	FileObject::set_records
crates/bacnet-objects/src/file.rs	129	method	FileObject::records
crates/bacnet-objects/src/file.rs	134	method	FileObject::set_modification_date
crates/bacnet-objects/src/file.rs	139	method	FileObject::set_archive
crates/bacnet-objects/src/file.rs	144	method	FileObject::set_read_only
crates/bacnet-objects/src/file.rs	149	method	FileObject::file_size
crates/bacnet-objects/src/file.rs	154	method	FileObject::archive
crates/bacnet-objects/src/file.rs	159	method	FileObject::read_only
crates/bacnet-objects/src/file.rs	23	struct	FileObject
crates/bacnet-objects/src/file.rs	51	method	FileObject::new
crates/bacnet-objects/src/file.rs	90	method	FileObject::set_description
crates/bacnet-objects/src/file.rs	95	method	FileObject::set_file_type
crates/bacnet-objects/src/forwarder.rs	15	struct	NotificationForwarderObject
crates/bacnet-objects/src/forwarder.rs	34	method	NotificationForwarderObject::new
crates/bacnet-objects/src/group.rs	143	struct	GlobalGroupObject
crates/bacnet-objects/src/group.rs	160	method	GlobalGroupObject::new
crates/bacnet-objects/src/group.rs	25	struct	GroupObject
crates/bacnet-objects/src/group.rs	273	struct	StructuredViewObject
crates/bacnet-objects/src/group.rs	292	method	StructuredViewObject::new
crates/bacnet-objects/src/group.rs	309	method	StructuredViewObject::add_subordinate
crates/bacnet-objects/src/group.rs	40	method	GroupObject::new
crates/bacnet-objects/src/group.rs	55	method	GroupObject::add_member
crates/bacnet-objects/src/group.rs	60	method	GroupObject::clear_members
crates/bacnet-objects/src/lib.rs	10	mod	command
crates/bacnet-objects/src/lib.rs	11	mod	common
crates/bacnet-objects/src/lib.rs	12	mod	database
crates/bacnet-objects/src/lib.rs	13	mod	device
crates/bacnet-objects/src/lib.rs	14	mod	elevator
crates/bacnet-objects/src/lib.rs	15	mod	event
crates/bacnet-objects/src/lib.rs	16	mod	event_enrollment
crates/bacnet-objects/src/lib.rs	17	mod	event_log
crates/bacnet-objects/src/lib.rs	18	mod	file
crates/bacnet-objects/src/lib.rs	19	mod	forwarder
crates/bacnet-objects/src/lib.rs	20	mod	group
crates/bacnet-objects/src/lib.rs	21	mod	life_safety
crates/bacnet-objects/src/lib.rs	22	mod	lighting
crates/bacnet-objects/src/lib.rs	23	mod	load_control
crates/bacnet-objects/src/lib.rs	24	mod	loop_obj
crates/bacnet-objects/src/lib.rs	25	mod	multistate
crates/bacnet-objects/src/lib.rs	26	mod	network_port
crates/bacnet-objects/src/lib.rs	27	mod	notification_class
crates/bacnet-objects/src/lib.rs	28	mod	program
crates/bacnet-objects/src/lib.rs	29	mod	schedule
crates/bacnet-objects/src/lib.rs	3	mod	access_control
crates/bacnet-objects/src/lib.rs	30	mod	staging
crates/bacnet-objects/src/lib.rs	31	mod	timer
crates/bacnet-objects/src/lib.rs	32	mod	traits
crates/bacnet-objects/src/lib.rs	33	mod	trend
crates/bacnet-objects/src/lib.rs	34	mod	value_types
crates/bacnet-objects/src/lib.rs	4	mod	accumulator
crates/bacnet-objects/src/lib.rs	5	mod	analog
crates/bacnet-objects/src/lib.rs	6	mod	audit
crates/bacnet-objects/src/lib.rs	7	mod	averaging
crates/bacnet-objects/src/lib.rs	8	mod	binary
crates/bacnet-objects/src/lib.rs	9	mod	color
crates/bacnet-objects/src/life_safety.rs	101	method	LifeSafetyPointObject::add_member
crates/bacnet-objects/src/life_safety.rs	21	struct	LifeSafetyPointObject
crates/bacnet-objects/src/life_safety.rs	251	struct	LifeSafetyZoneObject
crates/bacnet-objects/src/life_safety.rs	278	method	LifeSafetyZoneObject::new
crates/bacnet-objects/src/life_safety.rs	297	method	LifeSafetyZoneObject::set_present_value
crates/bacnet-objects/src/life_safety.rs	302	method	LifeSafetyZoneObject::set_mode
crates/bacnet-objects/src/life_safety.rs	307	method	LifeSafetyZoneObject::set_description
crates/bacnet-objects/src/life_safety.rs	312	method	LifeSafetyZoneObject::add_zone_member
crates/bacnet-objects/src/life_safety.rs	54	method	LifeSafetyPointObject::new
crates/bacnet-objects/src/life_safety.rs	76	method	LifeSafetyPointObject::set_present_value
crates/bacnet-objects/src/life_safety.rs	81	method	LifeSafetyPointObject::set_mode
crates/bacnet-objects/src/life_safety.rs	86	method	LifeSafetyPointObject::set_tracking_value
crates/bacnet-objects/src/life_safety.rs	91	method	LifeSafetyPointObject::set_direct_reading
crates/bacnet-objects/src/life_safety.rs	96	method	LifeSafetyPointObject::set_description
crates/bacnet-objects/src/lighting/mod.rs	23	struct	LightingOutputObject
crates/bacnet-objects/src/lighting/mod.rs	260	struct	BinaryLightingOutputObject
crates/bacnet-objects/src/lighting/mod.rs	281	method	BinaryLightingOutputObject::new
crates/bacnet-objects/src/lighting/mod.rs	300	method	BinaryLightingOutputObject::set_description
crates/bacnet-objects/src/lighting/mod.rs	450	struct	ChannelObject
crates/bacnet-objects/src/lighting/mod.rs	47	method	LightingOutputObject::new
crates/bacnet-objects/src/lighting/mod.rs	472	method	ChannelObject::new
crates/bacnet-objects/src/lighting/mod.rs	490	method	ChannelObject::set_description
crates/bacnet-objects/src/lighting/mod.rs	70	method	LightingOutputObject::set_description
crates/bacnet-objects/src/load_control.rs	16	struct	LoadControlObject
crates/bacnet-objects/src/load_control.rs	37	method	LoadControlObject::new
crates/bacnet-objects/src/load_control.rs	70	method	LoadControlObject::set_requested_shed_level
crates/bacnet-objects/src/load_control.rs	75	method	LoadControlObject::set_actual_shed_level
crates/bacnet-objects/src/loop_obj.rs	16	struct	LoopObject
crates/bacnet-objects/src/loop_obj.rs	36	method	LoopObject::new
crates/bacnet-objects/src/loop_obj.rs	59	method	LoopObject::set_present_value
crates/bacnet-objects/src/loop_obj.rs	64	method	LoopObject::set_description
crates/bacnet-objects/src/loop_obj.rs	70	method	LoopObject::set_controlled_variable_reference
crates/bacnet-objects/src/loop_obj.rs	76	method	LoopObject::set_manipulated_variable_reference
crates/bacnet-objects/src/loop_obj.rs	82	method	LoopObject::set_setpoint_reference
crates/bacnet-objects/src/multistate/input.rs	11	struct	MultiStateInputObject
crates/bacnet-objects/src/multistate/input.rs	32	method	MultiStateInputObject::new
crates/bacnet-objects/src/multistate/input.rs	59	method	MultiStateInputObject::set_alarm_values
crates/bacnet-objects/src/multistate/input.rs	64	method	MultiStateInputObject::set_present_value
crates/bacnet-objects/src/multistate/input.rs	69	method	MultiStateInputObject::set_description
crates/bacnet-objects/src/multistate/mod.rs	19	const	MAX_ALARM_VALUES
crates/bacnet-objects/src/multistate/mod.rs	67	use	input
crates/bacnet-objects/src/multistate/mod.rs	68	use	output
crates/bacnet-objects/src/multistate/mod.rs	69	use	value
crates/bacnet-objects/src/multistate/output.rs	12	struct	MultiStateOutputObject
crates/bacnet-objects/src/multistate/output.rs	36	method	MultiStateOutputObject::new
crates/bacnet-objects/src/multistate/output.rs	67	method	MultiStateOutputObject::set_description
crates/bacnet-objects/src/multistate/value.rs	108	method	MultiStateValueObject::set_configured_present_value
crates/bacnet-objects/src/multistate/value.rs	11	struct	MultiStateValueObject
crates/bacnet-objects/src/multistate/value.rs	118	method	MultiStateValueObject::set_description
crates/bacnet-objects/src/multistate/value.rs	37	struct	MultiStateValueConfig
crates/bacnet-objects/src/multistate/value.rs	49	method	MultiStateValueObject::new
crates/bacnet-objects/src/multistate/value.rs	79	method	MultiStateValueObject::new_with_config
crates/bacnet-objects/src/multistate/value.rs	99	method	MultiStateValueObject::set_state_text
crates/bacnet-objects/src/network_port.rs	100	method	NetworkPortObject::set_mac_address
crates/bacnet-objects/src/network_port.rs	105	method	NetworkPortObject::set_network_number
crates/bacnet-objects/src/network_port.rs	110	method	NetworkPortObject::set_link_speed
crates/bacnet-objects/src/network_port.rs	115	method	NetworkPortObject::set_udp_port
crates/bacnet-objects/src/network_port.rs	21	struct	NetworkPortObject
crates/bacnet-objects/src/network_port.rs	56	method	NetworkPortObject::new
crates/bacnet-objects/src/network_port.rs	80	method	NetworkPortObject::set_description
crates/bacnet-objects/src/network_port.rs	85	method	NetworkPortObject::set_ip_address
crates/bacnet-objects/src/network_port.rs	90	method	NetworkPortObject::set_ip_default_gateway
crates/bacnet-objects/src/network_port.rs	95	method	NetworkPortObject::set_ip_subnet_mask
crates/bacnet-objects/src/notification_class/mod.rs	368	fn	local_day_and_time
crates/bacnet-objects/src/notification_class/mod.rs	41	struct	NotificationClass
crates/bacnet-objects/src/notification_class/mod.rs	436	fn	resolve_transition_priority_ack
crates/bacnet-objects/src/notification_class/mod.rs	490	fn	get_notification_recipients
crates/bacnet-objects/src/notification_class/mod.rs	511	fn	filter_recipient_list
crates/bacnet-objects/src/notification_class/mod.rs	62	method	NotificationClass::new
crates/bacnet-objects/src/notification_class/mod.rs	79	method	NotificationClass::set_description
crates/bacnet-objects/src/notification_class/mod.rs	84	method	NotificationClass::add_destination
crates/bacnet-objects/src/program.rs	18	struct	ProgramObject
crates/bacnet-objects/src/program.rs	32	method	ProgramObject::new
crates/bacnet-objects/src/program.rs	48	method	ProgramObject::set_program_state
crates/bacnet-objects/src/program.rs	53	method	ProgramObject::set_reason_for_halt
crates/bacnet-objects/src/schedule/mod.rs	181	struct	ScheduleObject
crates/bacnet-objects/src/schedule/mod.rs	200	method	ScheduleObject::new
crates/bacnet-objects/src/schedule/mod.rs	224	method	ScheduleObject::set_present_value
crates/bacnet-objects/src/schedule/mod.rs	229	method	ScheduleObject::set_description
crates/bacnet-objects/src/schedule/mod.rs	234	method	ScheduleObject::set_weekly_schedule
crates/bacnet-objects/src/schedule/mod.rs	24	struct	CalendarObject
crates/bacnet-objects/src/schedule/mod.rs	241	method	ScheduleObject::add_exception
crates/bacnet-objects/src/schedule/mod.rs	246	method	ScheduleObject::set_effective_period
crates/bacnet-objects/src/schedule/mod.rs	251	method	ScheduleObject::add_object_property_reference
crates/bacnet-objects/src/schedule/mod.rs	256	method	ScheduleObject::present_value
crates/bacnet-objects/src/schedule/mod.rs	264	method	ScheduleObject::evaluate
crates/bacnet-objects/src/schedule/mod.rs	34	method	CalendarObject::new
crates/bacnet-objects/src/schedule/mod.rs	47	method	CalendarObject::set_present_value
crates/bacnet-objects/src/schedule/mod.rs	52	method	CalendarObject::set_description
crates/bacnet-objects/src/schedule/mod.rs	57	method	CalendarObject::add_date_entry
crates/bacnet-objects/src/schedule/mod.rs	62	method	CalendarObject::clear_date_list
crates/bacnet-objects/src/staging.rs	16	struct	StagingObject
crates/bacnet-objects/src/staging.rs	32	method	StagingObject::new
crates/bacnet-objects/src/staging.rs	50	method	StagingObject::set_stage_name
crates/bacnet-objects/src/timer.rs	100	method	TimerObject::set_update_time
crates/bacnet-objects/src/timer.rs	105	method	TimerObject::set_expiration_time
crates/bacnet-objects/src/timer.rs	20	struct	TimerObject
crates/bacnet-objects/src/timer.rs	38	method	TimerObject::new
crates/bacnet-objects/src/timer.rs	83	method	TimerObject::start
crates/bacnet-objects/src/timer.rs	89	method	TimerObject::stop
crates/bacnet-objects/src/timer.rs	95	method	TimerObject::set_initial_timeout
crates/bacnet-objects/src/traits.rs	17	trait	BACnetObject
crates/bacnet-objects/src/traits.rs	240	fn	historical_writable_default
crates/bacnet-objects/src/trend/mod.rs	18	struct	TrendLogObject
crates/bacnet-objects/src/trend/mod.rs	343	struct	TrendLogMultipleObject
crates/bacnet-objects/src/trend/mod.rs	36	method	TrendLogObject::new
crates/bacnet-objects/src/trend/mod.rs	361	method	TrendLogMultipleObject::new
crates/bacnet-objects/src/trend/mod.rs	382	method	TrendLogMultipleObject::add_record
crates/bacnet-objects/src/trend/mod.rs	397	method	TrendLogMultipleObject::add_property_reference
crates/bacnet-objects/src/trend/mod.rs	402	method	TrendLogMultipleObject::records
crates/bacnet-objects/src/trend/mod.rs	407	method	TrendLogMultipleObject::clear
crates/bacnet-objects/src/trend/mod.rs	412	method	TrendLogMultipleObject::set_description
crates/bacnet-objects/src/trend/mod.rs	417	method	TrendLogMultipleObject::set_logging_type
crates/bacnet-objects/src/trend/mod.rs	57	method	TrendLogObject::add_record
crates/bacnet-objects/src/trend/mod.rs	72	method	TrendLogObject::records
crates/bacnet-objects/src/trend/mod.rs	77	method	TrendLogObject::clear
crates/bacnet-objects/src/trend/mod.rs	82	method	TrendLogObject::set_description
crates/bacnet-objects/src/trend/mod.rs	87	method	TrendLogObject::set_log_device_object_property
crates/bacnet-objects/src/trend/mod.rs	95	method	TrendLogObject::set_logging_type
crates/bacnet-objects/src/value_types/mod.rs	267	struct	$struct_name
crates/bacnet-objects/src/value_types/mod.rs	279	method	$struct_name::new
crates/bacnet-objects/src/value_types/mod.rs	40	struct	$struct_name
crates/bacnet-objects/src/value_types/mod.rs	505	struct	CharacterStringValueConfig
crates/bacnet-objects/src/value_types/mod.rs	514	method	CharacterStringValueObject::new_with_config
crates/bacnet-objects/src/value_types/mod.rs	527	method	CharacterStringValueObject::set_configured_present_value
crates/bacnet-objects/src/value_types/mod.rs	533	method	CharacterStringValueObject::set_description
crates/bacnet-objects/src/value_types/mod.rs	55	method	$struct_name::new
crates/bacnet-runtime/src/batch.rs	100	struct	WriteOutcome
crates/bacnet-runtime/src/batch.rs	11	enum	FreshnessPolicy
crates/bacnet-runtime/src/batch.rs	119	struct	ReadBatchOperation
crates/bacnet-runtime/src/batch.rs	126	method	ReadBatchOperation::new
crates/bacnet-runtime/src/batch.rs	134	method	ReadBatchOperation::result
crates/bacnet-runtime/src/batch.rs	143	struct	WriteBatchOperation
crates/bacnet-runtime/src/batch.rs	150	method	WriteBatchOperation::new
crates/bacnet-runtime/src/batch.rs	158	method	WriteBatchOperation::result
crates/bacnet-runtime/src/batch.rs	165	fn	outcome_error
crates/bacnet-runtime/src/batch.rs	20	enum	ReadSource
crates/bacnet-runtime/src/batch.rs	29	struct	ReadBatchItem
crates/bacnet-runtime/src/batch.rs	42	struct	ReadBatch
crates/bacnet-runtime/src/batch.rs	53	struct	ReadOutcome
crates/bacnet-runtime/src/batch.rs	70	struct	WriteBatchItem
crates/bacnet-runtime/src/batch.rs	89	struct	WriteBatch
crates/bacnet-runtime/src/cache.rs	16	struct	CachedValue
crates/bacnet-runtime/src/cache.rs	23	struct	ValueCache
crates/bacnet-runtime/src/cache.rs	28	method	ValueCache::insert
crates/bacnet-runtime/src/cache.rs	44	method	ValueCache::get_fresh
crates/bacnet-runtime/src/cache.rs	55	method	ValueCache::remove
crates/bacnet-runtime/src/cache.rs	59	method	ValueCache::remove_attachment
crates/bacnet-runtime/src/cache.rs	64	method	ValueCache::len
crates/bacnet-runtime/src/capability.rs	101	method	CapabilityCache::record_rpm_unsupported
crates/bacnet-runtime/src/capability.rs	110	method	CapabilityCache::record_object_list_success
crates/bacnet-runtime/src/capability.rs	122	method	CapabilityCache::remove_attachment
crates/bacnet-runtime/src/capability.rs	128	method	CapabilityCache::len
crates/bacnet-runtime/src/capability.rs	133	method	CapabilityCache::is_empty
crates/bacnet-runtime/src/capability.rs	19	enum	ObjectListStrategy
crates/bacnet-runtime/src/capability.rs	30	enum	ObjectListAttempt
crates/bacnet-runtime/src/capability.rs	41	struct	DeviceCapabilities
crates/bacnet-runtime/src/capability.rs	54	struct	CapabilityCache
crates/bacnet-runtime/src/capability.rs	60	method	CapabilityCache::get
crates/bacnet-runtime/src/capability.rs	65	method	CapabilityCache::object_list_attempts
crates/bacnet-runtime/src/capability.rs	7	enum	Support
crates/bacnet-runtime/src/capability.rs	90	method	CapabilityCache::record_rpm_success
crates/bacnet-runtime/src/catalog.rs	10	enum	ScanPriority
crates/bacnet-runtime/src/catalog.rs	185	method	PropertyCatalog::version
crates/bacnet-runtime/src/catalog.rs	190	method	PropertyCatalog::sha256_hex
crates/bacnet-runtime/src/catalog.rs	195	method	PropertyCatalog::object
crates/bacnet-runtime/src/catalog.rs	200	method	PropertyCatalog::object_count
crates/bacnet-runtime/src/catalog.rs	205	method	PropertyCatalog::object_type_by_name
crates/bacnet-runtime/src/catalog.rs	21	struct	PropertySpec
crates/bacnet-runtime/src/catalog.rs	210	method	PropertyCatalog::properties_for
crates/bacnet-runtime/src/catalog.rs	38	struct	ObjectCatalog
crates/bacnet-runtime/src/catalog.rs	49	struct	PropertyCatalog
crates/bacnet-runtime/src/catalog.rs	83	method	PropertyCatalog::load
crates/bacnet-runtime/src/config.rs	10	struct	AttachmentId
crates/bacnet-runtime/src/config.rs	105	enum	TransportConfig
crates/bacnet-runtime/src/config.rs	116	struct	AttachmentConfig
crates/bacnet-runtime/src/config.rs	127	struct	RuntimeConfig
crates/bacnet-runtime/src/config.rs	14	method	AttachmentId::from_bytes
crates/bacnet-runtime/src/config.rs	162	method	RuntimeConfig::validate
crates/bacnet-runtime/src/config.rs	19	method	AttachmentId::as_bytes
crates/bacnet-runtime/src/config.rs	199	fn	validate_attachments
crates/bacnet-runtime/src/config.rs	44	struct	BipConfig
crates/bacnet-runtime/src/config.rs	63	struct	MstpConfig
crates/bacnet-runtime/src/config.rs	78	struct	ScConfig
crates/bacnet-runtime/src/device.rs	103	struct	DeviceIndexChange
crates/bacnet-runtime/src/device.rs	116	struct	DeviceIndex
crates/bacnet-runtime/src/device.rs	126	method	DeviceIndex::new
crates/bacnet-runtime/src/device.rs	134	method	DeviceIndex::revision
crates/bacnet-runtime/src/device.rs	139	method	DeviceIndex::device_count
crates/bacnet-runtime/src/device.rs	144	method	DeviceIndex::observation_count
crates/bacnet-runtime/src/device.rs	149	method	DeviceIndex::set_attachment_order
crates/bacnet-runtime/src/device.rs	154	method	DeviceIndex::set_attachment_health
crates/bacnet-runtime/src/device.rs	16	enum	DevicePath
crates/bacnet-runtime/src/device.rs	163	method	DeviceIndex::set_preferred
crates/bacnet-runtime/src/device.rs	172	method	DeviceIndex::upsert
crates/bacnet-runtime/src/device.rs	206	method	DeviceIndex::get
crates/bacnet-runtime/src/device.rs	213	method	DeviceIndex::selection
crates/bacnet-runtime/src/device.rs	254	method	DeviceIndex::remove_attachment
crates/bacnet-runtime/src/device.rs	35	struct	DeviceObservation
crates/bacnet-runtime/src/device.rs	53	struct	PersistedDevice
crates/bacnet-runtime/src/device.rs	66	struct	DeviceRestoreReport
crates/bacnet-runtime/src/device.rs	7	struct	DeviceKey
crates/bacnet-runtime/src/device.rs	79	struct	DeviceSelection
crates/bacnet-runtime/src/device.rs	90	enum	DeviceIndexChangeKind
crates/bacnet-runtime/src/device_scan.rs	22	struct	DeviceScanSnapshot
crates/bacnet-runtime/src/device_scan.rs	7	struct	DeviceScanRequest
crates/bacnet-runtime/src/discovery.rs	12	struct	DiscoveryRequest
crates/bacnet-runtime/src/discovery.rs	45	struct	RouterObservation
crates/bacnet-runtime/src/discovery.rs	56	struct	DiscoverySnapshot
crates/bacnet-runtime/src/discovery.rs	69	fn	device_observation
crates/bacnet-runtime/src/discovery.rs	95	fn	router_observation
crates/bacnet-runtime/src/error.rs	102	method	RuntimeError::attachment_start
crates/bacnet-runtime/src/error.rs	131	method	RuntimeError::serial_unavailable
crates/bacnet-runtime/src/error.rs	143	method	RuntimeError::tls_config
crates/bacnet-runtime/src/error.rs	155	method	RuntimeError::sc_connect
crates/bacnet-runtime/src/error.rs	172	method	RuntimeError::stale_revision
crates/bacnet-runtime/src/error.rs	181	method	RuntimeError::rollback_failed
crates/bacnet-runtime/src/error.rs	196	method	RuntimeError::stopped
crates/bacnet-runtime/src/error.rs	205	method	RuntimeError::operation
crates/bacnet-runtime/src/error.rs	226	method	RuntimeError::attachment_not_found
crates/bacnet-runtime/src/error.rs	235	method	RuntimeError::device_not_found
crates/bacnet-runtime/src/error.rs	247	method	RuntimeError::deadline_exceeded
crates/bacnet-runtime/src/error.rs	256	method	RuntimeError::property_error
crates/bacnet-runtime/src/error.rs	265	method	RuntimeError::decode
crates/bacnet-runtime/src/error.rs	274	method	RuntimeError::internal
crates/bacnet-runtime/src/error.rs	283	method	RuntimeError::cancelled
crates/bacnet-runtime/src/error.rs	6	enum	ErrorCode
crates/bacnet-runtime/src/error.rs	60	struct	RuntimeError
crates/bacnet-runtime/src/error.rs	72	method	RuntimeError::invalid_config
crates/bacnet-runtime/src/error.rs	81	method	RuntimeError::unsupported_transport
crates/bacnet-runtime/src/error.rs	90	method	RuntimeError::invalid_attachment_config
crates/bacnet-runtime/src/event.rs	134	enum	EventKind
crates/bacnet-runtime/src/event.rs	17	struct	ObservedCovValue
crates/bacnet-runtime/src/event.rs	210	struct	RuntimeEvent
crates/bacnet-runtime/src/event.rs	223	struct	EventBatch
crates/bacnet-runtime/src/event.rs	237	struct	EventBus
crates/bacnet-runtime/src/event.rs	247	method	EventBus::new
crates/bacnet-runtime/src/event.rs	263	method	EventBus::publish
crates/bacnet-runtime/src/event.rs	289	method	EventBus::next_batch
crates/bacnet-runtime/src/event.rs	30	struct	UnsolicitedCovNotification
crates/bacnet-runtime/src/event.rs	331	method	EventBus::queue_depth
crates/bacnet-runtime/src/event.rs	335	method	EventBus::lag_count
crates/bacnet-runtime/src/event.rs	339	method	EventBus::clear
crates/bacnet-runtime/src/event.rs	79	struct	IAmObservation
crates/bacnet-runtime/src/executor.rs	107	method	ScanExecutor::rp_success
crates/bacnet-runtime/src/executor.rs	116	method	ScanExecutor::operation_failure
crates/bacnet-runtime/src/executor.rs	24	struct	PropertyOutcome
crates/bacnet-runtime/src/executor.rs	36	struct	ScanExecutor
crates/bacnet-runtime/src/executor.rs	42	method	ScanExecutor::reconcile_rpm
crates/bacnet-runtime/src/executor.rs	9	struct	OutcomeError
crates/bacnet-runtime/src/health.rs	22	struct	AttachmentHealth
crates/bacnet-runtime/src/health.rs	41	struct	RuntimeHealth
crates/bacnet-runtime/src/health.rs	5	enum	AttachmentState
crates/bacnet-runtime/src/health.rs	76	struct	StopReport
crates/bacnet-runtime/src/health.rs	89	struct	ReconcileReport
crates/bacnet-runtime/src/lib.rs	25	use	bacnet_transport
crates/bacnet-runtime/src/lib.rs	26	use	batch
crates/bacnet-runtime/src/lib.rs	30	use	capability
crates/bacnet-runtime/src/lib.rs	33	use	catalog
crates/bacnet-runtime/src/lib.rs	34	use	config
crates/bacnet-runtime/src/lib.rs	37	use	device
crates/bacnet-runtime/src/lib.rs	41	use	device_scan
crates/bacnet-runtime/src/lib.rs	42	use	discovery
crates/bacnet-runtime/src/lib.rs	43	use	error
crates/bacnet-runtime/src/lib.rs	44	use	event
crates/bacnet-runtime/src/lib.rs	48	use	executor
crates/bacnet-runtime/src/lib.rs	49	use	health
crates/bacnet-runtime/src/lib.rs	50	use	observation
crates/bacnet-runtime/src/lib.rs	53	use	planner
crates/bacnet-runtime/src/lib.rs	54	use	runtime
crates/bacnet-runtime/src/lib.rs	55	use	scan
crates/bacnet-runtime/src/lib.rs	56	use	scheduler
crates/bacnet-runtime/src/lib.rs	57	use	topology
crates/bacnet-runtime/src/lib.rs	61	use	transport
crates/bacnet-runtime/src/observation.rs	103	struct	ObservationRegistry
crates/bacnet-runtime/src/observation.rs	109	method	ObservationRegistry::diff
crates/bacnet-runtime/src/observation.rs	160	method	ObservationRegistry::commit
crates/bacnet-runtime/src/observation.rs	173	method	ObservationRegistry::get
crates/bacnet-runtime/src/observation.rs	177	method	ObservationRegistry::for_attachment
crates/bacnet-runtime/src/observation.rs	188	method	ObservationRegistry::len
crates/bacnet-runtime/src/observation.rs	192	method	ObservationRegistry::remove_attachment
crates/bacnet-runtime/src/observation.rs	21	struct	ObservationSpec
crates/bacnet-runtime/src/observation.rs	35	method	ObservationSpec::validate
crates/bacnet-runtime/src/observation.rs	57	struct	ObservationPlan
crates/bacnet-runtime/src/observation.rs	66	struct	ObservationChanges
crates/bacnet-runtime/src/observation.rs	77	struct	ObservationReport
crates/bacnet-runtime/src/observation.rs	8	struct	ObservationKey
crates/bacnet-runtime/src/observation.rs	92	struct	CovValue
crates/bacnet-runtime/src/planner.rs	11	struct	PropertyRead
crates/bacnet-runtime/src/planner.rs	28	struct	PlannedProperty
crates/bacnet-runtime/src/planner.rs	41	struct	PlanLimits
crates/bacnet-runtime/src/planner.rs	52	struct	RpmBatch
crates/bacnet-runtime/src/planner.rs	66	struct	ScanPlanner
crates/bacnet-runtime/src/planner.rs	70	method	ScanPlanner::catalog_reads
crates/bacnet-runtime/src/planner.rs	88	method	ScanPlanner::plan_rpm
crates/bacnet-runtime/src/registry.rs	100	struct	AttachmentRegistry
crates/bacnet-runtime/src/registry.rs	107	method	AttachmentRegistry::start
crates/bacnet-runtime/src/registry.rs	130	method	AttachmentRegistry::health
crates/bacnet-runtime/src/registry.rs	151	method	AttachmentRegistry::configs
crates/bacnet-runtime/src/registry.rs	158	method	AttachmentRegistry::len
crates/bacnet-runtime/src/registry.rs	162	method	AttachmentRegistry::background_task_count
crates/bacnet-runtime/src/registry.rs	169	method	AttachmentRegistry::transport
crates/bacnet-runtime/src/registry.rs	179	method	AttachmentRegistry::cov_receiver
crates/bacnet-runtime/src/registry.rs	196	method	AttachmentRegistry::i_am_receiver
crates/bacnet-runtime/src/registry.rs	213	method	AttachmentRegistry::attachment_epoch
crates/bacnet-runtime/src/registry.rs	217	method	AttachmentRegistry::attachment_epochs
crates/bacnet-runtime/src/registry.rs	225	method	AttachmentRegistry::has_reserved_i_am_receiver
crates/bacnet-runtime/src/registry.rs	236	method	AttachmentRegistry::has_reserved_cov_receiver
crates/bacnet-runtime/src/registry.rs	246	method	AttachmentRegistry::discover
crates/bacnet-runtime/src/registry.rs	271	method	AttachmentRegistry::topology
crates/bacnet-runtime/src/registry.rs	316	method	AttachmentRegistry::seed_device
crates/bacnet-runtime/src/registry.rs	324	method	AttachmentRegistry::reconcile
crates/bacnet-runtime/src/registry.rs	513	method	AttachmentRegistry::stop_all
crates/bacnet-runtime/src/registry.rs	93	struct	RegistryReconcile
crates/bacnet-runtime/src/runtime.rs	126	struct	BacnetRuntime
crates/bacnet-runtime/src/runtime/batch.rs	191	method	BacnetRuntime::execute_write_batch
crates/bacnet-runtime/src/runtime/batch.rs	238	method	BacnetRuntime::execute_write_group
crates/bacnet-runtime/src/runtime/batch.rs	28	method	BacnetRuntime::submit_write_batch
crates/bacnet-runtime/src/runtime/batch.rs	322	method	BacnetRuntime::execute_write_item
crates/bacnet-runtime/src/runtime/batch.rs	5	method	BacnetRuntime::submit_read_batch
crates/bacnet-runtime/src/runtime/batch.rs	51	method	BacnetRuntime::cancel
crates/bacnet-runtime/src/runtime/batch.rs	77	method	BacnetRuntime::read_batch
crates/bacnet-runtime/src/runtime/batch.rs	82	method	BacnetRuntime::write_batch
crates/bacnet-runtime/src/runtime/batch.rs	90	method	BacnetRuntime::execute_read_batch
crates/bacnet-runtime/src/runtime/helpers.rs	125	fn	work_loop
crates/bacnet-runtime/src/runtime/helpers.rs	205	fn	cancel_queued
crates/bacnet-runtime/src/runtime/helpers.rs	217	fn	validate_unique_indices
crates/bacnet-runtime/src/runtime/helpers.rs	231	fn	read_failure
crates/bacnet-runtime/src/runtime/helpers.rs	3	fn	validate_persisted_path
crates/bacnet-runtime/src/runtime/helpers.rs	43	fn	decode_object_list
crates/bacnet-runtime/src/runtime/helpers.rs	73	fn	enumerate_indexed
crates/bacnet-runtime/src/runtime/lifecycle.rs	105	method	BacnetRuntime::next_events
crates/bacnet-runtime/src/runtime/lifecycle.rs	110	method	BacnetRuntime::discover
crates/bacnet-runtime/src/runtime/lifecycle.rs	166	method	BacnetRuntime::topology
crates/bacnet-runtime/src/runtime/lifecycle.rs	207	method	BacnetRuntime::reconcile
crates/bacnet-runtime/src/runtime/lifecycle.rs	320	method	BacnetRuntime::restore_devices
crates/bacnet-runtime/src/runtime/lifecycle.rs	392	method	BacnetRuntime::stop
crates/bacnet-runtime/src/runtime/lifecycle.rs	5	method	BacnetRuntime::start
crates/bacnet-runtime/src/runtime/lifecycle.rs	70	method	BacnetRuntime::health
crates/bacnet-runtime/src/runtime/observation.rs	112	method	BacnetRuntime::start_cov_renewal
crates/bacnet-runtime/src/runtime/observation.rs	173	method	BacnetRuntime::stop_cov_renewal
crates/bacnet-runtime/src/runtime/observation.rs	179	method	BacnetRuntime::ensure_cov_pump
crates/bacnet-runtime/src/runtime/observation.rs	187	method	BacnetRuntime::ensure_cov_pump_locked
crates/bacnet-runtime/src/runtime/observation.rs	293	method	BacnetRuntime::synchronize_cov_pumps
crates/bacnet-runtime/src/runtime/observation.rs	298	method	BacnetRuntime::synchronize_cov_pumps_locked
crates/bacnet-runtime/src/runtime/observation.rs	321	method	BacnetRuntime::handle_cov_notification
crates/bacnet-runtime/src/runtime/observation.rs	418	method	BacnetRuntime::record_cov_lag
crates/bacnet-runtime/src/runtime/observation.rs	432	method	BacnetRuntime::ensure_i_am_pump
crates/bacnet-runtime/src/runtime/observation.rs	5	method	BacnetRuntime::apply_observation_plan
crates/bacnet-runtime/src/runtime/observation.rs	510	method	BacnetRuntime::synchronize_i_am_pumps
crates/bacnet-runtime/src/runtime/observation.rs	533	method	BacnetRuntime::record_i_am_lag
crates/bacnet-runtime/src/runtime/observation.rs	547	method	BacnetRuntime::drop_cov_attachment
crates/bacnet-runtime/src/runtime/observation.rs	566	method	BacnetRuntime::refresh_cov_attachment
crates/bacnet-runtime/src/runtime/observation.rs	76	method	BacnetRuntime::rollback_cov
crates/bacnet-runtime/src/runtime/observation.rs	86	method	BacnetRuntime::set_cov_subscription
crates/bacnet-runtime/src/runtime/scan.rs	129	method	BacnetRuntime::scan_device
crates/bacnet-runtime/src/runtime/scan.rs	154	method	BacnetRuntime::enumerate_objects
crates/bacnet-runtime/src/runtime/scan.rs	5	method	BacnetRuntime::scan
crates/bacnet-runtime/src/scan.rs	20	struct	ScanSnapshot
crates/bacnet-runtime/src/scan.rs	7	struct	ScanRequest
crates/bacnet-runtime/src/scheduler.rs	117	method	WorkScheduler::cancel
crates/bacnet-runtime/src/scheduler.rs	127	method	WorkScheduler::next
crates/bacnet-runtime/src/scheduler.rs	149	method	WorkScheduler::len
crates/bacnet-runtime/src/scheduler.rs	154	method	WorkScheduler::is_empty
crates/bacnet-runtime/src/scheduler.rs	159	method	WorkScheduler::drain
crates/bacnet-runtime/src/scheduler.rs	21	struct	OperationId
crates/bacnet-runtime/src/scheduler.rs	25	struct	CancelReport
crates/bacnet-runtime/src/scheduler.rs	36	method	CancelReport::found
crates/bacnet-runtime/src/scheduler.rs	43	struct	Scheduled
crates/bacnet-runtime/src/scheduler.rs	56	enum	Dispatch
crates/bacnet-runtime/src/scheduler.rs	65	struct	WorkScheduler
crates/bacnet-runtime/src/scheduler.rs	75	method	WorkScheduler::new
crates/bacnet-runtime/src/scheduler.rs	8	enum	WorkPriority
crates/bacnet-runtime/src/scheduler.rs	91	method	WorkScheduler::enqueue
crates/bacnet-runtime/src/supervisor.rs	18	struct	Supervisor
crates/bacnet-runtime/src/supervisor.rs	26	method	Supervisor::new
crates/bacnet-runtime/src/supervisor.rs	36	method	Supervisor::spawn
crates/bacnet-runtime/src/supervisor.rs	55	method	Supervisor::accepting
crates/bacnet-runtime/src/supervisor.rs	59	method	Supervisor::task_count
crates/bacnet-runtime/src/supervisor.rs	63	method	Supervisor::stop
crates/bacnet-runtime/src/topology.rs	14	struct	TopologyRequest
crates/bacnet-runtime/src/topology.rs	38	struct	BdtRecord
crates/bacnet-runtime/src/topology.rs	48	method	BdtRecord::mac
crates/bacnet-runtime/src/topology.rs	5	struct	BbmdTarget
crates/bacnet-runtime/src/topology.rs	58	struct	FdtRecord
crates/bacnet-runtime/src/topology.rs	71	struct	BbmdSnapshot
crates/bacnet-runtime/src/topology.rs	82	struct	AttachmentTopology
crates/bacnet-runtime/src/topology.rs	97	struct	RuntimeTopology
crates/bacnet-runtime/src/transport.rs	31	struct	AttachmentDiscovery
crates/bacnet-runtime/src/transport.rs	38	struct	AttachmentTopologyResult
crates/bacnet-runtime/src/transport.rs	47	enum	RuntimeTransport
crates/bacnet-runtime/src/transport.rs	63	fn	install_bip_start_cov_hook
crates/bacnet-runtime/src/transport/configuration.rs	134	method	RuntimeTransport::start
crates/bacnet-runtime/src/transport/configuration.rs	4	method	RuntimeTransport::validate_config
crates/bacnet-runtime/src/transport/discovery.rs	148	method	RuntimeTransport::topology
crates/bacnet-runtime/src/transport/discovery.rs	26	method	RuntimeTransport::discover
crates/bacnet-runtime/src/transport/discovery.rs	280	method	RuntimeTransport::seed_device
crates/bacnet-runtime/src/transport/discovery.rs	300	method	RuntimeTransport::local_mac
crates/bacnet-runtime/src/transport/discovery.rs	310	method	RuntimeTransport::must_stop_before_replacement
crates/bacnet-runtime/src/transport/discovery.rs	4	method	RuntimeTransport::stop
crates/bacnet-runtime/src/transport/io.rs	123	method	RuntimeTransport::read_one
crates/bacnet-runtime/src/transport/io.rs	14	method	RuntimeTransport::health_error
crates/bacnet-runtime/src/transport/io.rs	218	method	RuntimeTransport::write_one
crates/bacnet-runtime/src/transport/io.rs	30	method	RuntimeTransport::foreign_device_registration_status
crates/bacnet-runtime/src/transport/io.rs	340	method	RuntimeTransport::write_multiple
crates/bacnet-runtime/src/transport/io.rs	4	method	RuntimeTransport::background_task_count
crates/bacnet-runtime/src/transport/io.rs	42	method	RuntimeTransport::read_rpm
crates/bacnet-runtime/src/transport/io.rs	425	method	RuntimeTransport::subscribe_cov
crates/bacnet-runtime/src/transport/io.rs	538	method	RuntimeTransport::unsubscribe_cov
crates/bacnet-runtime/src/transport/io.rs	627	method	RuntimeTransport::cov_receiver
crates/bacnet-runtime/src/transport/io.rs	637	method	RuntimeTransport::take_initial_cov_receiver
crates/bacnet-runtime/src/transport/io.rs	649	method	RuntimeTransport::i_am_receiver
crates/bacnet-runtime/src/transport/io.rs	659	method	RuntimeTransport::take_initial_i_am_receiver
crates/bacnet-server/src/cov.rs	100	struct	CovReservation
crates/bacnet-server/src/cov.rs	107	method	CovReservation::snapshot
crates/bacnet-server/src/cov.rs	113	method	CovSubscriptionTable::new
crates/bacnet-server/src/cov.rs	12	const	DEFAULT_MAX_COV_SUBSCRIPTIONS
crates/bacnet-server/src/cov.rs	121	method	CovSubscriptionTable::with_limits
crates/bacnet-server/src/cov.rs	133	method	CovSubscriptionTable::can_add
crates/bacnet-server/src/cov.rs	15	const	DEFAULT_MAX_COV_SUBSCRIPTIONS_PER_PEER
crates/bacnet-server/src/cov.rs	167	method	CovSubscriptionTable::subscribe
crates/bacnet-server/src/cov.rs	177	method	CovSubscriptionTable::contains
crates/bacnet-server/src/cov.rs	19	struct	CovSubscription
crates/bacnet-server/src/cov.rs	202	method	CovSubscriptionTable::unsubscribe
crates/bacnet-server/src/cov.rs	212	method	CovSubscriptionTable::unsubscribe_at
crates/bacnet-server/src/cov.rs	234	method	CovSubscriptionTable::unsubscribe_property
crates/bacnet-server/src/cov.rs	252	method	CovSubscriptionTable::unsubscribe_property_at
crates/bacnet-server/src/cov.rs	276	method	CovSubscriptionTable::unsubscribe_cov_multiple_context
crates/bacnet-server/src/cov.rs	295	method	CovSubscriptionTable::unsubscribe_cov_multiple_property_at
crates/bacnet-server/src/cov.rs	320	method	CovSubscriptionTable::refresh_cov_multiple_context_lifetime
crates/bacnet-server/src/cov.rs	342	method	CovSubscriptionTable::remove_for_object
crates/bacnet-server/src/cov.rs	348	method	CovSubscriptionTable::subscriptions_for
crates/bacnet-server/src/cov.rs	361	method	CovSubscriptionTable::should_notify
crates/bacnet-server/src/cov.rs	394	method	CovSubscriptionTable::reserve_notification
crates/bacnet-server/src/cov.rs	417	method	CovSubscriptionTable::notification_is_reserved
crates/bacnet-server/src/cov.rs	426	method	CovSubscriptionTable::commit_notification
crates/bacnet-server/src/cov.rs	438	method	CovSubscriptionTable::release_notification
crates/bacnet-server/src/cov.rs	478	method	CovSubscriptionTable::len
crates/bacnet-server/src/cov.rs	483	method	CovSubscriptionTable::is_empty
crates/bacnet-server/src/cov.rs	488	method	CovSubscriptionTable::purge_expired
crates/bacnet-server/src/cov.rs	50	struct	CovValueSnapshot
crates/bacnet-server/src/cov.rs	61	enum	CovNotificationKind
crates/bacnet-server/src/cov.rs	85	struct	CovSubscriptionTable
crates/bacnet-server/src/event_enrollment/mod.rs	18	struct	EventEnrollmentTransition
crates/bacnet-server/src/event_enrollment/mod.rs	37	fn	encode_out_of_range_params
crates/bacnet-server/src/event_enrollment/mod.rs	47	fn	encode_floating_limit_params
crates/bacnet-server/src/event_enrollment/mod.rs	499	fn	evaluate_event_enrollments
crates/bacnet-server/src/event_enrollment/mod.rs	62	fn	encode_change_of_state_params
crates/bacnet-server/src/event_enrollment/mod.rs	72	fn	encode_change_of_value_params
crates/bacnet-server/src/event_enrollment/mod.rs	78	fn	encode_change_of_bitstring_params
crates/bacnet-server/src/fault_detection.rs	15	struct	ReliabilityChange
crates/bacnet-server/src/fault_detection.rs	29	struct	FaultDetector
crates/bacnet-server/src/fault_detection.rs	47	method	FaultDetector::new
crates/bacnet-server/src/fault_detection.rs	93	method	FaultDetector::evaluate
crates/bacnet-server/src/handlers/alarm_event/acknowledge_alarm.rs	11	fn	handle_acknowledge_alarm
crates/bacnet-server/src/handlers/alarm_event/get_alarm_summary.rs	11	fn	handle_get_alarm_summary
crates/bacnet-server/src/handlers/alarm_event/get_enrollment_summary.rs	11	fn	handle_get_enrollment_summary
crates/bacnet-server/src/handlers/alarm_event/get_event_information.rs	12	fn	handle_get_event_information
crates/bacnet-server/src/handlers/alarm_event/life_safety_operation.rs	11	fn	handle_life_safety_operation
crates/bacnet-server/src/handlers/alarm_event/mod.rs	25	fn	event_detection_enabled
crates/bacnet-server/src/handlers/alarm_event/mod.rs	39	use	acknowledge_alarm
crates/bacnet-server/src/handlers/alarm_event/mod.rs	40	use	get_alarm_summary
crates/bacnet-server/src/handlers/alarm_event/mod.rs	41	use	get_enrollment_summary
crates/bacnet-server/src/handlers/alarm_event/mod.rs	42	use	get_event_information
crates/bacnet-server/src/handlers/alarm_event/mod.rs	43	use	life_safety_operation
crates/bacnet-server/src/handlers/alarm_event/mod.rs	44	use	text_message
crates/bacnet-server/src/handlers/alarm_event/text_message.rs	11	fn	handle_text_message
crates/bacnet-server/src/handlers/cov.rs	109	fn	handle_subscribe_cov_property
crates/bacnet-server/src/handlers/cov.rs	118	fn	handle_subscribe_cov_property_with_initial
crates/bacnet-server/src/handlers/cov.rs	127	fn	handle_subscribe_cov_property_with_initial_endpoint
crates/bacnet-server/src/handlers/cov.rs	16	fn	handle_subscribe_cov_with_initial
crates/bacnet-server/src/handlers/cov.rs	226	fn	handle_subscribe_cov_property_multiple
crates/bacnet-server/src/handlers/cov.rs	236	fn	handle_subscribe_cov_property_multiple_with_initial
crates/bacnet-server/src/handlers/cov.rs	25	fn	handle_subscribe_cov_with_initial_endpoint
crates/bacnet-server/src/handlers/cov.rs	251	fn	handle_subscribe_cov_property_multiple_with_initial_endpoint
crates/bacnet-server/src/handlers/cov.rs	7	fn	handle_subscribe_cov
crates/bacnet-server/src/handlers/device_mgmt.rs	39	fn	handle_device_communication_control
crates/bacnet-server/src/handlers/device_mgmt.rs	68	fn	handle_reinitialize_device
crates/bacnet-server/src/handlers/file.rs	116	fn	handle_atomic_read_file
crates/bacnet-server/src/handlers/file.rs	220	fn	handle_atomic_write_file
crates/bacnet-server/src/handlers/file.rs	7	fn	handle_read_range
crates/bacnet-server/src/handlers/list.rs	6	fn	handle_add_list_element
crates/bacnet-server/src/handlers/list.rs	66	fn	handle_remove_list_element
crates/bacnet-server/src/handlers/mod.rs	49	use	alarm_event
crates/bacnet-server/src/handlers/mod.rs	50	use	cov
crates/bacnet-server/src/handlers/mod.rs	51	use	device_mgmt
crates/bacnet-server/src/handlers/mod.rs	52	use	file
crates/bacnet-server/src/handlers/mod.rs	53	use	list
crates/bacnet-server/src/handlers/mod.rs	54	use	object_mgmt
crates/bacnet-server/src/handlers/mod.rs	55	use	read_property
crates/bacnet-server/src/handlers/mod.rs	56	use	write_group
crates/bacnet-server/src/handlers/mod.rs	57	use	write_property
crates/bacnet-server/src/handlers/object_mgmt.rs	186	fn	handle_delete_object
crates/bacnet-server/src/handlers/object_mgmt.rs	50	fn	handle_create_object
crates/bacnet-server/src/handlers/object_mgmt.rs	6	fn	handle_who_has
crates/bacnet-server/src/handlers/read_property.rs	147	fn	handle_read_property_with_network_port
crates/bacnet-server/src/handlers/read_property.rs	205	fn	handle_read_property_multiple
crates/bacnet-server/src/handlers/read_property.rs	214	fn	handle_read_property_multiple_with_network_port
crates/bacnet-server/src/handlers/read_property.rs	22	fn	read_property_needs_network_port
crates/bacnet-server/src/handlers/read_property.rs	30	fn	read_property_multiple_needs_network_port
crates/bacnet-server/src/handlers/read_property.rs	86	fn	handle_read_property
crates/bacnet-server/src/handlers/write_group.rs	6	fn	handle_write_group
crates/bacnet-server/src/handlers/write_property.rs	225	fn	handle_write_property
crates/bacnet-server/src/handlers/write_property.rs	55	fn	handle_write_property_multiple
crates/bacnet-server/src/lib.rs	10	mod	trend_log
crates/bacnet-server/src/lib.rs	3	mod	cov
crates/bacnet-server/src/lib.rs	4	mod	event_enrollment
crates/bacnet-server/src/lib.rs	5	mod	fault_detection
crates/bacnet-server/src/lib.rs	6	mod	handlers
crates/bacnet-server/src/lib.rs	7	mod	pics
crates/bacnet-server/src/lib.rs	8	mod	schedule
crates/bacnet-server/src/lib.rs	9	mod	server
crates/bacnet-server/src/pics/mod.rs	100	struct	PropertySupport
crates/bacnet-server/src/pics/mod.rs	107	struct	ObjectTypeSupport
crates/bacnet-server/src/pics/mod.rs	116	struct	ServiceSupport
crates/bacnet-server/src/pics/mod.rs	124	enum	DataLinkSupport
crates/bacnet-server/src/pics/mod.rs	146	struct	NetworkLayerSupport
crates/bacnet-server/src/pics/mod.rs	154	enum	CharacterSet
crates/bacnet-server/src/pics/mod.rs	184	struct	PicsConfig
crates/bacnet-server/src/pics/mod.rs	19	struct	Pics
crates/bacnet-server/src/pics/mod.rs	223	struct	PicsGenerator
crates/bacnet-server/src/pics/mod.rs	230	method	PicsGenerator::new
crates/bacnet-server/src/pics/mod.rs	243	method	PicsGenerator::generate
crates/bacnet-server/src/pics/mod.rs	32	struct	VendorInfo
crates/bacnet-server/src/pics/mod.rs	380	method	Pics::generate_text
crates/bacnet-server/src/pics/mod.rs	44	enum	DeviceProfile
crates/bacnet-server/src/pics/mod.rs	487	method	Pics::generate_markdown
crates/bacnet-server/src/pics/mod.rs	588	fn	generate_pics
crates/bacnet-server/src/pics/mod.rs	83	struct	PropertyAccess
crates/bacnet-server/src/schedule.rs	36	fn	tick_schedules
crates/bacnet-server/src/server/cov_notifications.rs	10	method	CovReservationLease::new
crates/bacnet-server/src/server/cov_notifications.rs	148	method	BACnetServer::fire_initial_cov_notification
crates/bacnet-server/src/server/cov_notifications.rs	20	method	CovReservationLease::commit
crates/bacnet-server/src/server/cov_notifications.rs	260	method	BACnetServer::encode_confirmed_cov_multiple_apdu
crates/bacnet-server/src/server/cov_notifications.rs	286	method	BACnetServer::encode_unconfirmed_cov_multiple_apdu
crates/bacnet-server/src/server/cov_notifications.rs	29	method	CovReservationLease::release
crates/bacnet-server/src/server/cov_notifications.rs	305	method	BACnetServer::fire_initial_cov_notification_multiple
crates/bacnet-server/src/server/cov_notifications.rs	4	struct	CovReservationLease
crates/bacnet-server/src/server/cov_notifications.rs	57	method	BACnetServer::send_cov_apdu
crates/bacnet-server/src/server/cov_notifications.rs	86	method	BACnetServer::cov_peer
crates/bacnet-server/src/server/cov_notifications.rs	93	method	BACnetServer::fire_cov_notifications
crates/bacnet-server/src/server/cov_notifications_single.rs	7	method	BACnetServer::fire_cov_notifications_for_subscriptions
crates/bacnet-server/src/server/dispatch.rs	62	method	BACnetServer::dispatch
crates/bacnet-server/src/server/event_notifications.rs	25	method	BACnetServer::fire_event_notifications
crates/bacnet-server/src/server/event_notifications.rs	4	struct	NotificationTransition
crates/bacnet-server/src/server/event_notifications.rs	83	method	BACnetServer::build_and_send_event_notification
crates/bacnet-server/src/server/lifecycle.rs	11	fn	event_enrollment_period
crates/bacnet-server/src/server/lifecycle.rs	25	fn	synchronize_device_identity
crates/bacnet-server/src/server/lifecycle.rs	46	method	BACnetServer::start
crates/bacnet-server/src/server/lifecycle.rs	56	method	BACnetServer::start_with_database
crates/bacnet-server/src/server/lifecycle.rs	610	method	BACnetServer::local_mac
crates/bacnet-server/src/server/lifecycle.rs	615	method	BACnetServer::database
crates/bacnet-server/src/server/lifecycle.rs	620	method	BACnetServer::i_am_broadcaster
crates/bacnet-server/src/server/lifecycle.rs	631	method	BACnetServer::comm_state
crates/bacnet-server/src/server/lifecycle.rs	649	method	BACnetServer::write_local
crates/bacnet-server/src/server/lifecycle.rs	708	method	BACnetServer::generate_pics
crates/bacnet-server/src/server/lifecycle.rs	714	method	BACnetServer::broadcast_i_am
crates/bacnet-server/src/server/lifecycle.rs	719	method	BACnetServer::stop
crates/bacnet-server/src/server/lifecycle.rs	777	method	IAmBroadcaster::broadcast_i_am
crates/bacnet-server/src/server/mod.rs	106	struct	ServerTsm
crates/bacnet-server/src/server/mod.rs	185	struct	TimeSyncData
crates/bacnet-server/src/server/mod.rs	194	struct	ServerConfig
crates/bacnet-server/src/server/mod.rs	331	struct	ServerBuilder
crates/bacnet-server/src/server/mod.rs	339	method	ServerBuilder::database
crates/bacnet-server/src/server/mod.rs	345	method	ServerBuilder::transport
crates/bacnet-server/src/server/mod.rs	351	method	ServerBuilder::network_port_runtime
crates/bacnet-server/src/server/mod.rs	357	method	ServerBuilder::dcc_password
crates/bacnet-server/src/server/mod.rs	363	method	ServerBuilder::reinit_password
crates/bacnet-server/src/server/mod.rs	372	method	ServerBuilder::enable_fault_detection
crates/bacnet-server/src/server/mod.rs	378	method	ServerBuilder::enable_event_enrollment
crates/bacnet-server/src/server/mod.rs	385	method	ServerBuilder::event_enrollment_interval_secs
crates/bacnet-server/src/server/mod.rs	391	method	ServerBuilder::cov_subscription_limits
crates/bacnet-server/src/server/mod.rs	398	method	ServerBuilder::vendor_id
crates/bacnet-server/src/server/mod.rs	404	method	ServerBuilder::build
crates/bacnet-server/src/server/mod.rs	413	struct	BipServerBuilder
crates/bacnet-server/src/server/mod.rs	420	method	BipServerBuilder::interface
crates/bacnet-server/src/server/mod.rs	426	method	BipServerBuilder::port
crates/bacnet-server/src/server/mod.rs	432	method	BipServerBuilder::broadcast_address
crates/bacnet-server/src/server/mod.rs	438	method	BipServerBuilder::database
crates/bacnet-server/src/server/mod.rs	444	method	BipServerBuilder::dcc_password
crates/bacnet-server/src/server/mod.rs	450	method	BipServerBuilder::reinit_password
crates/bacnet-server/src/server/mod.rs	459	method	BipServerBuilder::enable_fault_detection
crates/bacnet-server/src/server/mod.rs	465	method	BipServerBuilder::enable_event_enrollment
crates/bacnet-server/src/server/mod.rs	472	method	BipServerBuilder::event_enrollment_interval_secs
crates/bacnet-server/src/server/mod.rs	478	method	BipServerBuilder::cov_subscription_limits
crates/bacnet-server/src/server/mod.rs	485	method	BipServerBuilder::vendor_id
crates/bacnet-server/src/server/mod.rs	491	method	BipServerBuilder::build
crates/bacnet-server/src/server/mod.rs	599	struct	BACnetServer
crates/bacnet-server/src/server/mod.rs	641	struct	IAmBroadcaster
crates/bacnet-server/src/server/mod.rs	659	method	BACnetServer::bip_builder
crates/bacnet-server/src/server/mod.rs	667	method	BACnetServer::builder
crates/bacnet-server/src/server/mod.rs	675	method	BACnetServer::sc_builder
crates/bacnet-server/src/server/mod.rs	693	struct	ScServerBuilder
crates/bacnet-server/src/server/mod.rs	707	method	ScServerBuilder::hub_url
crates/bacnet-server/src/server/mod.rs	713	method	ScServerBuilder::tls_config
crates/bacnet-server/src/server/mod.rs	722	method	ScServerBuilder::vmac
crates/bacnet-server/src/server/mod.rs	728	method	ScServerBuilder::database
crates/bacnet-server/src/server/mod.rs	734	method	ScServerBuilder::heartbeat_interval_ms
crates/bacnet-server/src/server/mod.rs	740	method	ScServerBuilder::heartbeat_timeout_ms
crates/bacnet-server/src/server/mod.rs	746	method	ScServerBuilder::reconnect
crates/bacnet-server/src/server/mod.rs	752	method	ScServerBuilder::dcc_password
crates/bacnet-server/src/server/mod.rs	758	method	ScServerBuilder::reinit_password
crates/bacnet-server/src/server/mod.rs	767	method	ScServerBuilder::enable_fault_detection
crates/bacnet-server/src/server/mod.rs	773	method	ScServerBuilder::enable_event_enrollment
crates/bacnet-server/src/server/mod.rs	780	method	ScServerBuilder::event_enrollment_interval_secs
crates/bacnet-server/src/server/mod.rs	786	method	ScServerBuilder::build
crates/bacnet-server/src/server/mod.rs	830	use	requests
crates/bacnet-server/src/server/mod.rs	848	method	BACnetServer::generic_builder
crates/bacnet-server/src/server/mod.rs	85	use	network_port_runtime
crates/bacnet-server/src/server/mod.rs	93	enum	CovAckResult
crates/bacnet-server/src/server/network_port_runtime.rs	101	method	NetworkPortRuntime::snapshot
crates/bacnet-server/src/server/network_port_runtime.rs	17	method	NetworkPortSnapshot::property_value
crates/bacnet-server/src/server/network_port_runtime.rs	4	struct	NetworkPortSnapshot
crates/bacnet-server/src/server/network_port_runtime.rs	70	struct	NetworkPortRuntime
crates/bacnet-server/src/server/network_port_runtime.rs	77	method	NetworkPortRuntime::normal
crates/bacnet-server/src/server/network_port_runtime.rs	85	method	NetworkPortRuntime::foreign
crates/bacnet-server/src/server/network_port_runtime.rs	93	method	NetworkPortRuntime::bbmd
crates/bacnet-server/src/server/requests/mod.rs	14	const	EXECUTED_CONFIRMED
crates/bacnet-server/src/server/requests/mod.rs	4	use	unconfirmed
crates/bacnet-server/src/server/requests/mod.rs	42	method	BACnetServer::handle_confirmed_request
crates/bacnet-server/src/server/requests/unconfirmed.rs	12	const	EXECUTED_UNCONFIRMED
crates/bacnet-server/src/server/requests/unconfirmed.rs	23	method	BACnetServer::handle_unconfirmed_request
crates/bacnet-server/src/server/responses.rs	20	method	BACnetServer::send_confirmed_response_apdu_expecting_reply
crates/bacnet-server/src/server/responses.rs	4	method	BACnetServer::send_confirmed_response_apdu
crates/bacnet-server/src/server/segmentation.rs	19	method	BACnetServer::send_segmented_complex_ack
crates/bacnet-server/src/server/segmentation.rs	48	method	BACnetServer::send_segmented_complex_ack_with_options
crates/bacnet-server/src/trend_log.rs	44	type	TrendLogState
crates/bacnet-server/src/trend_log.rs	96	fn	poll_trend_logs
crates/bacnet-services/src/alarm_event/acknowledge_alarm.rs	20	method	AcknowledgeAlarmRequest::encode
crates/bacnet-services/src/alarm_event/acknowledge_alarm.rs	36	method	AcknowledgeAlarmRequest::decode
crates/bacnet-services/src/alarm_event/acknowledge_alarm.rs	9	struct	AcknowledgeAlarmRequest
crates/bacnet-services/src/alarm_event/event_notification.rs	39	method	EventNotificationRequest::encode
crates/bacnet-services/src/alarm_event/event_notification.rs	77	method	EventNotificationRequest::decode
crates/bacnet-services/src/alarm_event/event_notification.rs	9	struct	EventNotificationRequest
crates/bacnet-services/src/alarm_event/get_event_information.rs	13	method	GetEventInformationRequest::encode
crates/bacnet-services/src/alarm_event/get_event_information.rs	19	method	GetEventInformationRequest::decode
crates/bacnet-services/src/alarm_event/get_event_information.rs	262	method	GetEventInformationAck::encode
crates/bacnet-services/src/alarm_event/get_event_information.rs	39	struct	GetEventInformationAck
crates/bacnet-services/src/alarm_event/get_event_information.rs	46	struct	EventSummary
crates/bacnet-services/src/alarm_event/get_event_information.rs	64	method	GetEventInformationAck::decode
crates/bacnet-services/src/alarm_event/get_event_information.rs	8	struct	GetEventInformationRequest
crates/bacnet-services/src/alarm_event/mod.rs	21	use	acknowledge_alarm
crates/bacnet-services/src/alarm_event/mod.rs	22	use	event_notification
crates/bacnet-services/src/alarm_event/mod.rs	23	use	get_event_information
crates/bacnet-services/src/alarm_event/mod.rs	24	use	notification_parameters
crates/bacnet-services/src/alarm_event/notification_parameters/decode.rs	7	method	NotificationParameters::decode
crates/bacnet-services/src/alarm_event/notification_parameters/decode_timer.rs	124	fn	decode_change_of_discrete_value
crates/bacnet-services/src/alarm_event/notification_parameters/decode_timer.rs	3	fn	decode_change_of_timer
crates/bacnet-services/src/alarm_event/notification_parameters/encode.rs	8	method	NotificationParameters::encode
crates/bacnet-services/src/alarm_event/notification_parameters/mod.rs	145	enum	ChangeOfValueChoice
crates/bacnet-services/src/alarm_event/notification_parameters/mod.rs	17	enum	NotificationParameters
crates/bacnet-services/src/alarm_event/property_states.rs	175	fn	decode_device_obj_prop_ref
crates/bacnet-services/src/alarm_event/property_states.rs	250	fn	extract_raw_context
crates/bacnet-services/src/alarm_event/property_states.rs	282	fn	decode_status_flags
crates/bacnet-services/src/alarm_event/property_states.rs	4	fn	encode_property_states
crates/bacnet-services/src/alarm_event/property_states.rs	82	fn	decode_property_states
crates/bacnet-services/src/alarm_summary.rs	21	struct	AlarmSummaryEntry
crates/bacnet-services/src/alarm_summary.rs	32	struct	GetAlarmSummaryAck
crates/bacnet-services/src/alarm_summary.rs	37	method	GetAlarmSummaryAck::encode
crates/bacnet-services/src/alarm_summary.rs	49	method	GetAlarmSummaryAck::decode
crates/bacnet-services/src/audit.rs	135	method	AuditNotificationRequest::decode
crates/bacnet-services/src/audit.rs	25	struct	AuditNotificationRequest
crates/bacnet-services/src/audit.rs	338	struct	AuditLogQueryRequest
crates/bacnet-services/src/audit.rs	346	method	AuditLogQueryRequest::encode
crates/bacnet-services/src/audit.rs	352	method	AuditLogQueryRequest::decode
crates/bacnet-services/src/audit.rs	61	method	AuditNotificationRequest::encode
crates/bacnet-services/src/common.rs	10	const	MAX_DECODED_ITEMS
crates/bacnet-services/src/common.rs	104	method	BACnetPropertyValue::encode
crates/bacnet-services/src/common.rs	121	method	BACnetPropertyValue::decode
crates/bacnet-services/src/common.rs	25	struct	PropertyReference
crates/bacnet-services/src/common.rs	31	method	PropertyReference::encode
crates/bacnet-services/src/common.rs	38	method	PropertyReference::decode
crates/bacnet-services/src/common.rs	96	struct	BACnetPropertyValue
crates/bacnet-services/src/cov.rs	112	struct	SubscribeCOVPropertyRequest
crates/bacnet-services/src/cov.rs	124	method	SubscribeCOVPropertyRequest::is_cancellation
crates/bacnet-services/src/cov.rs	128	method	SubscribeCOVPropertyRequest::encode
crates/bacnet-services/src/cov.rs	154	method	SubscribeCOVPropertyRequest::decode
crates/bacnet-services/src/cov.rs	20	struct	SubscribeCOVRequest
crates/bacnet-services/src/cov.rs	263	struct	COVNotificationRequest
crates/bacnet-services/src/cov.rs	272	method	COVNotificationRequest::encode
crates/bacnet-services/src/cov.rs	289	method	COVNotificationRequest::decode
crates/bacnet-services/src/cov.rs	29	method	SubscribeCOVRequest::is_cancellation
crates/bacnet-services/src/cov.rs	33	method	SubscribeCOVRequest::encode
crates/bacnet-services/src/cov.rs	48	method	SubscribeCOVRequest::decode
crates/bacnet-services/src/cov_multiple.rs	20	struct	COVReference
crates/bacnet-services/src/cov_multiple.rs	279	struct	COVNotificationValue
crates/bacnet-services/src/cov_multiple.rs	28	struct	COVSubscriptionSpecification
crates/bacnet-services/src/cov_multiple.rs	289	struct	COVNotificationItem
crates/bacnet-services/src/cov_multiple.rs	296	struct	COVNotificationMultipleRequest
crates/bacnet-services/src/cov_multiple.rs	305	method	COVNotificationMultipleRequest::encode
crates/bacnet-services/src/cov_multiple.rs	344	method	COVNotificationMultipleRequest::decode
crates/bacnet-services/src/cov_multiple.rs	35	struct	SubscribeCOVPropertyMultipleRequest
crates/bacnet-services/src/cov_multiple.rs	44	method	SubscribeCOVPropertyMultipleRequest::encode
crates/bacnet-services/src/cov_multiple.rs	85	method	SubscribeCOVPropertyMultipleRequest::decode
crates/bacnet-services/src/device_mgmt.rs	106	method	ReinitializeDeviceRequest::decode
crates/bacnet-services/src/device_mgmt.rs	150	struct	TimeSynchronizationRequest
crates/bacnet-services/src/device_mgmt.rs	156	method	TimeSynchronizationRequest::encode
crates/bacnet-services/src/device_mgmt.rs	161	method	TimeSynchronizationRequest::decode
crates/bacnet-services/src/device_mgmt.rs	21	struct	DeviceCommunicationControlRequest
crates/bacnet-services/src/device_mgmt.rs	28	method	DeviceCommunicationControlRequest::encode
crates/bacnet-services/src/device_mgmt.rs	42	method	DeviceCommunicationControlRequest::decode
crates/bacnet-services/src/device_mgmt.rs	90	struct	ReinitializeDeviceRequest
crates/bacnet-services/src/device_mgmt.rs	96	method	ReinitializeDeviceRequest::encode
crates/bacnet-services/src/enrollment_summary.rs	18	struct	PriorityFilter
crates/bacnet-services/src/enrollment_summary.rs	241	struct	EnrollmentSummaryEntry
crates/bacnet-services/src/enrollment_summary.rs	251	struct	GetEnrollmentSummaryAck
crates/bacnet-services/src/enrollment_summary.rs	256	method	GetEnrollmentSummaryAck::encode
crates/bacnet-services/src/enrollment_summary.rs	266	method	GetEnrollmentSummaryAck::decode
crates/bacnet-services/src/enrollment_summary.rs	28	struct	RecipientProcess
crates/bacnet-services/src/enrollment_summary.rs	37	struct	GetEnrollmentSummaryRequest
crates/bacnet-services/src/enrollment_summary.rs	53	method	GetEnrollmentSummaryRequest::encode
crates/bacnet-services/src/enrollment_summary.rs	90	method	GetEnrollmentSummaryRequest::decode
crates/bacnet-services/src/file.rs	152	method	AtomicWriteFileRequest::encode
crates/bacnet-services/src/file.rs	180	method	AtomicWriteFileRequest::decode
crates/bacnet-services/src/file.rs	247	struct	AtomicReadFileAck
crates/bacnet-services/src/file.rs	254	enum	FileReadAckMethod
crates/bacnet-services/src/file.rs	269	method	AtomicReadFileAck::encode
crates/bacnet-services/src/file.rs	297	method	AtomicReadFileAck::decode
crates/bacnet-services/src/file.rs	30	struct	AtomicReadFileRequest
crates/bacnet-services/src/file.rs	369	struct	AtomicWriteFileAck
crates/bacnet-services/src/file.rs	37	struct	AtomicWriteFileRequest
crates/bacnet-services/src/file.rs	375	enum	FileWriteAckMethod
crates/bacnet-services/src/file.rs	383	method	AtomicWriteFileAck::encode
crates/bacnet-services/src/file.rs	396	method	AtomicWriteFileAck::decode
crates/bacnet-services/src/file.rs	44	enum	FileAccessMethod
crates/bacnet-services/src/file.rs	59	enum	FileWriteAccessMethod
crates/bacnet-services/src/file.rs	74	method	AtomicReadFileRequest::encode
crates/bacnet-services/src/file.rs	98	method	AtomicReadFileRequest::decode
crates/bacnet-services/src/lib.rs	10	mod	audit
crates/bacnet-services/src/lib.rs	11	mod	common
crates/bacnet-services/src/lib.rs	12	mod	cov
crates/bacnet-services/src/lib.rs	13	mod	cov_multiple
crates/bacnet-services/src/lib.rs	14	mod	device_mgmt
crates/bacnet-services/src/lib.rs	15	mod	enrollment_summary
crates/bacnet-services/src/lib.rs	16	mod	file
crates/bacnet-services/src/lib.rs	17	mod	life_safety
crates/bacnet-services/src/lib.rs	18	mod	list_manipulation
crates/bacnet-services/src/lib.rs	19	mod	object_mgmt
crates/bacnet-services/src/lib.rs	20	mod	private_transfer
crates/bacnet-services/src/lib.rs	21	mod	read_property
crates/bacnet-services/src/lib.rs	22	mod	read_range
crates/bacnet-services/src/lib.rs	23	mod	rpm
crates/bacnet-services/src/lib.rs	24	mod	schedule
crates/bacnet-services/src/lib.rs	25	mod	text_message
crates/bacnet-services/src/lib.rs	26	mod	virtual_terminal
crates/bacnet-services/src/lib.rs	27	mod	who_am_i
crates/bacnet-services/src/lib.rs	28	mod	who_has
crates/bacnet-services/src/lib.rs	29	mod	who_is
crates/bacnet-services/src/lib.rs	30	mod	wpm
crates/bacnet-services/src/lib.rs	31	mod	write_group
crates/bacnet-services/src/lib.rs	32	mod	write_property
crates/bacnet-services/src/lib.rs	8	mod	alarm_event
crates/bacnet-services/src/lib.rs	9	mod	alarm_summary
crates/bacnet-services/src/life_safety.rs	16	struct	LifeSafetyOperationRequest
crates/bacnet-services/src/life_safety.rs	24	method	LifeSafetyOperationRequest::encode
crates/bacnet-services/src/life_safety.rs	38	method	LifeSafetyOperationRequest::decode
crates/bacnet-services/src/list_manipulation.rs	13	struct	ListElementRequest
crates/bacnet-services/src/list_manipulation.rs	22	method	ListElementRequest::encode
crates/bacnet-services/src/list_manipulation.rs	37	method	ListElementRequest::decode
crates/bacnet-services/src/object_mgmt.rs	145	struct	DeleteObjectRequest
crates/bacnet-services/src/object_mgmt.rs	150	method	DeleteObjectRequest::encode
crates/bacnet-services/src/object_mgmt.rs	154	method	DeleteObjectRequest::decode
crates/bacnet-services/src/object_mgmt.rs	21	enum	ObjectSpecifier
crates/bacnet-services/src/object_mgmt.rs	30	struct	CreateObjectRequest
crates/bacnet-services/src/object_mgmt.rs	36	method	CreateObjectRequest::encode
crates/bacnet-services/src/object_mgmt.rs	59	method	CreateObjectRequest::decode
crates/bacnet-services/src/private_transfer.rs	111	method	PrivateTransferAck::decode
crates/bacnet-services/src/private_transfer.rs	16	struct	PrivateTransferRequest
crates/bacnet-services/src/private_transfer.rs	24	method	PrivateTransferRequest::encode
crates/bacnet-services/src/private_transfer.rs	37	method	PrivateTransferRequest::decode
crates/bacnet-services/src/private_transfer.rs	90	struct	PrivateTransferAck
crates/bacnet-services/src/private_transfer.rs	98	method	PrivateTransferAck::encode
crates/bacnet-services/src/read_property.rs	108	struct	ReadPropertyACK
crates/bacnet-services/src/read_property.rs	116	method	ReadPropertyACK::encode
crates/bacnet-services/src/read_property.rs	127	method	ReadPropertyACK::decode
crates/bacnet-services/src/read_property.rs	24	struct	ReadPropertyRequest
crates/bacnet-services/src/read_property.rs	31	method	ReadPropertyRequest::encode
crates/bacnet-services/src/read_property.rs	39	method	ReadPropertyRequest::decode
crates/bacnet-services/src/read_range.rs	205	struct	ReadRangeAck
crates/bacnet-services/src/read_range.rs	219	method	ReadRangeAck::encode
crates/bacnet-services/src/read_range.rs	252	method	ReadRangeAck::decode
crates/bacnet-services/src/read_range.rs	27	struct	ReadRangeRequest
crates/bacnet-services/src/read_range.rs	37	enum	RangeSpec
crates/bacnet-services/src/read_range.rs	50	method	ReadRangeRequest::encode
crates/bacnet-services/src/read_range.rs	94	method	ReadRangeRequest::decode
crates/bacnet-services/src/rpm.rs	112	struct	ReadResultElement
crates/bacnet-services/src/rpm.rs	123	struct	ReadAccessResult
crates/bacnet-services/src/rpm.rs	130	struct	ReadPropertyMultipleACK
crates/bacnet-services/src/rpm.rs	135	method	ReadPropertyMultipleACK::encode
crates/bacnet-services/src/rpm.rs	165	method	ReadPropertyMultipleACK::decode
crates/bacnet-services/src/rpm.rs	18	struct	ReadAccessSpecification
crates/bacnet-services/src/rpm.rs	25	struct	ReadPropertyMultipleRequest
crates/bacnet-services/src/rpm.rs	30	method	ReadPropertyMultipleRequest::encode
crates/bacnet-services/src/rpm.rs	43	method	ReadPropertyMultipleRequest::decode
crates/bacnet-services/src/schedule.rs	137	fn	encode_calendar_entry
crates/bacnet-services/src/schedule.rs	155	fn	decode_calendar_entry
crates/bacnet-services/src/schedule.rs	248	fn	encode_special_event_period
crates/bacnet-services/src/schedule.rs	262	fn	decode_special_event_period
crates/bacnet-services/src/schedule.rs	324	fn	encode_special_event
crates/bacnet-services/src/schedule.rs	339	fn	decode_special_event
crates/bacnet-services/src/schedule.rs	433	fn	encode_weekly_schedule
crates/bacnet-services/src/schedule.rs	448	fn	decode_weekly_schedule
crates/bacnet-services/src/schedule.rs	501	fn	encode_exception_schedule
crates/bacnet-services/src/schedule.rs	509	fn	decode_exception_schedule
crates/bacnet-services/src/schedule.rs	52	fn	encode_time_value
crates/bacnet-services/src/schedule.rs	59	fn	decode_time_value
crates/bacnet-services/src/text_message.rs	17	enum	MessageClass
crates/bacnet-services/src/text_message.rs	29	struct	TextMessageRequest
crates/bacnet-services/src/text_message.rs	37	method	TextMessageRequest::encode
crates/bacnet-services/src/text_message.rs	60	method	TextMessageRequest::decode
crates/bacnet-services/src/virtual_terminal.rs	121	struct	VTDataRequest
crates/bacnet-services/src/virtual_terminal.rs	128	method	VTDataRequest::encode
crates/bacnet-services/src/virtual_terminal.rs	134	method	VTDataRequest::decode
crates/bacnet-services/src/virtual_terminal.rs	170	struct	VTDataAck
crates/bacnet-services/src/virtual_terminal.rs	178	method	VTDataAck::encode
crates/bacnet-services/src/virtual_terminal.rs	187	method	VTDataAck::decode
crates/bacnet-services/src/virtual_terminal.rs	21	struct	VTOpenRequest
crates/bacnet-services/src/virtual_terminal.rs	26	method	VTOpenRequest::encode
crates/bacnet-services/src/virtual_terminal.rs	30	method	VTOpenRequest::decode
crates/bacnet-services/src/virtual_terminal.rs	45	struct	VTOpenAck
crates/bacnet-services/src/virtual_terminal.rs	50	method	VTOpenAck::encode
crates/bacnet-services/src/virtual_terminal.rs	54	method	VTOpenAck::decode
crates/bacnet-services/src/virtual_terminal.rs	78	struct	VTCloseRequest
crates/bacnet-services/src/virtual_terminal.rs	83	method	VTCloseRequest::encode
crates/bacnet-services/src/virtual_terminal.rs	89	method	VTCloseRequest::decode
crates/bacnet-services/src/who_am_i.rs	15	struct	WhoAmIRequest
crates/bacnet-services/src/who_am_i.rs	18	method	WhoAmIRequest::encode
crates/bacnet-services/src/who_am_i.rs	20	method	WhoAmIRequest::decode
crates/bacnet-services/src/who_am_i.rs	41	struct	YouAreRequest
crates/bacnet-services/src/who_am_i.rs	50	method	YouAreRequest::encode
crates/bacnet-services/src/who_am_i.rs	68	method	YouAreRequest::decode
crates/bacnet-services/src/who_has.rs	104	struct	IHaveRequest
crates/bacnet-services/src/who_has.rs	111	method	IHaveRequest::encode
crates/bacnet-services/src/who_has.rs	118	method	IHaveRequest::decode
crates/bacnet-services/src/who_has.rs	15	enum	WhoHasObject
crates/bacnet-services/src/who_has.rs	24	struct	WhoHasRequest
crates/bacnet-services/src/who_has.rs	31	method	WhoHasRequest::encode
crates/bacnet-services/src/who_has.rs	52	method	WhoHasRequest::decode
crates/bacnet-services/src/who_is.rs	107	struct	IAmRequest
crates/bacnet-services/src/who_is.rs	115	method	IAmRequest::encode
crates/bacnet-services/src/who_is.rs	122	method	IAmRequest::decode
crates/bacnet-services/src/who_is.rs	19	struct	WhoIsRequest
crates/bacnet-services/src/who_is.rs	26	method	WhoIsRequest::all
crates/bacnet-services/src/who_is.rs	34	method	WhoIsRequest::range
crates/bacnet-services/src/who_is.rs	41	method	WhoIsRequest::encode
crates/bacnet-services/src/who_is.rs	48	method	WhoIsRequest::decode
crates/bacnet-services/src/wpm.rs	17	struct	WriteAccessSpecification
crates/bacnet-services/src/wpm.rs	26	struct	WritePropertyMultipleRequest
crates/bacnet-services/src/wpm.rs	31	method	WritePropertyMultipleRequest::encode
crates/bacnet-services/src/wpm.rs	42	method	WritePropertyMultipleRequest::decode
crates/bacnet-services/src/write_group.rs	17	struct	GroupChannelValue
crates/bacnet-services/src/write_group.rs	37	struct	WriteGroupRequest
crates/bacnet-services/src/write_group.rs	45	method	WriteGroupRequest::encode
crates/bacnet-services/src/write_group.rs	73	method	WriteGroupRequest::decode
crates/bacnet-services/src/write_property.rs	28	struct	WritePropertyRequest
crates/bacnet-services/src/write_property.rs	37	method	WritePropertyRequest::encode
crates/bacnet-services/src/write_property.rs	51	method	WritePropertyRequest::decode
crates/bacnet-transport/src/any.rs	28	enum	AnyTransport
crates/bacnet-transport/src/bbmd.rs	105	struct	BbmdState
crates/bacnet-transport/src/bbmd.rs	121	method	BbmdState::new
crates/bacnet-transport/src/bbmd.rs	139	const	MAX_BDT_ENTRIES
crates/bacnet-transport/src/bbmd.rs	14	const	BDT_ENTRY_SIZE
crates/bacnet-transport/src/bbmd.rs	144	method	BbmdState::set_bdt
crates/bacnet-transport/src/bbmd.rs	17	const	FDT_ENTRY_SIZE
crates/bacnet-transport/src/bbmd.rs	178	method	BbmdState::bdt
crates/bacnet-transport/src/bbmd.rs	183	method	BbmdState::bdt_snapshot
crates/bacnet-transport/src/bbmd.rs	192	method	BbmdState::bdt_peers_snapshot
crates/bacnet-transport/src/bbmd.rs	201	method	BbmdState::encode_bdt
crates/bacnet-transport/src/bbmd.rs	21	struct	BdtEntry
crates/bacnet-transport/src/bbmd.rs	211	method	BbmdState::decode_bdt
crates/bacnet-transport/src/bbmd.rs	249	const	MAX_FDT_ENTRIES
crates/bacnet-transport/src/bbmd.rs	252	method	BbmdState::accepts_foreign_devices
crates/bacnet-transport/src/bbmd.rs	257	method	BbmdState::set_accept_foreign_devices
crates/bacnet-transport/src/bbmd.rs	262	method	BbmdState::max_fdt_entries
crates/bacnet-transport/src/bbmd.rs	271	method	BbmdState::set_max_fdt_entries
crates/bacnet-transport/src/bbmd.rs	283	method	BbmdState::register_foreign_device
crates/bacnet-transport/src/bbmd.rs	29	struct	FdtEntry
crates/bacnet-transport/src/bbmd.rs	309	method	BbmdState::delete_foreign_device
crates/bacnet-transport/src/bbmd.rs	320	method	BbmdState::purge_expired
crates/bacnet-transport/src/bbmd.rs	327	method	BbmdState::fdt
crates/bacnet-transport/src/bbmd.rs	334	method	BbmdState::fdt_snapshot
crates/bacnet-transport/src/bbmd.rs	348	method	BbmdState::encode_fdt
crates/bacnet-transport/src/bbmd.rs	364	method	BbmdState::is_bdt_peer
crates/bacnet-transport/src/bbmd.rs	369	method	BbmdState::forwarded_npdu_needs_local_broadcast
crates/bacnet-transport/src/bbmd.rs	377	method	BbmdState::is_registered_foreign_device
crates/bacnet-transport/src/bbmd.rs	383	method	BbmdState::is_registered_foreign_device_without_purge
crates/bacnet-transport/src/bbmd.rs	398	method	BbmdState::wire_management_enabled
crates/bacnet-transport/src/bbmd.rs	406	method	BbmdState::set_wire_management_enabled
crates/bacnet-transport/src/bbmd.rs	41	method	FdtEntry::is_expired
crates/bacnet-transport/src/bbmd.rs	413	method	BbmdState::is_management_allowed
crates/bacnet-transport/src/bbmd.rs	418	method	BbmdState::set_management_acl
crates/bacnet-transport/src/bbmd.rs	423	method	BbmdState::management_acl
crates/bacnet-transport/src/bbmd.rs	428	method	BbmdState::backdate_foreign_device_for_test
crates/bacnet-transport/src/bbmd.rs	443	method	BbmdState::fdt_len_for_test
crates/bacnet-transport/src/bbmd.rs	455	method	BbmdState::forwarding_targets
crates/bacnet-transport/src/bbmd.rs	47	method	FdtEntry::seconds_remaining
crates/bacnet-transport/src/bbmd.rs	59	struct	FdtEntryWire
crates/bacnet-transport/src/bbmd.rs	67	fn	encode_bdt_entries
crates/bacnet-transport/src/bbmd.rs	79	fn	decode_fdt
crates/bacnet-transport/src/bip/control.rs	132	struct	BvllPolicyDecisionCounters
crates/bacnet-transport/src/bip/control.rs	152	struct	CounterAtoms
crates/bacnet-transport/src/bip/control.rs	181	method	CounterAtoms::decoded
crates/bacnet-transport/src/bip/control.rs	184	method	CounterAtoms::malformed
crates/bacnet-transport/src/bip/control.rs	187	method	CounterAtoms::admitted
crates/bacnet-transport/src/bip/control.rs	190	method	CounterAtoms::packet_queue_full
crates/bacnet-transport/src/bip/control.rs	199	method	CounterAtoms::processed
crates/bacnet-transport/src/bip/control.rs	202	method	CounterAtoms::local_drop
crates/bacnet-transport/src/bip/control.rs	205	method	CounterAtoms::fanout
crates/bacnet-transport/src/bip/control.rs	216	method	CounterAtoms::result_send
crates/bacnet-transport/src/bip/control.rs	22	const	MAX_PACKET_BYTES
crates/bacnet-transport/src/bip/control.rs	220	method	CounterAtoms::policy_decision
crates/bacnet-transport/src/bip/control.rs	23	const	PACKET_QUEUE_CAPACITY
crates/bacnet-transport/src/bip/control.rs	254	method	CounterAtoms::snapshot
crates/bacnet-transport/src/bip/control.rs	290	struct	BbmdSnapshot
crates/bacnet-transport/src/bip/control.rs	30	const	MAX_MANAGEMENT_ACL_ENTRIES
crates/bacnet-transport/src/bip/control.rs	321	struct	ControlCore
crates/bacnet-transport/src/bip/control.rs	329	method	ControlCore::new
crates/bacnet-transport/src/bip/control.rs	338	method	ControlCore::start
crates/bacnet-transport/src/bip/control.rs	354	method	ControlCore::stop
crates/bacnet-transport/src/bip/control.rs	362	method	ControlCore::reset_failed_start
crates/bacnet-transport/src/bip/control.rs	370	method	ControlCore::lifecycle
crates/bacnet-transport/src/bip/control.rs	381	struct	BbmdControl
crates/bacnet-transport/src/bip/control.rs	387	method	BbmdControl::new
crates/bacnet-transport/src/bip/control.rs	400	method	BbmdControl::lifecycle
crates/bacnet-transport/src/bip/control.rs	408	method	BbmdControl::counters
crates/bacnet-transport/src/bip/control.rs	46	enum	BbmdLifecycle
crates/bacnet-transport/src/bip/control.rs	477	method	BbmdControl::snapshot
crates/bacnet-transport/src/bip/control.rs	494	method	BbmdControl::replace_bdt
crates/bacnet-transport/src/bip/control.rs	512	method	BbmdControl::set_accept_foreign_devices
crates/bacnet-transport/src/bip/control.rs	524	method	BbmdControl::set_max_fdt_entries
crates/bacnet-transport/src/bip/control.rs	534	method	BbmdControl::set_management_acl
crates/bacnet-transport/src/bip/control.rs	547	method	BbmdControl::set_wire_management_enabled
crates/bacnet-transport/src/bip/control.rs	562	method	BbmdControl::expire_fdt_entry_for_test
crates/bacnet-transport/src/bip/control.rs	57	enum	BbmdControlError
crates/bacnet-transport/src/bip/control.rs	572	method	BbmdControl::backdate_fdt_entry_for_test
crates/bacnet-transport/src/bip/control.rs	589	struct	PacketWork
crates/bacnet-transport/src/bip/control.rs	594	enum	LifecycleCommand
crates/bacnet-transport/src/bip/control.rs	598	struct	ControlCommand
crates/bacnet-transport/src/bip/control.rs	648	use	actor
crates/bacnet-transport/src/bip/control.rs	651	use	persistence
crates/bacnet-transport/src/bip/control.rs	89	struct	BbmdCounters
crates/bacnet-transport/src/bip/control/actor.rs	108	fn	expired
crates/bacnet-transport/src/bip/control/actor.rs	112	fn	process_control
crates/bacnet-transport/src/bip/control/actor.rs	19	fn	spawn_actor
crates/bacnet-transport/src/bip/control/actor.rs	3	struct	ActorChannels
crates/bacnet-transport/src/bip/control/actor.rs	98	fn	discard_queued_packets
crates/bacnet-transport/src/bip/control/persistence.rs	186	fn	load_persisted_bdt
crates/bacnet-transport/src/bip/control/persistence.rs	25	fn	replace_bdt_persisted
crates/bacnet-transport/src/bip/control/persistence.rs	33	fn	replace_bdt_persisted_before
crates/bacnet-transport/src/bip/control/persistence.rs	4	enum	PersistReplaceError
crates/bacnet-transport/src/bip/io.rs	102	fn	handle_bvll_message
crates/bacnet-transport/src/bip/io.rs	44	struct	RecvContext
crates/bacnet-transport/src/bip/io.rs	650	fn	handle_bvll_message_counted
crates/bacnet-transport/src/bip/mod.rs	101	struct	PendingBvlcResponse
crates/bacnet-transport/src/bip/mod.rs	109	method	PendingBvlcResponse::matches
crates/bacnet-transport/src/bip/mod.rs	152	fn	expect_bvlc_function
crates/bacnet-transport/src/bip/mod.rs	163	fn	decode_bvlc_result_code
crates/bacnet-transport/src/bip/mod.rs	204	struct	ForeignDeviceConfig
crates/bacnet-transport/src/bip/mod.rs	215	enum	ForeignDeviceRegistrationState
crates/bacnet-transport/src/bip/mod.rs	228	struct	ForeignDeviceRegistrationStatus
crates/bacnet-transport/src/bip/mod.rs	239	enum	ForeignDeviceRegistrationStartup
crates/bacnet-transport/src/bip/mod.rs	257	struct	ForeignDeviceRegistrationStatusHandle
crates/bacnet-transport/src/bip/mod.rs	263	method	ForeignDeviceRegistrationStatusHandle::pending
crates/bacnet-transport/src/bip/mod.rs	270	method	ForeignDeviceRegistrationStatusHandle::snapshot
crates/bacnet-transport/src/bip/mod.rs	278	struct	ForeignDeviceReceiveState
crates/bacnet-transport/src/bip/mod.rs	31	use	policy
crates/bacnet-transport/src/bip/mod.rs	330	struct	BipTransportBuilder
crates/bacnet-transport/src/bip/mod.rs	339	method	BipTransportBuilder::new
crates/bacnet-transport/src/bip/mod.rs	34	use	control
crates/bacnet-transport/src/bip/mod.rs	356	method	BipTransportBuilder::reuse_port
crates/bacnet-transport/src/bip/mod.rs	362	method	BipTransportBuilder::build
crates/bacnet-transport/src/bip/mod.rs	370	struct	BipTransport
crates/bacnet-transport/src/bip/mod.rs	38	use	control
crates/bacnet-transport/src/bip/mod.rs	417	method	BipTransport::new
crates/bacnet-transport/src/bip/mod.rs	43	use	socket
crates/bacnet-transport/src/bip/mod.rs	446	method	BipTransport::builder
crates/bacnet-transport/src/bip/mod.rs	465	method	BipTransport::set_reuse_port
crates/bacnet-transport/src/bip/mod.rs	479	method	BipTransport::enable_bbmd
crates/bacnet-transport/src/bip/mod.rs	49	enum	BvlcResponseKind
crates/bacnet-transport/src/bip/mod.rs	504	method	BipTransport::set_bdt_persist_path
crates/bacnet-transport/src/bip/mod.rs	514	method	BipTransport::set_bvll_policy
crates/bacnet-transport/src/bip/mod.rs	524	method	BipTransport::new_with_bbmd_control
crates/bacnet-transport/src/bip/mod.rs	544	method	BipTransport::set_bbmd_management_acl
crates/bacnet-transport/src/bip/mod.rs	564	method	BipTransport::set_bbmd_wire_management_enabled
crates/bacnet-transport/src/bip/mod.rs	573	method	BipTransport::set_bbmd_accept_foreign_devices
crates/bacnet-transport/src/bip/mod.rs	58	method	BvlcResponseKind::accepts
crates/bacnet-transport/src/bip/mod.rs	582	method	BipTransport::set_bbmd_max_fdt_entries
crates/bacnet-transport/src/bip/mod.rs	598	method	BipTransport::register_as_foreign_device
crates/bacnet-transport/src/bip/mod.rs	604	method	BipTransport::register_as_foreign_device_with_status
crates/bacnet-transport/src/bip/mod.rs	614	method	BipTransport::set_foreign_device_registration_startup
crates/bacnet-transport/src/bip/mod.rs	622	method	BipTransport::foreign_device_registration_status_handle
crates/bacnet-transport/src/bip/mod.rs	629	method	BipTransport::foreign_device_registration_status
crates/bacnet-transport/src/bip/mod.rs	642	method	BipTransport::bbmd_control
crates/bacnet-transport/src/bip/policy.rs	131	fn	function_index
crates/bacnet-transport/src/bip/policy.rs	23	struct	BvllPolicyContext
crates/bacnet-transport/src/bip/policy.rs	38	enum	BvllPolicyVerdict
crates/bacnet-transport/src/bip/policy.rs	66	trait	BvllPolicy
crates/bacnet-transport/src/bip/policy.rs	81	enum	EvaluatedPolicy
crates/bacnet-transport/src/bip/policy.rs	90	fn	callback_is_active
crates/bacnet-transport/src/bip/policy.rs	94	fn	evaluate_policy
crates/bacnet-transport/src/bip/requests.rs	16	method	BipTransport::abort_background_tasks
crates/bacnet-transport/src/bip/requests.rs	179	method	BipTransport::register_foreign_device_shared
crates/bacnet-transport/src/bip/requests.rs	209	method	BipTransport::spawn_foreign_device_registration_task
crates/bacnet-transport/src/bip/requests.rs	280	method	BipTransport::read_bdt
crates/bacnet-transport/src/bip/requests.rs	297	method	BipTransport::write_bdt
crates/bacnet-transport/src/bip/requests.rs	316	method	BipTransport::read_fdt
crates/bacnet-transport/src/bip/requests.rs	333	method	BipTransport::delete_fdt_entry
crates/bacnet-transport/src/bip/requests.rs	358	method	BipTransport::register_foreign_device_bvlc
crates/bacnet-transport/src/bip/requests.rs	4	const	BVLC_RESPONSE_TIMEOUT
crates/bacnet-transport/src/bip/requests.rs	7	method	BipTransport::require_socket
crates/bacnet-transport/src/bip/socket.rs	125	fn	disable_udp_connreset
crates/bacnet-transport/src/bip/socket.rs	13	fn	resolve_ipv4_interface
crates/bacnet-transport/src/bip/socket.rs	139	fn	ensure_reuse_port_supported
crates/bacnet-transport/src/bip/socket.rs	153	fn	ensure_reuse_port_supported
crates/bacnet-transport/src/bip/socket.rs	174	fn	set_socket_reuse_port
crates/bacnet-transport/src/bip/socket.rs	191	fn	set_socket_reuse_port
crates/bacnet-transport/src/bip/socket.rs	211	fn	set_socket_reuse_address
crates/bacnet-transport/src/bip/socket.rs	219	fn	set_socket_reuse_address
crates/bacnet-transport/src/bip/socket.rs	228	fn	set_socket_reuse_address
crates/bacnet-transport/src/bip/socket.rs	236	fn	local_ipv4_addresses
crates/bacnet-transport/src/bip/socket.rs	250	fn	local_ipv4_addresses
crates/bacnet-transport/src/bip/socket.rs	257	fn	resolve_local_ip
crates/bacnet-transport/src/bip/socket.rs	54	const	DEFAULT_BACNET_PORT
crates/bacnet-transport/src/bip/socket.rs	59	fn	disable_udp_connreset
crates/bacnet-transport/src/bip/tests.rs	14	fn	raw_bvlc_request
crates/bacnet-transport/src/bip/tests.rs	5	fn	test_bvll_message
crates/bacnet-transport/src/bip6/frame.rs	103	fn	encode_bvlc6_original_unicast
crates/bacnet-transport/src/bip6/frame.rs	12	fn	encode_bvlc6
crates/bacnet-transport/src/bip6/frame.rs	126	fn	encode_bvlc6_original_broadcast
crates/bacnet-transport/src/bip6/frame.rs	137	fn	encode_virtual_address_resolution
crates/bacnet-transport/src/bip6/frame.rs	153	fn	encode_virtual_address_resolution_ack
crates/bacnet-transport/src/bip6/frame.rs	169	fn	encode_address_resolution
crates/bacnet-transport/src/bip6/frame.rs	182	fn	encode_address_resolution_ack
crates/bacnet-transport/src/bip6/frame.rs	197	fn	decode_forwarded_npdu_payload
crates/bacnet-transport/src/bip6/frame.rs	34	fn	decode_bvlc6
crates/bacnet-transport/src/bip6/mod.rs	108	use	frame
crates/bacnet-transport/src/bip6/mod.rs	110	use	port
crates/bacnet-transport/src/bip6/mod.rs	12	type	Bip6Vmac
crates/bacnet-transport/src/bip6/mod.rs	15	const	BVLC6_HEADER_LENGTH
crates/bacnet-transport/src/bip6/mod.rs	18	const	BVLC6_UNICAST_HEADER_LENGTH
crates/bacnet-transport/src/bip6/mod.rs	21	const	MAX_VMAC_RETRIES
crates/bacnet-transport/src/bip6/mod.rs	25	enum	Bvlc6Function
crates/bacnet-transport/src/bip6/mod.rs	56	method	Bvlc6Function::from_byte
crates/bacnet-transport/src/bip6/mod.rs	75	method	Bvlc6Function::to_byte
crates/bacnet-transport/src/bip6/mod.rs	9	const	BVLC6_TYPE
crates/bacnet-transport/src/bip6/mod.rs	96	struct	Bvlc6Frame
crates/bacnet-transport/src/bip6/port.rs	104	struct	Bip6Transport
crates/bacnet-transport/src/bip6/port.rs	124	struct	Bip6ForeignDeviceConfig
crates/bacnet-transport/src/bip6/port.rs	135	enum	Bip6BroadcastScope
crates/bacnet-transport/src/bip6/port.rs	162	method	Bip6Transport::new
crates/bacnet-transport/src/bip6/port.rs	179	method	Bip6Transport::set_broadcast_scope
crates/bacnet-transport/src/bip6/port.rs	185	method	Bip6Transport::register_as_foreign_device
crates/bacnet-transport/src/bip6/port.rs	215	fn	derive_vmac_from_device_instance
crates/bacnet-transport/src/bip6/port.rs	223	fn	generate_random_vmac
crates/bacnet-transport/src/bip6/port.rs	26	const	BACNET_IPV6_MULTICAST_LINK_LOCAL
crates/bacnet-transport/src/bip6/port.rs	30	const	BACNET_IPV6_MULTICAST_SITE_LOCAL
crates/bacnet-transport/src/bip6/port.rs	34	const	BACNET_IPV6_MULTICAST_ORG_LOCAL
crates/bacnet-transport/src/bip6/port.rs	38	const	BACNET_IPV6_MULTICAST
crates/bacnet-transport/src/bip6/port.rs	41	const	DEFAULT_BACNET6_PORT
crates/bacnet-transport/src/bip6/port.rs	46	fn	encode_bip6_mac
crates/bacnet-transport/src/bip6/port.rs	54	fn	decode_bip6_mac
crates/bacnet-transport/src/bvll.rs	144	fn	encode_bip_mac
crates/bacnet-transport/src/bvll.rs	150	fn	decode_bip_mac
crates/bacnet-transport/src/bvll.rs	18	const	BVLC_TYPE_BACNET_IP
crates/bacnet-transport/src/bvll.rs	21	const	BVLL_HEADER_LENGTH
crates/bacnet-transport/src/bvll.rs	24	const	FORWARDED_ADDR_LENGTH
crates/bacnet-transport/src/bvll.rs	28	struct	BvllMessage
crates/bacnet-transport/src/bvll.rs	45	fn	encode_bvll
crates/bacnet-transport/src/bvll.rs	65	fn	encode_bvll_forwarded
crates/bacnet-transport/src/bvll.rs	88	fn	decode_bvll
crates/bacnet-transport/src/ethernet/mod.rs	110	fn	build_xid_response
crates/bacnet-transport/src/ethernet/mod.rs	13	const	BACNET_LLC_DSAP
crates/bacnet-transport/src/ethernet/mod.rs	134	fn	build_test_response
crates/bacnet-transport/src/ethernet/mod.rs	156	fn	decode_ethernet_frame
crates/bacnet-transport/src/ethernet/mod.rs	16	const	BACNET_LLC_SSAP
crates/bacnet-transport/src/ethernet/mod.rs	19	const	LLC_CONTROL_UI
crates/bacnet-transport/src/ethernet/mod.rs	21	const	LLC_CONTROL_XID_CMD
crates/bacnet-transport/src/ethernet/mod.rs	23	const	LLC_CONTROL_XID_RSP
crates/bacnet-transport/src/ethernet/mod.rs	242	const	MAX_ETHERNET_NPDU
crates/bacnet-transport/src/ethernet/mod.rs	247	struct	EthernetTransport
crates/bacnet-transport/src/ethernet/mod.rs	25	const	LLC_CONTROL_TEST_CMD
crates/bacnet-transport/src/ethernet/mod.rs	258	method	EthernetTransport::new
crates/bacnet-transport/src/ethernet/mod.rs	27	const	LLC_CONTROL_TEST_RSP
crates/bacnet-transport/src/ethernet/mod.rs	30	const	LLC_HEADER_LEN
crates/bacnet-transport/src/ethernet/mod.rs	33	const	MIN_FRAME_LEN
crates/bacnet-transport/src/ethernet/mod.rs	36	const	MAX_LLC_LENGTH
crates/bacnet-transport/src/ethernet/mod.rs	40	const	MIN_ETHERNET_PAYLOAD
crates/bacnet-transport/src/ethernet/mod.rs	43	const	ETHERNET_BROADCAST
crates/bacnet-transport/src/ethernet/mod.rs	47	struct	EthernetFrame
crates/bacnet-transport/src/ethernet/mod.rs	65	fn	encode_ethernet_frame
crates/bacnet-transport/src/ethernet/mod.rs	814	use	transport
crates/bacnet-transport/src/ethernet/mod.rs	92	fn	check_llc_control
crates/bacnet-transport/src/lib.rs	13	mod	any
crates/bacnet-transport/src/lib.rs	14	mod	bbmd
crates/bacnet-transport/src/lib.rs	15	mod	bip
crates/bacnet-transport/src/lib.rs	17	mod	bip6
crates/bacnet-transport/src/lib.rs	18	mod	bvll
crates/bacnet-transport/src/lib.rs	20	mod	ethernet
crates/bacnet-transport/src/lib.rs	21	mod	loopback
crates/bacnet-transport/src/lib.rs	22	mod	mstp
crates/bacnet-transport/src/lib.rs	23	mod	mstp_frame
crates/bacnet-transport/src/lib.rs	25	mod	mstp_serial
crates/bacnet-transport/src/lib.rs	26	mod	port
crates/bacnet-transport/src/lib.rs	27	mod	sc
crates/bacnet-transport/src/lib.rs	28	mod	sc_frame
crates/bacnet-transport/src/lib.rs	30	mod	sc_hub
crates/bacnet-transport/src/lib.rs	32	mod	sc_tls
crates/bacnet-transport/src/lib.rs	33	mod	virtual_network
crates/bacnet-transport/src/loopback.rs	17	struct	LoopbackTransport
crates/bacnet-transport/src/loopback.rs	31	method	LoopbackTransport::pair
crates/bacnet-transport/src/mstp/mod.rs	120	struct	MasterNode
crates/bacnet-transport/src/mstp/mod.rs	159	method	MasterNode::new
crates/bacnet-transport/src/mstp/mod.rs	189	method	MasterNode::handle_received_frame
crates/bacnet-transport/src/mstp/mod.rs	26	trait	SerialPort
crates/bacnet-transport/src/mstp/mod.rs	313	method	MasterNode::use_token
crates/bacnet-transport/src/mstp/mod.rs	380	method	MasterNode::pass_token
crates/bacnet-transport/src/mstp/mod.rs	395	method	MasterNode::pass_token_timeout
crates/bacnet-transport/src/mstp/mod.rs	434	method	MasterNode::poll_timeout
crates/bacnet-transport/src/mstp/mod.rs	476	method	MasterNode::queue_npdu
crates/bacnet-transport/src/mstp/mod.rs	498	use	port
crates/bacnet-transport/src/mstp/mod.rs	60	const	MSTP_MAX_FRAME_BUF
crates/bacnet-transport/src/mstp/mod.rs	76	enum	MasterState
crates/bacnet-transport/src/mstp/mod.rs	97	struct	MstpConfig
crates/bacnet-transport/src/mstp/port.rs	24	struct	MstpTransport
crates/bacnet-transport/src/mstp/port.rs	33	method	MstpTransport::new
crates/bacnet-transport/src/mstp/port.rs	45	method	MstpTransport::node_state
crates/bacnet-transport/src/mstp/port.rs	455	struct	LoopbackSerial
crates/bacnet-transport/src/mstp/port.rs	464	method	LoopbackSerial::pair
crates/bacnet-transport/src/mstp/port.rs	526	struct	NoSerial
crates/bacnet-transport/src/mstp_frame.rs	102	struct	MstpFrame
crates/bacnet-transport/src/mstp_frame.rs	136	fn	crc8
crates/bacnet-transport/src/mstp_frame.rs	146	fn	crc8_valid
crates/bacnet-transport/src/mstp_frame.rs	16	const	PREAMBLE
crates/bacnet-transport/src/mstp_frame.rs	180	fn	crc16
crates/bacnet-transport/src/mstp_frame.rs	19	const	HEADER_LENGTH
crates/bacnet-transport/src/mstp_frame.rs	190	fn	crc16_valid
crates/bacnet-transport/src/mstp_frame.rs	206	fn	encode_frame
crates/bacnet-transport/src/mstp_frame.rs	23	const	MAX_MPDU_DATA
crates/bacnet-transport/src/mstp_frame.rs	252	fn	decode_frame
crates/bacnet-transport/src/mstp_frame.rs	27	const	MAX_STANDARD_MPDU_DATA
crates/bacnet-transport/src/mstp_frame.rs	30	const	BROADCAST_MAC
crates/bacnet-transport/src/mstp_frame.rs	33	const	MAX_MASTER
crates/bacnet-transport/src/mstp_frame.rs	350	fn	find_preamble
crates/bacnet-transport/src/mstp_frame.rs	38	enum	FrameType
crates/bacnet-transport/src/mstp_frame.rs	60	method	FrameType::from_raw
crates/bacnet-transport/src/mstp_frame.rs	74	method	FrameType::to_raw
crates/bacnet-transport/src/mstp_frame.rs	89	method	FrameType::has_data
crates/bacnet-transport/src/mstp_serial.rs	171	struct	GpioDirectionPort
crates/bacnet-transport/src/mstp_serial.rs	191	method	GpioDirectionPort::new
crates/bacnet-transport/src/mstp_serial.rs	204	method	GpioDirectionPort::with_post_tx_delay
crates/bacnet-transport/src/mstp_serial.rs	28	struct	SerialConfig
crates/bacnet-transport/src/mstp_serial.rs	50	struct	TokioSerialPort
crates/bacnet-transport/src/mstp_serial.rs	56	method	TokioSerialPort::open
crates/bacnet-transport/src/mstp_serial.rs	81	method	TokioSerialPort::enable_kernel_rs485
crates/bacnet-transport/src/port.rs	19	struct	DataAttribute
crates/bacnet-transport/src/port.rs	33	struct	TransportMeta
crates/bacnet-transport/src/port.rs	47	struct	ReceivedNpdu
crates/bacnet-transport/src/port.rs	90	trait	TransportPort
crates/bacnet-transport/src/sc/connect_result.rs	19	method	ScConnection::handle_connect_result
crates/bacnet-transport/src/sc/connect_result.rs	9	method	ScConnection::abort_connect
crates/bacnet-transport/src/sc/connection.rs	116	method	ScConnection::handle_connect_accept
crates/bacnet-transport/src/sc/connection.rs	155	method	ScConnection::build_disconnect_request
crates/bacnet-transport/src/sc/connection.rs	16	enum	ScConnectionState
crates/bacnet-transport/src/sc/connection.rs	179	method	ScConnection::build_heartbeat
crates/bacnet-transport/src/sc/connection.rs	192	method	ScConnection::build_heartbeat_ack
crates/bacnet-transport/src/sc/connection.rs	205	method	ScConnection::build_encapsulated_npdu
crates/bacnet-transport/src/sc/connection.rs	211	method	ScConnection::build_encapsulated_npdu_with_data_attributes
crates/bacnet-transport/src/sc/connection.rs	229	method	ScConnection::handle_received
crates/bacnet-transport/src/sc/connection.rs	29	struct	ScConnection
crates/bacnet-transport/src/sc/connection.rs	55	method	ScConnection::new
crates/bacnet-transport/src/sc/connection.rs	73	method	ScConnection::connect_probe
crates/bacnet-transport/src/sc/connection.rs	80	method	ScConnection::absorb_failed_probe
crates/bacnet-transport/src/sc/connection.rs	88	method	ScConnection::next_id
crates/bacnet-transport/src/sc/connection.rs	95	method	ScConnection::build_connect_request
crates/bacnet-transport/src/sc/connector.rs	15	type	WebSocketConnector
crates/bacnet-transport/src/sc/connector.rs	25	method	ScTransport::with_connector
crates/bacnet-transport/src/sc/connector.rs	39	method	ScTransport::with_failover_connector
crates/bacnet-transport/src/sc/connector.rs	49	fn	dial_reconnect_ws
crates/bacnet-transport/src/sc/connector.rs	66	fn	dial_failover_ws
crates/bacnet-transport/src/sc/connector.rs	83	fn	dial_connector
crates/bacnet-transport/src/sc/data_attributes.rs	109	fn	to_data_options
crates/bacnet-transport/src/sc/data_attributes.rs	13	fn	from_data_options
crates/bacnet-transport/src/sc/data_attributes.rs	24	fn	unsupported_must_understand_data_option
crates/bacnet-transport/src/sc/data_attributes.rs	34	fn	option_header_marker
crates/bacnet-transport/src/sc/data_attributes.rs	45	fn	reject_unsupported_must_understand_data_option
crates/bacnet-transport/src/sc/errors.rs	13	enum	ScWebSocketErrorKind
crates/bacnet-transport/src/sc/errors.rs	143	method	ScConnectError::into_bacnet_error
crates/bacnet-transport/src/sc/errors.rs	148	method	ScConnectError::into_bacnet_error_with_io_kind
crates/bacnet-transport/src/sc/errors.rs	163	method	ScConnectError::from_error
crates/bacnet-transport/src/sc/errors.rs	171	method	ScConnectError::from_io_error
crates/bacnet-transport/src/sc/errors.rs	99	enum	ScConnectError
crates/bacnet-transport/src/sc/failover.rs	20	enum	ActiveHub
crates/bacnet-transport/src/sc/failover.rs	25	fn	attempt_primary_restore
crates/bacnet-transport/src/sc/handshake.rs	35	fn	perform_handshake
crates/bacnet-transport/src/sc/heartbeat.rs	13	fn	ack_matches_outstanding
crates/bacnet-transport/src/sc/heartbeat.rs	22	fn	validate_heartbeat_timing_ms
crates/bacnet-transport/src/sc/heartbeat.rs	5	const	DEFAULT_HEARTBEAT_INTERVAL_MS
crates/bacnet-transport/src/sc/heartbeat.rs	6	const	DEFAULT_HEARTBEAT_TIMEOUT_MS
crates/bacnet-transport/src/sc/heartbeat.rs	8	fn	is_bvlc_result_wire
crates/bacnet-transport/src/sc/loopback.rs	14	method	LoopbackWebSocket::pair
crates/bacnet-transport/src/sc/loopback.rs	7	struct	LoopbackWebSocket
crates/bacnet-transport/src/sc/mod.rs	122	method	ScTransport::with_device_uuid
crates/bacnet-transport/src/sc/mod.rs	128	method	ScTransport::with_connect_timeout_ms
crates/bacnet-transport/src/sc/mod.rs	137	method	ScTransport::with_heartbeat_interval_ms
crates/bacnet-transport/src/sc/mod.rs	146	method	ScTransport::with_heartbeat_timeout_ms
crates/bacnet-transport/src/sc/mod.rs	160	method	ScTransport::with_failover
crates/bacnet-transport/src/sc/mod.rs	172	method	ScTransport::with_reconnect
crates/bacnet-transport/src/sc/mod.rs	178	method	ScTransport::connection
crates/bacnet-transport/src/sc/mod.rs	188	method	ScTransport::connection_state_changes
crates/bacnet-transport/src/sc/mod.rs	39	use	connection
crates/bacnet-transport/src/sc/mod.rs	41	use	errors
crates/bacnet-transport/src/sc/mod.rs	44	use	loopback
crates/bacnet-transport/src/sc/mod.rs	45	use	random48
crates/bacnet-transport/src/sc/mod.rs	47	use	random48
crates/bacnet-transport/src/sc/mod.rs	48	use	reconnect
crates/bacnet-transport/src/sc/mod.rs	62	trait	WebSocketPort
crates/bacnet-transport/src/sc/mod.rs	74	struct	ScTransport
crates/bacnet-transport/src/sc/mod.rs	97	method	ScTransport::new
crates/bacnet-transport/src/sc/random48.rs	11	fn	generate_random48_vmac
crates/bacnet-transport/src/sc/random48.rs	37	struct	TestRandom48VmacGeneratorGuard
crates/bacnet-transport/src/sc/random48.rs	49	fn	set_test_random48_vmac_generator
crates/bacnet-transport/src/sc/reconnect.rs	23	method	super::ScConnection::reset_for_connect_retry
crates/bacnet-transport/src/sc/reconnect.rs	3	struct	ScReconnectConfig
crates/bacnet-transport/src/sc/send.rs	11	method	ScTransport::send_unicast_inner
crates/bacnet-transport/src/sc_frame.rs	114	method	ScControl::to_byte
crates/bacnet-transport/src/sc_frame.rs	132	method	ScControl::has_valid_reserved_bits
crates/bacnet-transport/src/sc_frame.rs	137	method	ScControl::from_byte
crates/bacnet-transport/src/sc_frame.rs	148	type	Vmac
crates/bacnet-transport/src/sc_frame.rs	151	const	BROADCAST_VMAC
crates/bacnet-transport/src/sc_frame.rs	154	const	UNKNOWN_VMAC
crates/bacnet-transport/src/sc_frame.rs	157	fn	is_broadcast_vmac
crates/bacnet-transport/src/sc_frame.rs	165	fn	is_valid_random48_vmac
crates/bacnet-transport/src/sc_frame.rs	17	use	result
crates/bacnet-transport/src/sc_frame.rs	171	struct	ScOption
crates/bacnet-transport/src/sc_frame.rs	186	struct	ScMessage
crates/bacnet-transport/src/sc_frame.rs	20	const	BACNET_SC_HUB_SUBPROTOCOL
crates/bacnet-transport/src/sc_frame.rs	203	fn	encode_sc_message
crates/bacnet-transport/src/sc_frame.rs	25	enum	ScFunction
crates/bacnet-transport/src/sc_frame.rs	267	fn	decode_sc_message
crates/bacnet-transport/src/sc_frame.rs	57	method	ScFunction::from_raw
crates/bacnet-transport/src/sc_frame.rs	76	method	ScFunction::to_raw
crates/bacnet-transport/src/sc_frame.rs	98	struct	ScControl
crates/bacnet-transport/src/sc_frame/result.rs	29	fn	decode_sc_bvlc_result
crates/bacnet-transport/src/sc_frame/result.rs	7	enum	ScBvlcResult
crates/bacnet-transport/src/sc_hub.rs	104	method	ScHub::start
crates/bacnet-transport/src/sc_hub.rs	113	method	ScHub::start_with_uuid
crates/bacnet-transport/src/sc_hub.rs	152	method	ScHub::local_addr
crates/bacnet-transport/src/sc_hub.rs	157	method	ScHub::hub_vmac
crates/bacnet-transport/src/sc_hub.rs	162	method	ScHub::stop
crates/bacnet-transport/src/sc_hub.rs	87	struct	ScHub
crates/bacnet-transport/src/sc_hub/client.rs	10	struct	HubClient
crates/bacnet-transport/src/sc_hub/client.rs	23	method	HubClient::new
crates/bacnet-transport/src/sc_hub/connection.rs	29	fn	accept_loop
crates/bacnet-transport/src/sc_hub/heartbeat.rs	11	enum	HubHeartbeatSweepDecision
crates/bacnet-transport/src/sc_hub/heartbeat.rs	17	fn	hub_heartbeat_sweep_decision
crates/bacnet-transport/src/sc_hub/heartbeat.rs	40	fn	heartbeat_ack_matches_pending
crates/bacnet-transport/src/sc_hub/heartbeat.rs	44	fn	clear_matching_heartbeat_ack
crates/bacnet-transport/src/sc_hub/heartbeat.rs	8	const	NO_PENDING_HEARTBEAT
crates/bacnet-transport/src/sc_hub/helpers.rs	100	fn	registered_client_matches_sink
crates/bacnet-transport/src/sc_hub/helpers.rs	109	fn	registered_client_matches_sink_in_map
crates/bacnet-transport/src/sc_hub/helpers.rs	118	fn	relay_limit_decision
crates/bacnet-transport/src/sc_hub/helpers.rs	134	fn	build_bvlc_result_nak
crates/bacnet-transport/src/sc_hub/helpers.rs	162	fn	now_secs
crates/bacnet-transport/src/sc_hub/helpers.rs	17	fn	offers_websocket_subprotocol
crates/bacnet-transport/src/sc_hub/helpers.rs	29	fn	websocket_subprotocol_error_response
crates/bacnet-transport/src/sc_hub/helpers.rs	39	fn	unexpected_bvlc_function_error_code
crates/bacnet-transport/src/sc_hub/helpers.rs	46	fn	connect_request_vmac_disposition
crates/bacnet-transport/src/sc_hub/helpers.rs	62	fn	hub_client_registration_decision
crates/bacnet-transport/src/sc_hub/relay.rs	10	enum	HubRelayReject
crates/bacnet-transport/src/sc_hub/relay.rs	15	fn	hub_relay_target
crates/bacnet-transport/src/sc_hub/relay.rs	29	fn	build_hub_relay_message
crates/bacnet-transport/src/sc_hub/relay.rs	4	enum	HubRelayTarget
crates/bacnet-transport/src/sc_hub/relay.rs	43	fn	hub_relay_recipient_vmacs
crates/bacnet-transport/src/sc_tls.rs	101	struct	TlsWebSocket
crates/bacnet-transport/src/sc_tls.rs	116	method	TlsWebSocket::connect
crates/bacnet-transport/src/sc_tls.rs	30	fn	build_client_tls_config
crates/bacnet-transport/src/virtual_network.rs	110	struct	VirtualNetwork
crates/bacnet-transport/src/virtual_network.rs	122	method	VirtualNetwork::join
crates/bacnet-transport/src/virtual_network.rs	127	method	VirtualNetwork::join_with_capacity
crates/bacnet-transport/src/virtual_network.rs	169	method	VirtualNetwork::network_name
crates/bacnet-transport/src/virtual_network.rs	174	method	VirtualNetwork::stats
crates/bacnet-transport/src/virtual_network.rs	22	const	VIRTUAL_NETWORK_QUEUE_CAPACITY
crates/bacnet-transport/src/virtual_network.rs	25	const	MAX_VIRTUAL_NETWORK_QUEUE_CAPACITY
crates/bacnet-transport/src/virtual_network.rs	82	struct	VirtualNetworkStats
crates/bacnet-types/src/bitstring.rs	126	struct	EventTransitionBits
crates/bacnet-types/src/bitstring.rs	138	method	EventTransitionBits::from_bacnet
crates/bacnet-types/src/bitstring.rs	148	method	EventTransitionBits::to_bacnet
crates/bacnet-types/src/bitstring.rs	159	struct	LimitEnable
crates/bacnet-types/src/bitstring.rs	169	method	LimitEnable::from_bacnet
crates/bacnet-types/src/bitstring.rs	178	method	LimitEnable::to_bacnet
crates/bacnet-types/src/bitstring.rs	195	struct	ServicesSupported
crates/bacnet-types/src/bitstring.rs	202	method	ServicesSupported::from_bacnet
crates/bacnet-types/src/bitstring.rs	211	method	ServicesSupported::contains
crates/bacnet-types/src/bitstring.rs	217	method	ServicesSupported::iter
crates/bacnet-types/src/bitstring.rs	23	use	crate
crates/bacnet-types/src/bitstring.rs	250	struct	ObjectTypesSupported
crates/bacnet-types/src/bitstring.rs	257	method	ObjectTypesSupported::from_bacnet
crates/bacnet-types/src/bitstring.rs	266	method	ObjectTypesSupported::contains
crates/bacnet-types/src/bitstring.rs	272	method	ObjectTypesSupported::iter
crates/bacnet-types/src/bitstring.rs	41	fn	pack_octet
crates/bacnet-types/src/bitstring.rs	50	fn	unpack_octet
crates/bacnet-types/src/bitstring.rs	65	fn	status_flags_from_bacnet
crates/bacnet-types/src/constructed/event_parameter/codec.rs	109	fn	take_real
crates/bacnet-types/src/constructed/event_parameter/codec.rs	11	fn	bitstring_pv
crates/bacnet-types/src/constructed/event_parameter/codec.rs	121	fn	take_bitstring
crates/bacnet-types/src/constructed/event_parameter/codec.rs	135	fn	take_bitstring_list
crates/bacnet-types/src/constructed/event_parameter/codec.rs	152	fn	take_dopr
crates/bacnet-types/src/constructed/event_parameter/codec.rs	196	fn	take_property_state_list
crates/bacnet-types/src/constructed/event_parameter/codec.rs	20	fn	property_state_pv
crates/bacnet-types/src/constructed/event_parameter/codec.rs	208	fn	property_state_from_pv
crates/bacnet-types/src/constructed/event_parameter/codec.rs	29	fn	property_state_parts
crates/bacnet-types/src/constructed/event_parameter/codec.rs	59	fn	device_object_property_reference_pv
crates/bacnet-types/src/constructed/event_parameter/codec.rs	77	fn	take_pv
crates/bacnet-types/src/constructed/event_parameter/codec.rs	87	fn	take_u32
crates/bacnet-types/src/constructed/event_parameter/codec.rs	98	fn	take_u16
crates/bacnet-types/src/constructed/event_parameter/fault.rs	13	const	NONE
crates/bacnet-types/src/constructed/event_parameter/fault.rs	14	const	CHARACTER_STRING
crates/bacnet-types/src/constructed/event_parameter/fault.rs	15	const	EXTENDED
crates/bacnet-types/src/constructed/event_parameter/fault.rs	16	const	LIFE_SAFETY
crates/bacnet-types/src/constructed/event_parameter/fault.rs	17	const	STATE
crates/bacnet-types/src/constructed/event_parameter/fault.rs	18	const	STATUS_FLAGS
crates/bacnet-types/src/constructed/event_parameter/fault.rs	19	const	OUT_OF_RANGE
crates/bacnet-types/src/constructed/event_parameter/fault.rs	20	const	LISTED
crates/bacnet-types/src/constructed/event_parameter/fault.rs	30	method	crate::constructed::FaultParameters::encode_property_value
crates/bacnet-types/src/constructed/event_parameter/fault.rs	93	method	crate::constructed::FaultParameters::decode_property_value
crates/bacnet-types/src/constructed/event_parameter/mod.rs	145	method	BACnetEventParameter::tag
crates/bacnet-types/src/constructed/event_parameter/mod.rs	163	method	BACnetEventParameter::encode
crates/bacnet-types/src/constructed/event_parameter/mod.rs	24	mod	event_parameter_tag
crates/bacnet-types/src/constructed/event_parameter/mod.rs	253	method	BACnetEventParameter::decode
crates/bacnet-types/src/constructed/event_parameter/mod.rs	26	const	CHANGE_OF_BITSTRING
crates/bacnet-types/src/constructed/event_parameter/mod.rs	28	const	CHANGE_OF_STATE
crates/bacnet-types/src/constructed/event_parameter/mod.rs	30	const	CHANGE_OF_VALUE
crates/bacnet-types/src/constructed/event_parameter/mod.rs	32	const	COMMAND_FAILURE
crates/bacnet-types/src/constructed/event_parameter/mod.rs	34	const	FLOATING_LIMIT
crates/bacnet-types/src/constructed/event_parameter/mod.rs	36	const	OUT_OF_RANGE
crates/bacnet-types/src/constructed/event_parameter/mod.rs	38	const	EXTENDED
crates/bacnet-types/src/constructed/event_parameter/mod.rs	47	enum	ChangeOfValueCriteria
crates/bacnet-types/src/constructed/event_parameter/mod.rs	70	enum	BACnetEventParameter
crates/bacnet-types/src/constructed/mod.rs	107	enum	BACnetCalendarEntry
crates/bacnet-types/src/constructed/mod.rs	126	struct	BACnetTimeValue
crates/bacnet-types/src/constructed/mod.rs	144	enum	SpecialEventPeriod
crates/bacnet-types/src/constructed/mod.rs	158	struct	BACnetSpecialEvent
crates/bacnet-types/src/constructed/mod.rs	174	struct	BACnetObjectPropertyReference
crates/bacnet-types/src/constructed/mod.rs	185	method	BACnetObjectPropertyReference::new
crates/bacnet-types/src/constructed/mod.rs	194	method	BACnetObjectPropertyReference::new_indexed
crates/bacnet-types/src/constructed/mod.rs	216	struct	BACnetDeviceObjectPropertyReference
crates/bacnet-types/src/constructed/mod.rs	22	struct	BACnetDateRange
crates/bacnet-types/src/constructed/mod.rs	229	method	BACnetDeviceObjectPropertyReference::new_local
crates/bacnet-types/src/constructed/mod.rs	239	method	BACnetDeviceObjectPropertyReference::new_remote
crates/bacnet-types/src/constructed/mod.rs	253	method	BACnetDeviceObjectPropertyReference::with_index
crates/bacnet-types/src/constructed/mod.rs	265	struct	BACnetAddress
crates/bacnet-types/src/constructed/mod.rs	274	method	BACnetAddress::local_broadcast
crates/bacnet-types/src/constructed/mod.rs	282	method	BACnetAddress::from_ip
crates/bacnet-types/src/constructed/mod.rs	301	enum	BACnetRecipient
crates/bacnet-types/src/constructed/mod.rs	31	method	BACnetDateRange::encode
crates/bacnet-types/src/constructed/mod.rs	317	struct	BACnetDestination
crates/bacnet-types/src/constructed/mod.rs	355	enum	LogDatum
crates/bacnet-types/src/constructed/mod.rs	39	method	BACnetDateRange::decode
crates/bacnet-types/src/constructed/mod.rs	401	struct	BACnetLogRecord
crates/bacnet-types/src/constructed/mod.rs	418	enum	BACnetScale
crates/bacnet-types/src/constructed/mod.rs	429	struct	BACnetPrescale
crates/bacnet-types/src/constructed/mod.rs	441	enum	BACnetPropertyStates
crates/bacnet-types/src/constructed/mod.rs	478	enum	BACnetShedLevel
crates/bacnet-types/src/constructed/mod.rs	497	struct	BACnetLightingCommand
crates/bacnet-types/src/constructed/mod.rs	521	struct	BACnetDeviceObjectReference
crates/bacnet-types/src/constructed/mod.rs	537	struct	BACnetAccessRule
crates/bacnet-types/src/constructed/mod.rs	559	struct	BACnetAssignedAccessRights
crates/bacnet-types/src/constructed/mod.rs	572	struct	BACnetAssignedLandingCalls
crates/bacnet-types/src/constructed/mod.rs	585	enum	FaultParameters
crates/bacnet-types/src/constructed/mod.rs	623	struct	BACnetRecipientProcess
crates/bacnet-types/src/constructed/mod.rs	637	struct	BACnetCOVSubscription
crates/bacnet-types/src/constructed/mod.rs	64	struct	BACnetWeekNDay
crates/bacnet-types/src/constructed/mod.rs	651	enum	BACnetValueSource
crates/bacnet-types/src/constructed/mod.rs	662	use	event_parameter
crates/bacnet-types/src/constructed/mod.rs	75	const	ANY
crates/bacnet-types/src/constructed/mod.rs	78	method	BACnetWeekNDay::encode
crates/bacnet-types/src/constructed/mod.rs	83	method	BACnetWeekNDay::decode
crates/bacnet-types/src/enums/access.rs	119	struct	AccessCredentialDisable
crates/bacnet-types/src/enums/access.rs	129	struct	AccessCredentialDisableReason
crates/bacnet-types/src/enums/access.rs	145	struct	AccessUserType
crates/bacnet-types/src/enums/access.rs	154	struct	AuthorizationMode
crates/bacnet-types/src/enums/access.rs	166	struct	AccessPassbackMode
crates/bacnet-types/src/enums/access.rs	22	struct	DoorStatus
crates/bacnet-types/src/enums/access.rs	38	struct	LockStatus
crates/bacnet-types/src/enums/access.rs	49	struct	DoorSecuredStatus
crates/bacnet-types/src/enums/access.rs	58	struct	AccessEvent
crates/bacnet-types/src/enums/access.rs	7	struct	DoorAlarmState
crates/bacnet-types/src/enums/audit.rs	20	struct	AuditLevel
crates/bacnet-types/src/enums/audit.rs	30	struct	AuditOperation
crates/bacnet-types/src/enums/audit.rs	52	struct	BACnetSuccessFilter
crates/bacnet-types/src/enums/audit.rs	7	struct	StagingState
crates/bacnet-types/src/enums/bvll.rs	26	struct	BvlcResultCode
crates/bacnet-types/src/enums/bvll.rs	39	struct	Bvlc6Function
crates/bacnet-types/src/enums/bvll.rs	57	struct	Bvlc6ResultCode
crates/bacnet-types/src/enums/bvll.rs	7	struct	BvlcFunction
crates/bacnet-types/src/enums/life_safety.rs	37	struct	LifeSafetyMode
crates/bacnet-types/src/enums/life_safety.rs	63	struct	LifeSafetyOperation
crates/bacnet-types/src/enums/life_safety.rs	7	struct	LifeSafetyState
crates/bacnet-types/src/enums/life_safety.rs	79	struct	SilencedState
crates/bacnet-types/src/enums/lift.rs	104	struct	LiftFault
crates/bacnet-types/src/enums/lift.rs	19	struct	EscalatorFault
crates/bacnet-types/src/enums/lift.rs	34	struct	LiftCarDirection
crates/bacnet-types/src/enums/lift.rs	46	struct	LiftGroupMode
crates/bacnet-types/src/enums/lift.rs	59	struct	LiftCarDoorCommand
crates/bacnet-types/src/enums/lift.rs	68	struct	LiftCarDriveStatus
crates/bacnet-types/src/enums/lift.rs	7	struct	EscalatorMode
crates/bacnet-types/src/enums/lift.rs	84	struct	LiftCarMode
crates/bacnet-types/src/enums/lighting.rs	24	struct	LightingInProgress
crates/bacnet-types/src/enums/lighting.rs	7	struct	LightingOperation
crates/bacnet-types/src/enums/misc.rs	125	method	ServiceSupported::from_confirmed_choice
crates/bacnet-types/src/enums/misc.rs	166	method	ServiceSupported::from_unconfirmed_choice
crates/bacnet-types/src/enums/misc.rs	19	struct	NodeType
crates/bacnet-types/src/enums/misc.rs	190	struct	MessagePriority
crates/bacnet-types/src/enums/misc.rs	198	struct	VTClass
crates/bacnet-types/src/enums/misc.rs	47	struct	AcknowledgmentFilter
crates/bacnet-types/src/enums/misc.rs	56	struct	EventTransitionBits
crates/bacnet-types/src/enums/misc.rs	65	struct	ServiceSupported
crates/bacnet-types/src/enums/misc.rs	9	struct	ShedState
crates/bacnet-types/src/enums/mod.rs	101	use	audit
crates/bacnet-types/src/enums/mod.rs	103	use	units
crates/bacnet-types/src/enums/mod.rs	105	use	resolve
crates/bacnet-types/src/enums/mod.rs	33	const	$VARIANT
crates/bacnet-types/src/enums/mod.rs	38	method	$Name::from_raw
crates/bacnet-types/src/enums/mod.rs	44	method	$Name::to_raw
crates/bacnet-types/src/enums/mod.rs	49	const	ALL_NAMED
crates/bacnet-types/src/enums/mod.rs	75	use	object_type
crates/bacnet-types/src/enums/mod.rs	77	use	property_id
crates/bacnet-types/src/enums/mod.rs	79	use	protocol
crates/bacnet-types/src/enums/mod.rs	81	use	network
crates/bacnet-types/src/enums/mod.rs	83	use	bvll
crates/bacnet-types/src/enums/mod.rs	85	use	object_level
crates/bacnet-types/src/enums/mod.rs	87	use	network_port
crates/bacnet-types/src/enums/mod.rs	89	use	life_safety
crates/bacnet-types/src/enums/mod.rs	91	use	scheduling
crates/bacnet-types/src/enums/mod.rs	93	use	access
crates/bacnet-types/src/enums/mod.rs	95	use	lighting
crates/bacnet-types/src/enums/mod.rs	97	use	lift
crates/bacnet-types/src/enums/mod.rs	99	use	misc
crates/bacnet-types/src/enums/network.rs	17	struct	NetworkMessageType
crates/bacnet-types/src/enums/network.rs	43	struct	RejectMessageReason
crates/bacnet-types/src/enums/network.rs	7	struct	NetworkPriority
crates/bacnet-types/src/enums/network_port.rs	25	struct	IPMode
crates/bacnet-types/src/enums/network_port.rs	34	struct	NetworkPortCommand
crates/bacnet-types/src/enums/network_port.rs	48	struct	NetworkNumberQuality
crates/bacnet-types/src/enums/network_port.rs	58	struct	NetworkReachability
crates/bacnet-types/src/enums/network_port.rs	67	struct	ProtocolLevel
crates/bacnet-types/src/enums/network_port.rs	7	struct	NetworkType
crates/bacnet-types/src/enums/network_port.rs	77	struct	WriteStatus
crates/bacnet-types/src/enums/object_level.rs	103	struct	FileAccessMethod
crates/bacnet-types/src/enums/object_level.rs	111	struct	ProgramState
crates/bacnet-types/src/enums/object_level.rs	123	struct	ProgramChange
crates/bacnet-types/src/enums/object_level.rs	135	struct	Action
crates/bacnet-types/src/enums/object_level.rs	143	struct	EventType
crates/bacnet-types/src/enums/object_level.rs	171	struct	NotifyType
crates/bacnet-types/src/enums/object_level.rs	180	struct	BackupAndRestoreState
crates/bacnet-types/src/enums/object_level.rs	19	struct	BinaryPV
crates/bacnet-types/src/enums/object_level.rs	193	struct	LoggingType
crates/bacnet-types/src/enums/object_level.rs	27	struct	Polarity
crates/bacnet-types/src/enums/object_level.rs	35	struct	Reliability
crates/bacnet-types/src/enums/object_level.rs	67	struct	DeviceStatus
crates/bacnet-types/src/enums/object_level.rs	7	struct	EventState
crates/bacnet-types/src/enums/object_level.rs	79	struct	EnableDisable
crates/bacnet-types/src/enums/object_level.rs	89	struct	ReinitializedState
crates/bacnet-types/src/enums/object_type.rs	10	struct	ObjectType
crates/bacnet-types/src/enums/property_id.rs	10	struct	PropertyIdentifier
crates/bacnet-types/src/enums/protocol.rs	21	struct	ConfirmedServiceChoice
crates/bacnet-types/src/enums/protocol.rs	253	struct	AbortReason
crates/bacnet-types/src/enums/protocol.rs	271	struct	RejectReason
crates/bacnet-types/src/enums/protocol.rs	287	struct	Segmentation
crates/bacnet-types/src/enums/protocol.rs	60	struct	UnconfirmedServiceChoice
crates/bacnet-types/src/enums/protocol.rs	7	struct	PduType
crates/bacnet-types/src/enums/protocol.rs	81	struct	ErrorClass
crates/bacnet-types/src/enums/protocol.rs	95	struct	ErrorCode
crates/bacnet-types/src/enums/resolve.rs	120	method	ResolvedEnum::from_property
crates/bacnet-types/src/enums/resolve.rs	231	fn	resolve_enum
crates/bacnet-types/src/enums/resolve.rs	246	enum	ResolvedBits
crates/bacnet-types/src/enums/resolve.rs	274	method	ResolvedBits::from_property
crates/bacnet-types/src/enums/resolve.rs	320	fn	resolve_bits
crates/bacnet-types/src/enums/resolve.rs	337	enum	ResolvedValue
crates/bacnet-types/src/enums/resolve.rs	391	fn	resolve_value
crates/bacnet-types/src/enums/resolve.rs	43	enum	ResolvedEnum
crates/bacnet-types/src/enums/scheduling.rs	16	struct	TimerTransition
crates/bacnet-types/src/enums/scheduling.rs	7	struct	TimerState
crates/bacnet-types/src/enums/units.rs	10	struct	EngineeringUnits
crates/bacnet-types/src/error.rs	120	type	Result
crates/bacnet-types/src/error.rs	124	method	Error::decoding
crates/bacnet-types/src/error.rs	132	method	Error::buffer_too_short
crates/bacnet-types/src/error.rs	34	enum	Error
crates/bacnet-types/src/lib.rs	14	mod	bitstring
crates/bacnet-types/src/lib.rs	15	mod	constructed
crates/bacnet-types/src/lib.rs	16	mod	enums
crates/bacnet-types/src/lib.rs	17	mod	error
crates/bacnet-types/src/lib.rs	18	mod	primitives
crates/bacnet-types/src/lib.rs	25	type	MacAddr
crates/bacnet-types/src/primitives.rs	111	method	ObjectIdentifier::new_unchecked
crates/bacnet-types/src/primitives.rs	119	method	ObjectIdentifier::object_type
crates/bacnet-types/src/primitives.rs	129	method	ObjectIdentifier::instance_number
crates/bacnet-types/src/primitives.rs	134	method	ObjectIdentifier::encode
crates/bacnet-types/src/primitives.rs	151	method	ObjectIdentifier::decode
crates/bacnet-types/src/primitives.rs	198	struct	Date
crates/bacnet-types/src/primitives.rs	211	const	UNSPECIFIED
crates/bacnet-types/src/primitives.rs	214	method	Date::encode
crates/bacnet-types/src/primitives.rs	219	method	Date::decode
crates/bacnet-types/src/primitives.rs	235	method	Date::actual_year
crates/bacnet-types/src/primitives.rs	252	struct	Time
crates/bacnet-types/src/primitives.rs	265	const	UNSPECIFIED
crates/bacnet-types/src/primitives.rs	268	method	Time::encode
crates/bacnet-types/src/primitives.rs	273	method	Time::decode
crates/bacnet-types/src/primitives.rs	28	struct	ObjectIdentifier
crates/bacnet-types/src/primitives.rs	295	enum	BACnetTimeStamp
crates/bacnet-types/src/primitives.rs	311	struct	StatusFlags
crates/bacnet-types/src/primitives.rs	348	struct	DaysOfWeek
crates/bacnet-types/src/primitives.rs	370	enum	PropertyValue
crates/bacnet-types/src/primitives.rs	41	const	MAX_INSTANCE
crates/bacnet-types/src/primitives.rs	49	const	WILDCARD_INSTANCE
crates/bacnet-types/src/primitives.rs	54	const	MAX_ADDRESSABLE_INSTANCE
crates/bacnet-types/src/primitives.rs	65	method	ObjectIdentifier::new
crates/bacnet-types/src/primitives.rs	89	method	ObjectIdentifier::new_addressable
crates/rusty-bacnet/src/client/client_methods/lifecycle_state.rs	18	struct	ClientRestartReservation
crates/rusty-bacnet/src/client/client_methods/lifecycle_state.rs	3	struct	ClientStartReservation
crates/rusty-bacnet/src/client/client_methods/lifecycle_state.rs	31	struct	ClientStopCompletion
crates/rusty-bacnet/src/client/client_methods/lifecycle_state.rs	51	struct	ApduObserverStartGuard
crates/rusty-bacnet/src/client/client_methods/lifecycle_state.rs	57	method	ApduObserverStartGuard::new
crates/rusty-bacnet/src/client/client_methods/lifecycle_state.rs	64	method	ApduObserverStartGuard::commit
crates/rusty-bacnet/src/client/mod.rs	110	struct	BACnetClient
crates/rusty-bacnet/src/client/mod.rs	19	type	ManagedCOVState
crates/rusty-bacnet/src/client/mod.rs	53	fn	decode_complete_property_value
crates/rusty-bacnet/src/errors.rs	105	fn	register
crates/rusty-bacnet/src/errors.rs	24	fn	bbmd_control_to_py_err
crates/rusty-bacnet/src/errors.rs	45	fn	to_py_err
crates/rusty-bacnet/src/hub.rs	35	struct	PyScHub
crates/rusty-bacnet/src/router.rs	124	struct	PyBACnetRouter
crates/rusty-bacnet/src/router.rs	70	struct	PyRouterPortCounters
crates/rusty-bacnet/src/runtime.rs	30	use	attachments
crates/rusty-bacnet/src/runtime.rs	34	use	core
crates/rusty-bacnet/src/runtime.rs	35	use	io
crates/rusty-bacnet/src/runtime.rs	39	use	models
crates/rusty-bacnet/src/runtime/attachments.rs	167	enum	PyRuntimeAttachmentConfig
crates/rusty-bacnet/src/runtime/attachments.rs	174	method	PyRuntimeAttachmentConfig::into_rust
crates/rusty-bacnet/src/runtime/attachments.rs	226	struct	PyRuntimeReconcileReport
crates/rusty-bacnet/src/runtime/attachments.rs	244	struct	PyRuntimePersistedDevice
crates/rusty-bacnet/src/runtime/attachments.rs	292	method	PyRuntimePersistedDevice::into_rust
crates/rusty-bacnet/src/runtime/attachments.rs	51	struct	PyRuntimeMstpAttachment
crates/rusty-bacnet/src/runtime/attachments.rs	6	struct	PyRuntimeAttachment
crates/rusty-bacnet/src/runtime/attachments.rs	96	struct	PyRuntimeScAttachment
crates/rusty-bacnet/src/runtime/conversions.rs	130	fn	path_to_py
crates/rusty-bacnet/src/runtime/conversions.rs	141	fn	event_to_py
crates/rusty-bacnet/src/runtime/conversions.rs	3	fn	snapshot_to_py
crates/rusty-bacnet/src/runtime/conversions.rs	62	fn	observation_to_py
crates/rusty-bacnet/src/runtime/conversions.rs	81	fn	router_to_py
crates/rusty-bacnet/src/runtime/conversions.rs	93	fn	topology_attachment_to_py
crates/rusty-bacnet/src/runtime/core.rs	5	struct	PyBACnetRuntime
crates/rusty-bacnet/src/runtime/helpers.rs	121	fn	write_outcome_to_py
crates/rusty-bacnet/src/runtime/helpers.rs	142	fn	decode_raw_value
crates/rusty-bacnet/src/runtime/helpers.rs	16	fn	attachment_u128
crates/rusty-bacnet/src/runtime/helpers.rs	20	fn	device_key
crates/rusty-bacnet/src/runtime/helpers.rs	27	fn	parse_priority
crates/rusty-bacnet/src/runtime/helpers.rs	3	fn	runtime_error
crates/rusty-bacnet/src/runtime/helpers.rs	39	fn	read_batch_request
crates/rusty-bacnet/src/runtime/helpers.rs	68	fn	write_batch_request
crates/rusty-bacnet/src/runtime/helpers.rs	98	fn	read_outcome_to_py
crates/rusty-bacnet/src/runtime/io.rs	107	struct	PyRuntimeBatchOutcome
crates/rusty-bacnet/src/runtime/io.rs	133	struct	PyRuntimeObservationReport
crates/rusty-bacnet/src/runtime/io.rs	149	struct	PyRuntimeCancelReport
crates/rusty-bacnet/src/runtime/io.rs	162	struct	PyRuntimeReadOperation
crates/rusty-bacnet/src/runtime/io.rs	194	struct	PyRuntimeWriteOperation
crates/rusty-bacnet/src/runtime/io.rs	227	struct	PyRuntimeObservation
crates/rusty-bacnet/src/runtime/io.rs	270	struct	CrossingCounters
crates/rusty-bacnet/src/runtime/io.rs	3	type	ScanRead
crates/rusty-bacnet/src/runtime/io.rs	53	struct	PyRuntimeWrite
crates/rusty-bacnet/src/runtime/io.rs	8	struct	PyRuntimeRead
crates/rusty-bacnet/src/runtime/models.rs	100	struct	PyRuntimeDiscoveredRouter
crates/rusty-bacnet/src/runtime/models.rs	118	struct	PyRuntimeDiscoverySnapshot
crates/rusty-bacnet/src/runtime/models.rs	134	struct	PyRuntimeBdtEntry
crates/rusty-bacnet/src/runtime/models.rs	146	struct	PyRuntimeFdtEntry
crates/rusty-bacnet/src/runtime/models.rs	160	struct	PyRuntimeBbmdSnapshot
crates/rusty-bacnet/src/runtime/models.rs	172	struct	PyRuntimeAttachmentTopology
crates/rusty-bacnet/src/runtime/models.rs	188	struct	PyRuntimeTopologySnapshot
crates/rusty-bacnet/src/runtime/models.rs	20	struct	PyRuntimeHealth
crates/rusty-bacnet/src/runtime/models.rs	200	struct	PyRuntimeCovValue
crates/rusty-bacnet/src/runtime/models.rs	216	struct	PyRuntimeEvent
crates/rusty-bacnet/src/runtime/models.rs	282	struct	PyRuntimeEventBatch
crates/rusty-bacnet/src/runtime/models.rs	290	struct	PyScanOutcome
crates/rusty-bacnet/src/runtime/models.rs	320	struct	PyScanSnapshot
crates/rusty-bacnet/src/runtime/models.rs	348	struct	PyRuntimeScannedObject
crates/rusty-bacnet/src/runtime/models.rs	358	struct	PyRuntimeDeviceScanSnapshot
crates/rusty-bacnet/src/runtime/models.rs	6	struct	PyRuntimeDeviceRestoreReport
crates/rusty-bacnet/src/runtime/models.rs	62	struct	PyRuntimeCrossingCounters
crates/rusty-bacnet/src/runtime/models.rs	74	struct	PyRuntimeDiscoveredDevice
crates/rusty-bacnet/src/server/mod.rs	86	struct	BACnetServer
crates/rusty-bacnet/src/tls.rs	67	fn	build_client_tls_config
crates/rusty-bacnet/src/tls.rs	9	fn	build_server_tls_config
crates/rusty-bacnet/src/types/address.rs	124	struct	PyRoutedTarget
crates/rusty-bacnet/src/types/address.rs	13	fn	parse_address
crates/rusty-bacnet/src/types/address.rs	132	enum	PyTarget
crates/rusty-bacnet/src/types/address.rs	139	method	PyTarget::into_parts
crates/rusty-bacnet/src/types/address.rs	93	struct	PyDirectTarget
crates/rusty-bacnet/src/types/apdu_observer.rs	15	struct	PyApduDecodeError
crates/rusty-bacnet/src/types/apdu_observer.rs	190	struct	PyApduObserverEventIterator
crates/rusty-bacnet/src/types/apdu_observer.rs	238	struct	PyApduObserverState
crates/rusty-bacnet/src/types/apdu_observer.rs	244	method	PyApduObserverState::configured
crates/rusty-bacnet/src/types/apdu_observer.rs	273	method	PyApduObserverState::observer
crates/rusty-bacnet/src/types/apdu_observer.rs	280	method	PyApduObserverState::events
crates/rusty-bacnet/src/types/apdu_observer.rs	297	method	PyApduObserverState::close_and_reset
crates/rusty-bacnet/src/types/apdu_observer.rs	309	method	PyApduObserverState::take_test_receiver
crates/rusty-bacnet/src/types/apdu_observer.rs	51	struct	PyApduObserverEvent
crates/rusty-bacnet/src/types/bbmd.rs	112	fn	parse_bdt_entries
crates/rusty-bacnet/src/types/bbmd.rs	142	fn	parse_management_acl
crates/rusty-bacnet/src/types/bbmd.rs	160	struct	PyBdtEntry
crates/rusty-bacnet/src/types/bbmd.rs	202	method	PyBdtEntry::from_rust
crates/rusty-bacnet/src/types/bbmd.rs	210	struct	PyFdtEntry
crates/rusty-bacnet/src/types/bbmd.rs	255	struct	PyBbmdCounters
crates/rusty-bacnet/src/types/bbmd.rs	298	struct	PyBvllPolicyDecisionCounters
crates/rusty-bacnet/src/types/bbmd.rs	350	struct	PyBbmdSnapshot
crates/rusty-bacnet/src/types/bbmd.rs	405	struct	PyBbmdControl
crates/rusty-bacnet/src/types/bbmd.rs	411	method	PyBbmdControl::from_rust_with_policy
crates/rusty-bacnet/src/types/bbmd.rs	418	method	PyBbmdControl::to_rust
crates/rusty-bacnet/src/types/bbmd.rs	422	method	PyBbmdControl::policy
crates/rusty-bacnet/src/types/bbmd.rs	52	method	PyBbmdTransportConfig::initial_transport
crates/rusty-bacnet/src/types/bbmd.rs	555	method	PyFdtEntry::from_rust
crates/rusty-bacnet/src/types/bbmd.rs	59	method	PyBbmdTransportConfig::restart_transport
crates/rusty-bacnet/src/types/bbmd.rs	76	method	PyBbmdTransportConfig::retry_transport
crates/rusty-bacnet/src/types/bbmd.rs	9	struct	PyBbmdTransportConfig
crates/rusty-bacnet/src/types/bvll_policy.rs	142	struct	PyBvllPolicyCounters
crates/rusty-bacnet/src/types/bvll_policy.rs	23	fn	ensure_not_in_python_bvll_policy
crates/rusty-bacnet/src/types/bvll_policy.rs	231	struct	PythonBvllPolicyBridge
crates/rusty-bacnet/src/types/bvll_policy.rs	237	method	PythonBvllPolicyBridge::new
crates/rusty-bacnet/src/types/bvll_policy.rs	322	method	PythonBvllPolicyBridge::fresh
crates/rusty-bacnet/src/types/bvll_policy.rs	326	method	PythonBvllPolicyBridge::counters
crates/rusty-bacnet/src/types/bvll_policy.rs	330	method	PythonBvllPolicyBridge::ensure_control_not_reentrant
crates/rusty-bacnet/src/types/bvll_policy.rs	34	struct	PyBvllPolicyContext
crates/rusty-bacnet/src/types/bvll_policy.rs	340	method	PythonBvllPolicyBridge::shutdown
crates/rusty-bacnet/src/types/bvll_policy.rs	67	struct	PyBvllPolicyVerdict
crates/rusty-bacnet/src/types/cov.rs	113	struct	PyCovNotificationIterator
crates/rusty-bacnet/src/types/cov.rs	118	method	PyCovNotificationIterator::new
crates/rusty-bacnet/src/types/cov.rs	126	enum	PyManagedCOVTarget
crates/rusty-bacnet/src/types/cov.rs	13	struct	PyCovNotification
crates/rusty-bacnet/src/types/cov.rs	136	struct	PyManagedCOVEvent
crates/rusty-bacnet/src/types/cov.rs	210	struct	PyManagedCOVEventIterator
crates/rusty-bacnet/src/types/cov.rs	252	struct	PyManagedCOVSubscription
crates/rusty-bacnet/src/types/cov.rs	261	method	PyManagedCOVSubscription::new
crates/rusty-bacnet/src/types/device.rs	69	method	PyDiscoveredDevice::from_rust
crates/rusty-bacnet/src/types/device.rs	9	struct	PyDiscoveredDevice
crates/rusty-bacnet/src/types/enums.rs	14	struct	$PyStruct
crates/rusty-bacnet/src/types/enums.rs	19	method	$PyStruct::to_rust
crates/rusty-bacnet/src/types/enums.rs	24	method	$PyStruct::register_constants
crates/rusty-bacnet/src/types/foreign_device.rs	18	method	PyForeignDeviceStatus::from_rust
crates/rusty-bacnet/src/types/foreign_device.rs	8	struct	PyForeignDeviceStatus
crates/rusty-bacnet/src/types/iam.rs	11	struct	PyIAmEvent
crates/rusty-bacnet/src/types/iam.rs	156	struct	PyIAmEventIterator
crates/rusty-bacnet/src/types/iam.rs	161	method	PyIAmEventIterator::new
crates/rusty-bacnet/src/types/mod.rs	43	use	address
crates/rusty-bacnet/src/types/mod.rs	44	use	apdu_observer
crates/rusty-bacnet/src/types/mod.rs	45	use	apdu_observer
crates/rusty-bacnet/src/types/mod.rs	46	use	bbmd
crates/rusty-bacnet/src/types/mod.rs	47	use	bbmd
crates/rusty-bacnet/src/types/mod.rs	51	use	bvll_policy
crates/rusty-bacnet/src/types/mod.rs	52	use	bvll_policy
crates/rusty-bacnet/src/types/mod.rs	53	use	cov
crates/rusty-bacnet/src/types/mod.rs	57	use	device
crates/rusty-bacnet/src/types/mod.rs	58	use	enums
crates/rusty-bacnet/src/types/mod.rs	59	use	foreign_device
crates/rusty-bacnet/src/types/mod.rs	60	use	iam
crates/rusty-bacnet/src/types/mod.rs	61	use	object_identifier
crates/rusty-bacnet/src/types/mod.rs	62	use	property_value
crates/rusty-bacnet/src/types/mod.rs	63	use	raw_value
crates/rusty-bacnet/src/types/mod.rs	64	use	router
crates/rusty-bacnet/src/types/mod.rs	65	use	rpm_wpm
crates/rusty-bacnet/src/types/mod.rs	71	fn	register
crates/rusty-bacnet/src/types/object_identifier.rs	12	struct	PyObjectIdentifier
crates/rusty-bacnet/src/types/object_identifier.rs	57	method	PyObjectIdentifier::to_rust
crates/rusty-bacnet/src/types/object_identifier.rs	61	method	PyObjectIdentifier::from_rust
crates/rusty-bacnet/src/types/property_value.rs	21	struct	PyPropertyValue
crates/rusty-bacnet/src/types/property_value.rs	26	method	PyPropertyValue::to_rust
crates/rusty-bacnet/src/types/property_value.rs	30	method	PyPropertyValue::from_rust
crates/rusty-bacnet/src/types/raw_value.rs	14	struct	PyRawTag
crates/rusty-bacnet/src/types/raw_value.rs	285	fn	decode_raw_value
crates/rusty-bacnet/src/types/raw_value.rs	342	fn	describe_tags
crates/rusty-bacnet/src/types/router.rs	5	struct	PyRouterInfo
crates/rusty-bacnet/src/types/router.rs	65	method	PyRouterInfo::from_rust
crates/rusty-bacnet/src/types/rpm_wpm.rs	28	fn	rpm_ack_to_py
crates/rusty-bacnet/src/types/rpm_wpm.rs	74	fn	py_to_wpm_specs
crates/rusty-bacnet/src/types/rpm_wpm.rs	9	fn	py_to_rpm_specs
examples/rust/samples/point-discover/src/net_defaults.rs	8	fn	default_broadcast
