path	line	kind	qualified_name
benchmarks/src/bin/sc/credentials.rs	12	struct	Credentials
benchmarks/src/bin/sc/credentials.rs	19	method	Credentials::load
benchmarks/src/bin/sc/credentials.rs	6	fn	required
benchmarks/src/bin/sc/device.rs	15	method	ScConfig::load
benchmarks/src/bin/sc/device.rs	7	struct	ScConfig
benchmarks/src/helpers.rs	17	fn	make_benchmark_db
benchmarks/src/helpers.rs	46	fn	make_bip_server
benchmarks/src/helpers.rs	59	fn	make_bip_client
benchmarks/src/helpers.rs	70	fn	make_bip6_server
benchmarks/src/helpers.rs	82	fn	make_bip6_client
benchmarks/src/helpers.rs	93	fn	current_rss_bytes
benchmarks/src/lib.rs	1	mod	helpers
benchmarks/src/lib.rs	2	mod	sc_helpers
benchmarks/src/lib.rs	3	mod	stress
benchmarks/src/sc_helpers.rs	140	fn	make_client_tls_config
benchmarks/src/sc_helpers.rs	145	fn	try_make_client_tls_config
benchmarks/src/sc_helpers.rs	168	fn	make_client_tls12_config
benchmarks/src/sc_helpers.rs	17	struct	CertMaterial
benchmarks/src/sc_helpers.rs	189	fn	make_server_tls_config_mtls
benchmarks/src/sc_helpers.rs	194	fn	try_make_server_tls_config_mtls
benchmarks/src/sc_helpers.rs	237	fn	try_make_hub_tls_config
benchmarks/src/sc_helpers.rs	250	fn	try_make_node_tls_config
benchmarks/src/sc_helpers.rs	266	fn	make_client_tls_config_mtls
benchmarks/src/sc_helpers.rs	271	fn	try_make_client_tls_config_mtls
benchmarks/src/sc_helpers.rs	278	fn	make_client_tls_config_mtls_with_client_identity
benchmarks/src/sc_helpers.rs	286	fn	try_make_client_tls_config_mtls_with_client_identity
benchmarks/src/sc_helpers.rs	322	fn	start_sc_hub_mtls
benchmarks/src/sc_helpers.rs	342	fn	make_sc_transport_mtls
benchmarks/src/sc_helpers.rs	35	fn	generate_test_certs
benchmarks/src/sc_helpers.rs	44	fn	generate_test_certs_with_expired_server
benchmarks/src/sc_helpers.rs	53	fn	generate_test_certs_with_not_yet_valid_server
benchmarks/src/sc_helpers.rs	62	fn	generate_test_certs_with_expired_client
benchmarks/src/sc_helpers.rs	71	fn	generate_test_certs_with_not_yet_valid_client
benchmarks/src/sc_helpers.rs	80	fn	generate_test_certs_with_wrong_server_name
benchmarks/src/stress/bbmd.rs	17	fn	run
benchmarks/src/stress/clients.rs	17	fn	run
benchmarks/src/stress/cov.rs	38	fn	run
benchmarks/src/stress/harness.rs	16	fn	make_large_db
benchmarks/src/stress/harness.rs	45	fn	make_bip_server_with_db
benchmarks/src/stress/harness.rs	58	fn	make_stress_client
benchmarks/src/stress/harness.rs	69	fn	current_rss_kb
benchmarks/src/stress/mixed.rs	34	fn	run
benchmarks/src/stress/mod.rs	1	mod	bbmd
benchmarks/src/stress/mod.rs	10	mod	whois
benchmarks/src/stress/mod.rs	2	mod	clients
benchmarks/src/stress/mod.rs	3	mod	cov
benchmarks/src/stress/mod.rs	4	mod	harness
benchmarks/src/stress/mod.rs	5	mod	mixed
benchmarks/src/stress/mod.rs	6	mod	objects
benchmarks/src/stress/mod.rs	7	mod	output
benchmarks/src/stress/mod.rs	8	mod	router
benchmarks/src/stress/mod.rs	9	mod	segmentation
benchmarks/src/stress/objects.rs	20	fn	run
benchmarks/src/stress/output.rs	10	struct	StressResult
benchmarks/src/stress/output.rs	100	method	LatencyRecorder::total
benchmarks/src/stress/output.rs	105	method	LatencyRecorder::merge
benchmarks/src/stress/output.rs	112	method	LatencyRecorder::reset
benchmarks/src/stress/output.rs	126	fn	print_results
benchmarks/src/stress/output.rs	19	struct	StressMetrics
benchmarks/src/stress/output.rs	32	struct	LatencyStats
benchmarks/src/stress/output.rs	43	struct	DegradationPoint
benchmarks/src/stress/output.rs	52	struct	LatencyRecorder
benchmarks/src/stress/output.rs	59	method	LatencyRecorder::new
benchmarks/src/stress/output.rs	69	method	LatencyRecorder::record_success
benchmarks/src/stress/output.rs	76	method	LatencyRecorder::record_failure
benchmarks/src/stress/output.rs	81	method	LatencyRecorder::stats
benchmarks/src/stress/output.rs	92	method	LatencyRecorder::successful
benchmarks/src/stress/output.rs	96	method	LatencyRecorder::failed
benchmarks/src/stress/router.rs	21	fn	run
benchmarks/src/stress/segmentation.rs	16	fn	run
benchmarks/src/stress/whois.rs	17	fn	run
benchmarks/tests/sc_binary/peer.rs	11	struct	Peer
benchmarks/tests/sc_binary/peer.rs	14	method	Peer::connect
benchmarks/tests/sc_binary/peer.rs	25	method	Peer::connect_identity
benchmarks/tests/sc_binary/peer.rs	50	method	Peer::send
benchmarks/tests/sc_binary/peer.rs	67	method	Peer::recv
benchmarks/tests/sc_binary/peer.rs	72	method	Peer::read
benchmarks/tests/sc_binary/preflight.rs	152	fn	replace
benchmarks/tests/sc_binary/support.rs	10	const	DEADLINE
benchmarks/tests/sc_binary/support.rs	116	struct	Process
benchmarks/tests/sc_binary/support.rs	12	const	HUB_UUID_HEX
benchmarks/tests/sc_binary/support.rs	123	method	Process::start
benchmarks/tests/sc_binary/support.rs	13	const	HUB_UUID
benchmarks/tests/sc_binary/support.rs	140	method	Process::output
benchmarks/tests/sc_binary/support.rs	152	method	Process::wait
benchmarks/tests/sc_binary/support.rs	16	const	HUB_VMAC
benchmarks/tests/sc_binary/support.rs	167	method	Process::ready
benchmarks/tests/sc_binary/support.rs	188	method	Process::hub_url
benchmarks/tests/sc_binary/support.rs	19	struct	Files
benchmarks/tests/sc_binary/support.rs	201	fn	bounded
benchmarks/tests/sc_binary/support.rs	207	fn	pem
benchmarks/tests/sc_binary/support.rs	22	method	Files::new
benchmarks/tests/sc_binary/support.rs	42	method	Files::write
benchmarks/tests/sc_binary/support.rs	60	method	Files::certs
benchmarks/tests/sc_binary/support.rs	68	method	Files::hub
benchmarks/tests/sc_binary/support.rs	79	method	Files::secure_hub
benchmarks/tests/sc_binary/support.rs	85	method	Files::device
benchmarks/tests/sc_ws_memory/peer.rs	10	struct	Peer
benchmarks/tests/sc_ws_memory/peer.rs	156	method	Peer::rejection_evidence
benchmarks/tests/sc_ws_memory/peer.rs	16	method	Peer::hub
benchmarks/tests/sc_ws_memory/peer.rs	43	method	Peer::node
benchmarks/tests/sc_ws_memory/peer.rs	94	method	Peer::attack
benchmarks/tests/sc_ws_memory/sampler.rs	15	method	Sampler::start
benchmarks/tests/sc_ws_memory/sampler.rs	66	method	Sampler::phase
benchmarks/tests/sc_ws_memory/sampler.rs	70	method	Sampler::finish
benchmarks/tests/sc_ws_memory/sampler.rs	8	struct	Sampler
benchmarks/tests/sc_ws_memory/victim.rs	8	fn	run
crates/bacnet-cli/src/args.rs	14	enum	FileReadAccess
crates/bacnet-cli/src/args.rs	21	struct	Cli
crates/bacnet-cli/src/args.rs	97	enum	Command
crates/bacnet-cli/src/commands/capture.rs	20	struct	CaptureOpts
crates/bacnet-cli/src/commands/capture.rs	269	fn	run_capture
crates/bacnet-cli/src/commands/device.rs	104	fn	control_cmd
crates/bacnet-cli/src/commands/device.rs	128	fn	reinit_cmd
crates/bacnet-cli/src/commands/device.rs	13	fn	time_sync_cmd
crates/bacnet-cli/src/commands/device.rs	146	fn	alarms_cmd
crates/bacnet-cli/src/commands/device.rs	190	fn	acknowledge_alarm_cmd
crates/bacnet-cli/src/commands/device.rs	220	fn	delete_object_cmd
crates/bacnet-cli/src/commands/device.rs	234	fn	create_object_cmd
crates/bacnet-cli/src/commands/discover.rs	31	fn	discover
crates/bacnet-cli/src/commands/discover.rs	46	fn	discover_directed
crates/bacnet-cli/src/commands/discover.rs	62	fn	discover_network
crates/bacnet-cli/src/commands/discover.rs	78	fn	find_by_name
crates/bacnet-cli/src/commands/file.rs	510	fn	file_read_cmd
crates/bacnet-cli/src/commands/file.rs	557	fn	file_write_cmd
crates/bacnet-cli/src/commands/mod.rs	2	mod	capture
crates/bacnet-cli/src/commands/mod.rs	3	mod	device
crates/bacnet-cli/src/commands/mod.rs	4	mod	discover
crates/bacnet-cli/src/commands/mod.rs	5	mod	file
crates/bacnet-cli/src/commands/mod.rs	6	mod	read
crates/bacnet-cli/src/commands/mod.rs	7	mod	router
crates/bacnet-cli/src/commands/mod.rs	8	mod	subscribe
crates/bacnet-cli/src/commands/mod.rs	9	mod	write
crates/bacnet-cli/src/commands/read.rs	147	fn	read_range_cmd
crates/bacnet-cli/src/commands/read.rs	39	fn	read_property_cmd
crates/bacnet-cli/src/commands/read.rs	98	fn	read_multiple_cmd
crates/bacnet-cli/src/commands/router.rs	12	fn	devices_cmd
crates/bacnet-cli/src/commands/router.rs	123	fn	register_cmd
crates/bacnet-cli/src/commands/router.rs	138	fn	unregister_cmd
crates/bacnet-cli/src/commands/router.rs	23	fn	whois_router_cmd
crates/bacnet-cli/src/commands/router.rs	33	fn	bdt_cmd
crates/bacnet-cli/src/commands/router.rs	77	fn	fdt_cmd
crates/bacnet-cli/src/commands/subscribe.rs	12	fn	subscribe_cmd
crates/bacnet-cli/src/commands/write.rs	23	fn	write_property_cmd
crates/bacnet-cli/src/commands/write.rs	47	fn	write_property_multiple_cmd
crates/bacnet-cli/src/decode.rs	108	fn	format_detail
crates/bacnet-cli/src/decode.rs	20	struct	DecodedPacket
crates/bacnet-cli/src/decode.rs	29	struct	DecodedNpdu
crates/bacnet-cli/src/decode.rs	41	struct	DecodedApdu
crates/bacnet-cli/src/decode.rs	51	struct	PacketSummary
crates/bacnet-cli/src/decode.rs	61	fn	decode_packet
crates/bacnet-cli/src/decode.rs	84	fn	summarize
crates/bacnet-cli/src/interface.rs	41	fn	pick_interface
crates/bacnet-cli/src/output.rs	133	fn	format_property_value
crates/bacnet-cli/src/output.rs	15	enum	OutputFormat
crates/bacnet-cli/src/output.rs	217	fn	print_read_result
crates/bacnet-cli/src/output.rs	24	struct	DeviceInfo
crates/bacnet-cli/src/output.rs	252	fn	print_rpm_table
crates/bacnet-cli/src/output.rs	295	fn	print_success
crates/bacnet-cli/src/output.rs	309	fn	print_waiting
crates/bacnet-cli/src/output.rs	314	fn	print_error
crates/bacnet-cli/src/output.rs	45	fn	format_mac
crates/bacnet-cli/src/output.rs	59	fn	device_info
crates/bacnet-cli/src/output.rs	72	fn	print_devices
crates/bacnet-cli/src/parse.rs	111	fn	parse_property
crates/bacnet-cli/src/parse.rs	171	fn	parse_value
crates/bacnet-cli/src/parse.rs	343	fn	parse_value_with_priority
crates/bacnet-cli/src/parse.rs	380	fn	object_type_completions
crates/bacnet-cli/src/parse.rs	399	fn	property_completions
crates/bacnet-cli/src/parse.rs	61	fn	parse_object_type
crates/bacnet-cli/src/parse.rs	89	fn	parse_object_specifier
crates/bacnet-cli/src/resolve.rs	17	fn	ip_to_bip_mac
crates/bacnet-cli/src/resolve.rs	30	fn	parse_target
crates/bacnet-cli/src/resolve.rs	4	enum	Target
crates/bacnet-cli/src/session.rs	21	struct	BbmdRegistration
crates/bacnet-cli/src/session.rs	32	method	Session::new
crates/bacnet-cli/src/session.rs	42	method	Session::set_target
crates/bacnet-cli/src/session.rs	48	method	Session::clear_target
crates/bacnet-cli/src/session.rs	55	method	Session::set_bbmd_registration
crates/bacnet-cli/src/session.rs	9	struct	Session
crates/bacnet-cli/src/session.rs	92	method	Session::cancel_bbmd_renewal
crates/bacnet-cli/src/shell/admin.rs	123	fn	handle_time_sync
crates/bacnet-cli/src/shell/admin.rs	148	fn	handle_create_object
crates/bacnet-cli/src/shell/admin.rs	18	fn	parse_ack_alarm_arguments
crates/bacnet-cli/src/shell/admin.rs	181	fn	handle_delete_object
crates/bacnet-cli/src/shell/admin.rs	214	fn	handle_read_range
crates/bacnet-cli/src/shell/admin.rs	77	fn	handle_ack_alarm
crates/bacnet-cli/src/shell/admin.rs	9	struct	AckAlarmArguments
crates/bacnet-cli/src/shell/bbmd.rs	113	fn	handle_fdt
crates/bacnet-cli/src/shell/bbmd.rs	137	fn	handle_bip_discover
crates/bacnet-cli/src/shell/bbmd.rs	4	fn	handle_bip_register
crates/bacnet-cli/src/shell/bbmd.rs	67	fn	handle_unregister
crates/bacnet-cli/src/shell/bbmd.rs	90	fn	handle_bdt
crates/bacnet-cli/src/shell/cov_control.rs	138	fn	handle_reinit
crates/bacnet-cli/src/shell/cov_control.rs	3	fn	handle_subscribe
crates/bacnet-cli/src/shell/cov_control.rs	72	fn	handle_control
crates/bacnet-cli/src/shell/discover.rs	125	fn	handle_find
crates/bacnet-cli/src/shell/discover.rs	3	fn	handle_discover
crates/bacnet-cli/src/shell/file.rs	137	fn	handle_file_write
crates/bacnet-cli/src/shell/file.rs	26	fn	handle_file_read
crates/bacnet-cli/src/shell/file.rs	3	fn	handle_alarms
crates/bacnet-cli/src/shell/mod.rs	545	fn	run_shell
crates/bacnet-cli/src/shell/mod.rs	609	fn	run_bip_shell
crates/bacnet-cli/src/shell/read_write.rs	3	fn	handle_read
crates/bacnet-cli/src/shell/read_write.rs	52	fn	handle_readm
crates/bacnet-cli/src/shell/read_write.rs	76	fn	handle_write
crates/bacnet-cli/src/shell/writem.rs	3	fn	handle_writem
crates/bacnet-cli/src/shell/writem.rs	76	fn	handle_register
crates/bacnet-cli/src/timestamp.rs	103	fn	parse_bacnet_timestamp
crates/bacnet-cli/src/timestamp.rs	5	const	TIMESTAMP_GRAMMAR
crates/bacnet-cli/src/transport.rs	11	struct	TransportArgs
crates/bacnet-cli/src/transport.rs	173	fn	build_bip6_client
crates/bacnet-cli/src/transport.rs	56	fn	parse_sc_vmac_arg
crates/bacnet-cli/src/transport.rs	70	fn	parse_sc_device_uuid_arg
crates/bacnet-cli/src/transport.rs	79	fn	build_bip_client
crates/bacnet-cli/src/transport.rs	94	fn	build_sc_client
crates/bacnet-cli/tests/support/mod.rs	10	mod	sc
crates/bacnet-cli/tests/support/mod.rs	101	fn	run
crates/bacnet-cli/tests/support/mod.rs	105	fn	failure
crates/bacnet-cli/tests/support/mod.rs	14	fn	bounded
crates/bacnet-cli/tests/support/mod.rs	20	struct	Files
crates/bacnet-cli/tests/support/mod.rs	23	method	Files::new
crates/bacnet-cli/tests/support/mod.rs	39	method	Files::write
crates/bacnet-cli/tests/support/mod.rs	52	fn	command
crates/bacnet-cli/tests/support/mod.rs	60	struct	Process
crates/bacnet-cli/tests/support/mod.rs	66	method	Process::spawn
crates/bacnet-cli/tests/support/mod.rs	76	method	Process::output
crates/bacnet-cli/tests/support/sc.rs	110	fn	cli
crates/bacnet-cli/tests/support/sc.rs	132	fn	read
crates/bacnet-cli/tests/support/sc.rs	140	struct	Fixture
crates/bacnet-cli/tests/support/sc.rs	147	method	Fixture::start
crates/bacnet-cli/tests/support/sc.rs	22	struct	Leaf
crates/bacnet-cli/tests/support/sc.rs	222	fn	with_fixture
crates/bacnet-cli/tests/support/sc.rs	27	struct	Site
crates/bacnet-cli/tests/support/sc.rs	34	method	Site::new
crates/bacnet-cli/tests/support/sc.rs	49	method	Site::leaf
crates/bacnet-cli/tests/support/sc.rs	68	method	Site::roots
crates/bacnet-cli/tests/support/sc.rs	74	method	Site::client
crates/bacnet-cli/tests/support/sc.rs	83	method	Site::hub_tls_config
crates/bacnet-cli/tests/support/sc.rs	94	method	Site::acceptor
crates/bacnet-client/src/client/audit.rs	32	method	BACnetClient::unconfirmed_audit_notification
crates/bacnet-client/src/client/audit.rs	52	method	BACnetClient::audit_log_query
crates/bacnet-client/src/client/audit.rs	9	method	BACnetClient::confirmed_audit_notification
crates/bacnet-client/src/client/builder_options.rs	101	method	Bip6ClientBuilder::segmented_response_accepted
crates/bacnet-client/src/client/builder_options.rs	107	method	Bip6ClientBuilder::proposed_window_size
crates/bacnet-client/src/client/builder_options.rs	113	method	Bip6ClientBuilder::confirmed_cov_notification_ack_policy
crates/bacnet-client/src/client/builder_options.rs	127	method	ScClientBuilder::apdu_retries
crates/bacnet-client/src/client/builder_options.rs	136	method	ScClientBuilder::max_segments
crates/bacnet-client/src/client/builder_options.rs	14	method	ClientBuilder::max_segments
crates/bacnet-client/src/client/builder_options.rs	142	method	ScClientBuilder::segmented_response_accepted
crates/bacnet-client/src/client/builder_options.rs	148	method	ScClientBuilder::proposed_window_size
crates/bacnet-client/src/client/builder_options.rs	154	method	ScClientBuilder::confirmed_cov_notification_ack_policy
crates/bacnet-client/src/client/builder_options.rs	20	method	ClientBuilder::segmented_response_accepted
crates/bacnet-client/src/client/builder_options.rs	26	method	ClientBuilder::proposed_window_size
crates/bacnet-client/src/client/builder_options.rs	32	method	ClientBuilder::confirmed_cov_notification_ack_policy
crates/bacnet-client/src/client/builder_options.rs	45	method	BipClientBuilder::apdu_retries
crates/bacnet-client/src/client/builder_options.rs	5	method	ClientBuilder::apdu_retries
crates/bacnet-client/src/client/builder_options.rs	54	method	BipClientBuilder::max_segments
crates/bacnet-client/src/client/builder_options.rs	60	method	BipClientBuilder::segmented_response_accepted
crates/bacnet-client/src/client/builder_options.rs	66	method	BipClientBuilder::proposed_window_size
crates/bacnet-client/src/client/builder_options.rs	72	method	BipClientBuilder::confirmed_cov_notification_ack_policy
crates/bacnet-client/src/client/builder_options.rs	86	method	Bip6ClientBuilder::apdu_retries
crates/bacnet-client/src/client/builder_options.rs	95	method	Bip6ClientBuilder::max_segments
crates/bacnet-client/src/client/cov.rs	130	method	BACnetClient::unsubscribe_cov
crates/bacnet-client/src/client/cov.rs	153	method	BACnetClient::unsubscribe_cov_to_device
crates/bacnet-client/src/client/cov.rs	184	method	BACnetClient::subscribe_cov_property
crates/bacnet-client/src/client/cov.rs	216	method	BACnetClient::subscribe_cov_property_to_device
crates/bacnet-client/src/client/cov.rs	255	method	BACnetClient::unsubscribe_cov_property
crates/bacnet-client/src/client/cov.rs	284	method	BACnetClient::unsubscribe_cov_property_to_device
crates/bacnet-client/src/client/cov.rs	321	method	BACnetClient::cov_notifications
crates/bacnet-client/src/client/cov.rs	72	method	BACnetClient::subscribe_cov
crates/bacnet-client/src/client/cov.rs	97	method	BACnetClient::subscribe_cov_to_device
crates/bacnet-client/src/client/cov_notifications.rs	15	enum	ConfirmedCOVNotificationResponse
crates/bacnet-client/src/client/cov_notifications.rs	25	type	ConfirmedCOVNotificationAckPolicy
crates/bacnet-client/src/client/cov_notifications.rs	30	struct	ReceivedCOVNotification
crates/bacnet-client/src/client/cov_notifications.rs	44	method	ReceivedCOVNotification::new
crates/bacnet-client/src/client/cov_notifications.rs	6	enum	COVNotificationDelivery
crates/bacnet-client/src/client/cov_notifications.rs	67	fn	default_confirmed_cov_notification_ack_policy
crates/bacnet-client/src/client/cov_notifications.rs	73	method	ClientOptions::with_confirmed_cov_notification_ack_policy
crates/bacnet-client/src/client/cov_renewal.rs	107	method	ManagedCOVSubscription::events
crates/bacnet-client/src/client/cov_renewal.rs	112	method	ManagedCOVSubscription::last_event
crates/bacnet-client/src/client/cov_renewal.rs	117	method	ManagedCOVSubscription::stop
crates/bacnet-client/src/client/cov_renewal.rs	12	struct	ManagedCOVSubscriptionOptions
crates/bacnet-client/src/client/cov_renewal.rs	127	method	ManagedCOVSubscription::is_finished
crates/bacnet-client/src/client/cov_renewal.rs	156	method	BACnetClient::manage_cov_subscription
crates/bacnet-client/src/client/cov_renewal.rs	36	method	ManagedCOVSubscriptionOptions::with_renewal_margin
crates/bacnet-client/src/client/cov_renewal.rs	42	method	ManagedCOVSubscriptionOptions::with_event_channel_capacity
crates/bacnet-client/src/client/cov_renewal.rs	70	enum	ManagedCOVSubscriptionEvent
crates/bacnet-client/src/client/cov_renewal.rs	98	struct	ManagedCOVSubscription
crates/bacnet-client/src/client/device_events.rs	20	method	BACnetClient::device_collision_events
crates/bacnet-client/src/client/device_events.rs	9	method	BACnetClient::device_events
crates/bacnet-client/src/client/device_mgmt.rs	34	method	BACnetClient::reinitialize_device
crates/bacnet-client/src/client/device_mgmt.rs	5	method	BACnetClient::device_communication_control
crates/bacnet-client/src/client/device_mgmt.rs	60	method	BACnetClient::time_synchronization
crates/bacnet-client/src/client/device_mgmt.rs	81	method	BACnetClient::utc_time_synchronization
crates/bacnet-client/src/client/discovery.rs	101	method	BACnetClient::who_has
crates/bacnet-client/src/client/discovery.rs	123	method	BACnetClient::discovered_devices
crates/bacnet-client/src/client/discovery.rs	128	method	BACnetClient::get_device
crates/bacnet-client/src/client/discovery.rs	133	method	BACnetClient::clear_devices
crates/bacnet-client/src/client/discovery.rs	145	method	BACnetClient::add_device
crates/bacnet-client/src/client/discovery.rs	17	method	BACnetClient::resolve_device
crates/bacnet-client/src/client/discovery.rs	184	method	BACnetClient::add_routed_device
crates/bacnet-client/src/client/discovery.rs	42	method	BACnetClient::who_is
crates/bacnet-client/src/client/discovery.rs	61	method	BACnetClient::who_is_directed
crates/bacnet-client/src/client/discovery.rs	81	method	BACnetClient::who_is_network
crates/bacnet-client/src/client/dispatch.rs	11	method	BACnetClient::dispatch_apdu
crates/bacnet-client/src/client/dispatch.rs	741	method	BACnetClient::send_reply_apdu
crates/bacnet-client/src/client/file_list.rs	118	method	BACnetClient::acknowledge_alarm_request
crates/bacnet-client/src/client/file_list.rs	146	method	BACnetClient::acknowledge_alarm
crates/bacnet-client/src/client/file_list.rs	169	method	BACnetClient::read_range
crates/bacnet-client/src/client/file_list.rs	198	method	BACnetClient::atomic_read_file
crates/bacnet-client/src/client/file_list.rs	227	method	BACnetClient::atomic_read_file_decoded
crates/bacnet-client/src/client/file_list.rs	243	method	BACnetClient::atomic_write_file
crates/bacnet-client/src/client/file_list.rs	267	method	BACnetClient::add_list_element
crates/bacnet-client/src/client/file_list.rs	298	method	BACnetClient::remove_list_element
crates/bacnet-client/src/client/file_list.rs	96	method	BACnetClient::get_event_information
crates/bacnet-client/src/client/lifecycle.rs	203	method	BACnetClient::local_mac
crates/bacnet-client/src/client/lifecycle.rs	212	method	BACnetClient::max_apdu_length
crates/bacnet-client/src/client/lifecycle.rs	22	method	BACnetClient::start
crates/bacnet-client/src/client/lifecycle.rs	226	method	BACnetClient::transport_max_apdu_length
crates/bacnet-client/src/client/lifecycle.rs	231	method	BACnetClient::stop
crates/bacnet-client/src/client/lifecycle.rs	27	method	BACnetClient::start_with_options
crates/bacnet-client/src/client/mod.rs	120	struct	ClientOptions
crates/bacnet-client/src/client/mod.rs	156	fn	new_coordinated_tsm
crates/bacnet-client/src/client/mod.rs	170	fn	confirmed_response_result
crates/bacnet-client/src/client/mod.rs	183	method	ClientOptions::with_cov_channel_capacity
crates/bacnet-client/src/client/mod.rs	200	struct	ClientBuilder
crates/bacnet-client/src/client/mod.rs	208	method	ClientBuilder::transport
crates/bacnet-client/src/client/mod.rs	214	method	ClientBuilder::apdu_timeout_ms
crates/bacnet-client/src/client/mod.rs	220	method	ClientBuilder::max_apdu_length
crates/bacnet-client/src/client/mod.rs	226	method	ClientBuilder::cov_channel_capacity
crates/bacnet-client/src/client/mod.rs	232	method	ClientBuilder::build
crates/bacnet-client/src/client/mod.rs	241	struct	BipClientBuilder
crates/bacnet-client/src/client/mod.rs	248	method	BipClientBuilder::interface
crates/bacnet-client/src/client/mod.rs	254	method	BipClientBuilder::port
crates/bacnet-client/src/client/mod.rs	260	method	BipClientBuilder::broadcast_address
crates/bacnet-client/src/client/mod.rs	266	method	BipClientBuilder::apdu_timeout_ms
crates/bacnet-client/src/client/mod.rs	272	method	BipClientBuilder::max_apdu_length
crates/bacnet-client/src/client/mod.rs	278	method	BipClientBuilder::cov_channel_capacity
crates/bacnet-client/src/client/mod.rs	284	method	BipClientBuilder::build
crates/bacnet-client/src/client/mod.rs	303	struct	DeviceReadRequest
crates/bacnet-client/src/client/mod.rs	316	struct	DeviceReadResult
crates/bacnet-client/src/client/mod.rs	325	struct	DeviceRpmRequest
crates/bacnet-client/src/client/mod.rs	334	struct	DeviceRpmResult
crates/bacnet-client/src/client/mod.rs	343	struct	DeviceWriteRequest
crates/bacnet-client/src/client/mod.rs	360	struct	DeviceWriteResult
crates/bacnet-client/src/client/mod.rs	421	struct	BACnetClient
crates/bacnet-client/src/client/mod.rs	447	method	BACnetClient::bip_builder
crates/bacnet-client/src/client/mod.rs	454	method	BACnetClient::builder
crates/bacnet-client/src/client/mod.rs	459	method	BACnetClient::read_bdt
crates/bacnet-client/src/client/mod.rs	467	method	BACnetClient::write_bdt
crates/bacnet-client/src/client/mod.rs	476	method	BACnetClient::read_fdt
crates/bacnet-client/src/client/mod.rs	484	method	BACnetClient::delete_fdt_entry
crates/bacnet-client/src/client/mod.rs	497	method	BACnetClient::register_foreign_device_bvlc
crates/bacnet-client/src/client/mod.rs	512	method	BACnetClient::bip6_builder
crates/bacnet-client/src/client/mod.rs	524	struct	Bip6ClientBuilder
crates/bacnet-client/src/client/mod.rs	53	const	DEFAULT_COV_CHANNEL_CAPACITY
crates/bacnet-client/src/client/mod.rs	534	method	Bip6ClientBuilder::interface
crates/bacnet-client/src/client/mod.rs	540	method	Bip6ClientBuilder::port
crates/bacnet-client/src/client/mod.rs	546	method	Bip6ClientBuilder::device_instance
crates/bacnet-client/src/client/mod.rs	552	method	Bip6ClientBuilder::apdu_timeout_ms
crates/bacnet-client/src/client/mod.rs	558	method	Bip6ClientBuilder::max_apdu_length
crates/bacnet-client/src/client/mod.rs	56	const	MAX_COV_CHANNEL_CAPACITY
crates/bacnet-client/src/client/mod.rs	564	method	Bip6ClientBuilder::cov_channel_capacity
crates/bacnet-client/src/client/mod.rs	570	method	Bip6ClientBuilder::build
crates/bacnet-client/src/client/mod.rs	579	method	BACnetClient::sc_builder
crates/bacnet-client/src/client/mod.rs	59	const	DEVICE_EVENT_CHANNEL_CAPACITY
crates/bacnet-client/src/client/mod.rs	598	struct	ScClientBuilder
crates/bacnet-client/src/client/mod.rs	613	method	ScClientBuilder::hub_url
crates/bacnet-client/src/client/mod.rs	635	method	ScClientBuilder::tls_config
crates/bacnet-client/src/client/mod.rs	641	method	ScClientBuilder::vmac
crates/bacnet-client/src/client/mod.rs	647	method	ScClientBuilder::device_uuid
crates/bacnet-client/src/client/mod.rs	65	enum	DeviceEventKind
crates/bacnet-client/src/client/mod.rs	653	method	ScClientBuilder::apdu_timeout_ms
crates/bacnet-client/src/client/mod.rs	659	method	ScClientBuilder::cov_channel_capacity
crates/bacnet-client/src/client/mod.rs	665	method	ScClientBuilder::heartbeat_interval_ms
crates/bacnet-client/src/client/mod.rs	671	method	ScClientBuilder::heartbeat_timeout_ms
crates/bacnet-client/src/client/mod.rs	677	method	ScClientBuilder::reconnect
crates/bacnet-client/src/client/mod.rs	708	method	ScClientBuilder::build_with_websocket_for_test
crates/bacnet-client/src/client/mod.rs	729	method	ScClientBuilder::build
crates/bacnet-client/src/client/mod.rs	76	struct	DeviceEvent
crates/bacnet-client/src/client/mod.rs	836	use	cov_notifications
crates/bacnet-client/src/client/mod.rs	840	use	cov_renewal
crates/bacnet-client/src/client/mod.rs	85	struct	DeviceCollisionEvent
crates/bacnet-client/src/client/mod.rs	901	method	BACnetClient::generic_builder
crates/bacnet-client/src/client/mod.rs	94	struct	ClientConfig
crates/bacnet-client/src/client/object_mgmt.rs	23	method	BACnetClient::create_object
crates/bacnet-client/src/client/object_mgmt.rs	4	method	BACnetClient::delete_object
crates/bacnet-client/src/client/property.rs	104	method	BACnetClient::read_property_multiple
crates/bacnet-client/src/client/property.rs	129	method	BACnetClient::read_property_multiple_from_device
crates/bacnet-client/src/client/property.rs	165	method	BACnetClient::read_property_from_devices
crates/bacnet-client/src/client/property.rs	199	method	BACnetClient::read_property_multiple_from_devices
crates/bacnet-client/src/client/property.rs	224	method	BACnetClient::write_property
crates/bacnet-client/src/client/property.rs	257	method	BACnetClient::write_property_multiple
crates/bacnet-client/src/client/property.rs	286	method	BACnetClient::write_property_to_device
crates/bacnet-client/src/client/property.rs	30	method	BACnetClient::read_property_from_device
crates/bacnet-client/src/client/property.rs	334	method	BACnetClient::write_property_multiple_to_device
crates/bacnet-client/src/client/property.rs	369	method	BACnetClient::write_property_to_devices
crates/bacnet-client/src/client/property.rs	5	method	BACnetClient::read_property
crates/bacnet-client/src/client/property.rs	71	method	BACnetClient::read_property_routed
crates/bacnet-client/src/client/requests.rs	117	method	BACnetClient::confirmed_request_inner
crates/bacnet-client/src/client/requests.rs	332	method	BACnetClient::wait_for_confirmed_response
crates/bacnet-client/src/client/requests.rs	511	method	BACnetClient::enqueue_transaction_cleanup
crates/bacnet-client/src/client/requests.rs	528	method	BACnetClient::confirmed_response_result
crates/bacnet-client/src/client/requests.rs	532	method	BACnetClient::send_confirmed_target_apdu
crates/bacnet-client/src/client/requests.rs	562	method	BACnetClient::target_transport_max_apdu_length
crates/bacnet-client/src/client/requests.rs	569	method	BACnetClient::advertised_max_apdu_length_for_target
crates/bacnet-client/src/client/requests.rs	580	method	BACnetClient::unconfirmed_request
crates/bacnet-client/src/client/requests.rs	600	method	BACnetClient::broadcast_unconfirmed
crates/bacnet-client/src/client/requests.rs	619	method	BACnetClient::broadcast_global_unconfirmed
crates/bacnet-client/src/client/requests.rs	638	method	BACnetClient::broadcast_network_unconfirmed
crates/bacnet-client/src/client/requests.rs	77	method	BACnetClient::confirmed_request
crates/bacnet-client/src/client/requests.rs	97	method	BACnetClient::confirmed_request_routed
crates/bacnet-client/src/client/response_admission.rs	16	fn	log_coordinated_mismatch
crates/bacnet-client/src/client/response_admission.rs	34	fn	take_current_reassembly
crates/bacnet-client/src/client/response_admission.rs	52	fn	current_reassembly_owner
crates/bacnet-client/src/client/response_admission.rs	67	fn	admit_terminal_during_reassembly
crates/bacnet-client/src/client/response_admission.rs	83	enum	TerminalDispatchOutcome
crates/bacnet-client/src/client/response_admission.rs	89	fn	complete_terminal_response
crates/bacnet-client/src/client/routed_path_limits.rs	120	method	RoutedPathLimits::acquire
crates/bacnet-client/src/client/routed_path_limits.rs	17	const	MAX_ROUTED_PATH_ENTRIES
crates/bacnet-client/src/client/routed_path_limits.rs	218	method	RoutedPathLimits::install_active
crates/bacnet-client/src/client/routed_path_limits.rs	256	method	RoutedPathLimits::authorize_attempt
crates/bacnet-client/src/client/routed_path_limits.rs	294	method	RoutedPathLimits::handle_network_control
crates/bacnet-client/src/client/routed_path_limits.rs	367	struct	RoutedPathLease
crates/bacnet-client/src/client/routed_path_limits.rs	374	method	RoutedPathLease::max_apdu
crates/bacnet-client/src/client/routed_path_limits.rs	413	method	RoutedPathLease::forwarded_npci_len
crates/bacnet-client/src/client/routed_path_limits.rs	425	method	RoutedPathLease::mark_terminal_observed
crates/bacnet-client/src/client/routed_path_limits.rs	478	fn	routed_path_quarantine_horizon
crates/bacnet-client/src/client/routed_path_limits.rs	508	method	BACnetClient::configure_routed_path_max_npdu
crates/bacnet-client/src/client/routed_path_limits.rs	525	method	BACnetClient::clear_routed_path_limit
crates/bacnet-client/src/client/routed_path_limits.rs	92	struct	RoutedPathLimits
crates/bacnet-client/src/client/routed_path_limits.rs	98	method	RoutedPathLimits::new
crates/bacnet-client/src/client/segmentation.rs	109	method	BACnetClient::handle_segmented_complex_ack
crates/bacnet-client/src/client/segmentation.rs	21	method	ResponseLimits::from_config
crates/bacnet-client/src/client/segmentation.rs	471	method	BACnetClient::segmented_confirmed_request
crates/bacnet-client/src/client/segmentation.rs	49	method	BACnetClient::send_client_abort
crates/bacnet-client/src/client/segmentation.rs	85	method	BACnetClient::abort_reassembly
crates/bacnet-client/src/client/segmented_receive_lifecycle_tests.rs	100	fn	start_reassembly
crates/bacnet-client/src/client/segmented_receive_lifecycle_tests.rs	137	fn	expect_segment_ack
crates/bacnet-client/src/client/segmented_receive_lifecycle_tests.rs	153	fn	expect_client_abort
crates/bacnet-client/src/client/segmented_receive_lifecycle_tests.rs	31	const	CLIENT_MAC
crates/bacnet-client/src/client/segmented_receive_lifecycle_tests.rs	32	const	SERVER_MAC
crates/bacnet-client/src/client/segmented_receive_lifecycle_tests.rs	34	fn	send_to_client
crates/bacnet-client/src/client/segmented_receive_lifecycle_tests.rs	46	fn	recv_apdu
crates/bacnet-client/src/client/segmented_receive_lifecycle_tests.rs	86	fn	response_segment
crates/bacnet-client/src/client/segmented_request.rs	17	enum	OutgoingSegmentSend
crates/bacnet-client/src/client/segmented_request.rs	24	method	BACnetClient::send_outgoing_segment
crates/bacnet-client/src/client/segmented_request.rs	6	struct	OutgoingSegmentContext
crates/bacnet-client/src/client/tests.rs	89	fn	send_routed_response
crates/bacnet-client/src/client/transaction_cleanup.rs	100	struct	SegmentedCleanupHook
crates/bacnet-client/src/client/transaction_cleanup.rs	110	method	SegmentedCleanupHook::delay_next
crates/bacnet-client/src/client/transaction_cleanup.rs	114	method	SegmentedCleanupHook::wait_until_reached
crates/bacnet-client/src/client/transaction_cleanup.rs	118	method	SegmentedCleanupHook::release
crates/bacnet-client/src/client/transaction_cleanup.rs	122	method	SegmentedCleanupHook::pause_if_enabled
crates/bacnet-client/src/client/transaction_cleanup.rs	129	method	SegmentedCleanupHook::record_processed
crates/bacnet-client/src/client/transaction_cleanup.rs	13	struct	TransactionCleanup
crates/bacnet-client/src/client/transaction_cleanup.rs	134	method	SegmentedCleanupHook::wait_processed
crates/bacnet-client/src/client/transaction_cleanup.rs	21	struct	TransactionGuard
crates/bacnet-client/src/client/transaction_cleanup.rs	28	method	TransactionGuard::new
crates/bacnet-client/src/client/transaction_cleanup.rs	49	method	TransactionGuard::mark_completed
crates/bacnet-client/src/client/transaction_cleanup.rs	70	struct	SegmentedPostWaitCleanupHook
crates/bacnet-client/src/client/transaction_cleanup.rs	78	method	SegmentedPostWaitCleanupHook::enable
crates/bacnet-client/src/client/transaction_cleanup.rs	82	method	SegmentedPostWaitCleanupHook::wait_until_reached
crates/bacnet-client/src/client/transaction_cleanup.rs	86	method	SegmentedPostWaitCleanupHook::release
crates/bacnet-client/src/client/transaction_cleanup.rs	90	method	SegmentedPostWaitCleanupHook::pause_if_enabled
crates/bacnet-client/src/client/transaction_peer.rs	27	fn	response_transaction_peer
crates/bacnet-client/src/client/transaction_peer.rs	3	struct	TransactionPeer
crates/bacnet-client/src/client/transaction_peer.rs	9	method	ConfirmedTarget::transaction_peer
crates/bacnet-client/src/discovery.rs	109	struct	DeviceTable
crates/bacnet-client/src/discovery.rs	114	enum	DeviceUpsertResult
crates/bacnet-client/src/discovery.rs	12	struct	DiscoveredDevice
crates/bacnet-client/src/discovery.rs	128	method	DeviceTable::new
crates/bacnet-client/src/discovery.rs	143	method	DeviceTable::upsert
crates/bacnet-client/src/discovery.rs	148	method	DeviceTable::upsert_with_result
crates/bacnet-client/src/discovery.rs	190	method	DeviceTable::upsert_placeholder
crates/bacnet-client/src/discovery.rs	220	method	DeviceTable::all
crates/bacnet-client/src/discovery.rs	225	method	DeviceTable::get
crates/bacnet-client/src/discovery.rs	239	method	DeviceTable::get_by_mac
crates/bacnet-client/src/discovery.rs	259	method	DeviceTable::get_by_network_address
crates/bacnet-client/src/discovery.rs	280	method	DeviceTable::local_peer_segmentation
crates/bacnet-client/src/discovery.rs	289	method	DeviceTable::routed_peer_segmentation
crates/bacnet-client/src/discovery.rs	301	method	DeviceTable::clear
crates/bacnet-client/src/discovery.rs	306	method	DeviceTable::len
crates/bacnet-client/src/discovery.rs	311	method	DeviceTable::is_empty
crates/bacnet-client/src/discovery.rs	316	method	DeviceTable::purge_stale
crates/bacnet-client/src/discovery.rs	320	method	DeviceTable::purge_stale_collect
crates/bacnet-client/src/discovery.rs	36	method	DiscoveredDevice::is_local
crates/bacnet-client/src/discovery.rs	47	struct	RoutedDeviceConfig
crates/bacnet-client/src/discovery.rs	70	enum	PeerSegmentation
crates/bacnet-client/src/endpoint_requester.rs	186	method	EndpointRequester::complete_pre_admitted
crates/bacnet-client/src/endpoint_requester.rs	269	method	EndpointRequester::close
crates/bacnet-client/src/endpoint_requester.rs	50	struct	EndpointRequester
crates/bacnet-client/src/endpoint_requester.rs	57	method	EndpointRequester::new
crates/bacnet-client/src/endpoint_requester.rs	81	method	EndpointRequester::read_property
crates/bacnet-client/src/lib.rs	10	use	endpoint_requester
crates/bacnet-client/src/lib.rs	3	mod	client
crates/bacnet-client/src/lib.rs	4	mod	discovery
crates/bacnet-client/src/lib.rs	6	mod	segmentation
crates/bacnet-client/src/lib.rs	7	mod	tsm
crates/bacnet-client/src/segmentation.rs	2	use	bacnet_encoding
crates/bacnet-client/src/tsm.rs	114	enum	CompletionOutcome
crates/bacnet-client/src/tsm.rs	131	enum	SegmentAckPhase
crates/bacnet-client/src/tsm.rs	14	use	final_segment
crates/bacnet-client/src/tsm.rs	140	enum	TransactionProgress
crates/bacnet-client/src/tsm.rs	145	struct	TransactionRegistration
crates/bacnet-client/src/tsm.rs	157	struct	TransactionOwner
crates/bacnet-client/src/tsm.rs	164	method	TransactionOwner::same_as
crates/bacnet-client/src/tsm.rs	170	enum	RequestTimerExpiration
crates/bacnet-client/src/tsm.rs	178	enum	SegmentTimerExpiration
crates/bacnet-client/src/tsm.rs	18	use	segmented_response
crates/bacnet-client/src/tsm.rs	21	use	coordinated
crates/bacnet-client/src/tsm.rs	217	struct	Tsm
crates/bacnet-client/src/tsm.rs	225	method	Tsm::new
crates/bacnet-client/src/tsm.rs	234	method	Tsm::config
crates/bacnet-client/src/tsm.rs	241	method	Tsm::allocate_invoke_id
crates/bacnet-client/src/tsm.rs	255	method	Tsm::release_invoke_id
crates/bacnet-client/src/tsm.rs	26	struct	TsmConfig
crates/bacnet-client/src/tsm.rs	270	method	Tsm::register_transaction
crates/bacnet-client/src/tsm.rs	280	method	Tsm::register_transaction_with_progress
crates/bacnet-client/src/tsm.rs	295	method	Tsm::register_segmented_transaction_with_progress
crates/bacnet-client/src/tsm.rs	364	method	Tsm::begin_final_segment_send
crates/bacnet-client/src/tsm.rs	391	method	Tsm::mark_final_segment_issued
crates/bacnet-client/src/tsm.rs	422	method	Tsm::finish_segmented_request
crates/bacnet-client/src/tsm.rs	449	method	Tsm::segment_ack_phase
crates/bacnet-client/src/tsm.rs	460	method	Tsm::admit_terminal_response
crates/bacnet-client/src/tsm.rs	501	method	Tsm::begin_segmented_response
crates/bacnet-client/src/tsm.rs	51	enum	TsmResponse
crates/bacnet-client/src/tsm.rs	530	method	Tsm::record_segmented_response_activity
crates/bacnet-client/src/tsm.rs	551	method	Tsm::reset_segmented_response
crates/bacnet-client/src/tsm.rs	576	method	Tsm::expire_request_timer
crates/bacnet-client/src/tsm.rs	607	method	Tsm::expire_segment_timer
crates/bacnet-client/src/tsm.rs	642	method	Tsm::expected_service_choice
crates/bacnet-client/src/tsm.rs	651	method	Tsm::owner_is_current
crates/bacnet-client/src/tsm.rs	681	method	Tsm::cancel_transaction
crates/bacnet-client/src/tsm.rs	685	method	Tsm::cancel_transaction_for_owner
crates/bacnet-client/src/tsm.rs	716	method	Tsm::pending_count
crates/bacnet-client/src/tsm/completion.rs	21	method	Tsm::complete_transaction
crates/bacnet-client/src/tsm/completion.rs	38	method	Tsm::complete_transaction_for_owner
crates/bacnet-client/src/tsm/completion.rs	56	method	Tsm::complete_network_path_too_long_for_owner
crates/bacnet-client/src/tsm/completion.rs	73	method	Tsm::complete_admitted_transaction_for_owner
crates/bacnet-client/src/tsm/completion.rs	91	method	Tsm::complete_transaction_inner
crates/bacnet-client/src/tsm/coordinated.rs	115	method	Tsm::register_coordinated_transaction_with_policy
crates/bacnet-client/src/tsm/coordinated.rs	158	method	Tsm::complete_pre_admitted_terminal_response
crates/bacnet-client/src/tsm/coordinated.rs	20	enum	PendingLease
crates/bacnet-client/src/tsm/coordinated.rs	218	method	Tsm::reject_pre_admitted_segmented_response
crates/bacnet-client/src/tsm/coordinated.rs	258	method	Tsm::complete_coordinated_terminal_response
crates/bacnet-client/src/tsm/coordinated.rs	26	enum	PendingRelease
crates/bacnet-client/src/tsm/coordinated.rs	297	method	Tsm::coordinated_terminal_phase
crates/bacnet-client/src/tsm/coordinated.rs	33	enum	CoordinatedRegistrationError
crates/bacnet-client/src/tsm/coordinated.rs	332	method	Tsm::try_claim_coordinated_terminal
crates/bacnet-client/src/tsm/coordinated.rs	377	method	Tsm::coordinated_segment_ack_phase
crates/bacnet-client/src/tsm/coordinated.rs	395	method	Tsm::coordinated_admit_segmented_complex_ack
crates/bacnet-client/src/tsm/coordinated.rs	414	method	Tsm::coordinated_admit_segmented_complex_ack_for_owner
crates/bacnet-client/src/tsm/coordinated.rs	481	method	Tsm::release_pending
crates/bacnet-client/src/tsm/coordinated.rs	491	method	Tsm::release_pending_lease
crates/bacnet-client/src/tsm/coordinated.rs	513	method	Tsm::cancel_all_transactions
crates/bacnet-client/src/tsm/coordinated.rs	531	method	Tsm::coordinated_active_count
crates/bacnet-client/src/tsm/coordinated.rs	539	method	Tsm::coordinated_token
crates/bacnet-client/src/tsm/coordinated.rs	57	enum	CoordinatedCompletion
crates/bacnet-client/src/tsm/coordinated.rs	67	enum	CoordinatedTerminalPhase
crates/bacnet-client/src/tsm/coordinated.rs	78	method	Tsm::current_owner
crates/bacnet-client/src/tsm/coordinated.rs	87	method	Tsm::new_coordinated
crates/bacnet-client/src/tsm/coordinated.rs	99	method	Tsm::register_coordinated_transaction_with_progress
crates/bacnet-client/src/tsm/final_segment.rs	14	enum	TerminalResponseAdmission
crates/bacnet-client/src/tsm/final_segment.rs	31	struct	FinalSegmentIssue
crates/bacnet-client/src/tsm/final_segment.rs	34	method	FinalSegmentIssue::new
crates/bacnet-client/src/tsm/final_segment.rs	41	method	FinalSegmentIssue::begin
crates/bacnet-client/src/tsm/final_segment.rs	48	method	FinalSegmentIssue::is_polling
crates/bacnet-client/src/tsm/final_segment.rs	52	method	FinalSegmentIssue::same_as
crates/bacnet-client/src/tsm/final_segment.rs	61	method	FinalSegmentIssue::wait_until_polled
crates/bacnet-client/src/tsm/final_segment.rs	73	struct	FinalSegmentSendToken
crates/bacnet-client/src/tsm/final_segment.rs	79	method	FinalSegmentSendToken::issued
crates/bacnet-client/src/tsm/segmented_response.rs	22	method	Tsm::admit_segmented_complex_ack
crates/bacnet-client/src/tsm/segmented_response.rs	38	method	Tsm::admit_segmented_complex_ack_for_owner
crates/bacnet-client/src/tsm/segmented_response.rs	7	enum	SegmentedResponseAdmission
crates/bacnet-encoding/src/apdu/mod.rs	114	const	MINIMUM_MESSAGE_SIZE
crates/bacnet-encoding/src/apdu/mod.rs	121	fn	is_valid_max_apdu_length
crates/bacnet-encoding/src/apdu/mod.rs	126	fn	validate_max_apdu_length
crates/bacnet-encoding/src/apdu/mod.rs	169	struct	ConfirmedRequest
crates/bacnet-encoding/src/apdu/mod.rs	184	struct	UnconfirmedRequest
crates/bacnet-encoding/src/apdu/mod.rs	191	struct	SimpleAck
crates/bacnet-encoding/src/apdu/mod.rs	198	struct	ComplexAck
crates/bacnet-encoding/src/apdu/mod.rs	210	struct	SegmentAck
crates/bacnet-encoding/src/apdu/mod.rs	220	struct	ErrorPdu
crates/bacnet-encoding/src/apdu/mod.rs	230	struct	RejectPdu
crates/bacnet-encoding/src/apdu/mod.rs	237	struct	AbortPdu
crates/bacnet-encoding/src/apdu/mod.rs	245	enum	Apdu
crates/bacnet-encoding/src/apdu/mod.rs	261	fn	encode_apdu
crates/bacnet-encoding/src/apdu/mod.rs	438	fn	decode_apdu
crates/bacnet-encoding/src/apdu/mod.rs	47	fn	validate_max_segments
crates/bacnet-encoding/src/apdu/mod.rs	93	fn	advertised_max_segments
crates/bacnet-encoding/src/apdu/wpm_error.rs	9	fn	decode_formal_body
crates/bacnet-encoding/src/constructed/audit_notification.rs	10	fn	encode_audit_notification
crates/bacnet-encoding/src/constructed/audit_notification.rs	117	fn	decode_audit_notification_at
crates/bacnet-encoding/src/constructed/audit_record.rs	11	fn	encode_audit_log_record_result
crates/bacnet-encoding/src/constructed/audit_record.rs	23	fn	encode_audit_log_record
crates/bacnet-encoding/src/constructed/audit_record.rs	58	fn	decode_audit_log_record_result_at
crates/bacnet-encoding/src/constructed/audit_record.rs	88	fn	decode_audit_log_record
crates/bacnet-encoding/src/constructed/cov_subscription.rs	14	fn	encode_cov_subscription
crates/bacnet-encoding/src/constructed/cov_subscription.rs	34	fn	encode_cov_subscription_list
crates/bacnet-encoding/src/constructed/event_parameter.rs	213	fn	decode_event_parameter
crates/bacnet-encoding/src/constructed/event_parameter.rs	64	fn	encode_event_parameter
crates/bacnet-encoding/src/constructed/fault_parameter.rs	184	fn	decode_fault_parameters
crates/bacnet-encoding/src/constructed/fault_parameter.rs	41	fn	encode_fault_parameters
crates/bacnet-encoding/src/constructed/mod.rs	236	fn	encode_property_state
crates/bacnet-encoding/src/constructed/mod.rs	332	fn	decode_property_state
crates/bacnet-encoding/src/constructed/mod.rs	37	mod	cov_subscription
crates/bacnet-encoding/src/constructed/mod.rs	38	mod	event_parameter
crates/bacnet-encoding/src/constructed/mod.rs	39	mod	fault_parameter
crates/bacnet-encoding/src/constructed/mod.rs	40	mod	object_property_reference
crates/bacnet-encoding/src/constructed/mod.rs	41	mod	recipient
crates/bacnet-encoding/src/constructed/mod.rs	42	mod	staging
crates/bacnet-encoding/src/constructed/mod.rs	44	use	audit_notification
crates/bacnet-encoding/src/constructed/mod.rs	45	use	audit_record
crates/bacnet-encoding/src/constructed/mod.rs	474	fn	encode_dopr_body
crates/bacnet-encoding/src/constructed/mod.rs	487	fn	decode_dopr_body
crates/bacnet-encoding/src/constructed/mod.rs	49	use	cov_subscription
crates/bacnet-encoding/src/constructed/mod.rs	50	use	event_parameter
crates/bacnet-encoding/src/constructed/mod.rs	51	use	fault_parameter
crates/bacnet-encoding/src/constructed/mod.rs	52	use	object_property_reference
crates/bacnet-encoding/src/constructed/mod.rs	56	use	recipient
crates/bacnet-encoding/src/constructed/mod.rs	567	fn	validate_tlv_sequence
crates/bacnet-encoding/src/constructed/mod.rs	597	fn	validate_extended_parameters
crates/bacnet-encoding/src/constructed/mod.rs	60	use	staging
crates/bacnet-encoding/src/constructed/object_property_reference.rs	41	fn	encode_object_property_reference
crates/bacnet-encoding/src/constructed/object_property_reference.rs	52	fn	encode_setpoint_reference
crates/bacnet-encoding/src/constructed/object_property_reference.rs	66	fn	decode_object_property_reference
crates/bacnet-encoding/src/constructed/object_property_reference.rs	98	fn	decode_setpoint_reference
crates/bacnet-encoding/src/constructed/recipient.rs	150	fn	decode_destination
crates/bacnet-encoding/src/constructed/recipient.rs	210	fn	decode_destination_list
crates/bacnet-encoding/src/constructed/recipient.rs	47	fn	encode_destination
crates/bacnet-encoding/src/constructed/recipient.rs	59	fn	encode_destination_list
crates/bacnet-encoding/src/constructed/recipient.rs	66	fn	encode_recipient
crates/bacnet-encoding/src/constructed/recipient.rs	84	fn	decode_recipient
crates/bacnet-encoding/src/constructed/staging.rs	12	fn	encode_stage_limit_value
crates/bacnet-encoding/src/constructed/staging.rs	20	fn	decode_stage_limit_value
crates/bacnet-encoding/src/constructed/staging.rs	64	fn	encode_device_object_reference
crates/bacnet-encoding/src/constructed/staging.rs	72	fn	decode_device_object_reference
crates/bacnet-encoding/src/constructed/tests/mod.rs	17	fn	dopr_ai
crates/bacnet-encoding/src/lib.rs	10	mod	constructed
crates/bacnet-encoding/src/lib.rs	11	mod	npdu
crates/bacnet-encoding/src/lib.rs	12	mod	primitives
crates/bacnet-encoding/src/lib.rs	13	mod	segmentation
crates/bacnet-encoding/src/lib.rs	14	mod	tags
crates/bacnet-encoding/src/lib.rs	9	mod	apdu
crates/bacnet-encoding/src/npdu.rs	13	const	BACNET_PROTOCOL_VERSION
crates/bacnet-encoding/src/npdu.rs	168	fn	decode_npdu
crates/bacnet-encoding/src/npdu.rs	23	struct	NpduAddress
crates/bacnet-encoding/src/npdu.rs	329	fn	decode_reject_message_to_network
crates/bacnet-encoding/src/npdu.rs	36	struct	Npdu
crates/bacnet-encoding/src/npdu.rs	62	struct	RejectMessageToNetwork
crates/bacnet-encoding/src/npdu.rs	90	fn	encode_npdu
crates/bacnet-encoding/src/primitives/mod.rs	103	fn	decode_signed
crates/bacnet-encoding/src/primitives/mod.rs	116	fn	decode_signed_canonical
crates/bacnet-encoding/src/primitives/mod.rs	128	fn	encode_real
crates/bacnet-encoding/src/primitives/mod.rs	133	fn	decode_real
crates/bacnet-encoding/src/primitives/mod.rs	146	fn	encode_double
crates/bacnet-encoding/src/primitives/mod.rs	151	fn	decode_double
crates/bacnet-encoding/src/primitives/mod.rs	167	mod	charset
crates/bacnet-encoding/src/primitives/mod.rs	169	const	UTF8
crates/bacnet-encoding/src/primitives/mod.rs	171	const	IBM_MICROSOFT_DBCS
crates/bacnet-encoding/src/primitives/mod.rs	173	const	JIS_X_0208
crates/bacnet-encoding/src/primitives/mod.rs	175	const	UCS4
crates/bacnet-encoding/src/primitives/mod.rs	177	const	UCS2
crates/bacnet-encoding/src/primitives/mod.rs	179	const	ISO_8859_1
crates/bacnet-encoding/src/primitives/mod.rs	183	fn	encode_character_string
crates/bacnet-encoding/src/primitives/mod.rs	189	fn	character_string_len
crates/bacnet-encoding/src/primitives/mod.rs	19	fn	encode_unsigned
crates/bacnet-encoding/src/primitives/mod.rs	204	fn	decode_character_string
crates/bacnet-encoding/src/primitives/mod.rs	254	fn	encode_bit_string
crates/bacnet-encoding/src/primitives/mod.rs	262	fn	decode_bit_string
crates/bacnet-encoding/src/primitives/mod.rs	284	fn	encode_app_null
crates/bacnet-encoding/src/primitives/mod.rs	291	fn	encode_app_boolean
crates/bacnet-encoding/src/primitives/mod.rs	301	fn	encode_app_unsigned
crates/bacnet-encoding/src/primitives/mod.rs	308	fn	encode_app_signed
crates/bacnet-encoding/src/primitives/mod.rs	315	fn	encode_app_real
crates/bacnet-encoding/src/primitives/mod.rs	321	fn	encode_app_double
crates/bacnet-encoding/src/primitives/mod.rs	327	fn	encode_app_octet_string
crates/bacnet-encoding/src/primitives/mod.rs	334	fn	encode_app_character_string
crates/bacnet-encoding/src/primitives/mod.rs	342	fn	encode_app_bit_string
crates/bacnet-encoding/src/primitives/mod.rs	350	fn	encode_app_enumerated
crates/bacnet-encoding/src/primitives/mod.rs	357	fn	encode_app_date
crates/bacnet-encoding/src/primitives/mod.rs	363	fn	encode_app_time
crates/bacnet-encoding/src/primitives/mod.rs	369	fn	encode_app_object_id
crates/bacnet-encoding/src/primitives/mod.rs	379	fn	encode_ctx_unsigned
crates/bacnet-encoding/src/primitives/mod.rs	386	fn	encode_ctx_signed
crates/bacnet-encoding/src/primitives/mod.rs	393	fn	encode_ctx_real
crates/bacnet-encoding/src/primitives/mod.rs	399	fn	encode_ctx_double
crates/bacnet-encoding/src/primitives/mod.rs	405	fn	encode_ctx_enumerated
crates/bacnet-encoding/src/primitives/mod.rs	414	fn	encode_ctx_boolean
crates/bacnet-encoding/src/primitives/mod.rs	420	fn	encode_ctx_object_id
crates/bacnet-encoding/src/primitives/mod.rs	426	fn	encode_ctx_octet_string
crates/bacnet-encoding/src/primitives/mod.rs	433	fn	encode_ctx_character_string
crates/bacnet-encoding/src/primitives/mod.rs	441	fn	encode_ctx_date
crates/bacnet-encoding/src/primitives/mod.rs	447	fn	encode_ctx_bit_string
crates/bacnet-encoding/src/primitives/mod.rs	45	fn	unsigned_len
crates/bacnet-encoding/src/primitives/mod.rs	469	fn	decode_application_value
crates/bacnet-encoding/src/primitives/mod.rs	567	fn	validate_application_value
crates/bacnet-encoding/src/primitives/mod.rs	635	fn	encode_property_value
crates/bacnet-encoding/src/primitives/mod.rs	66	fn	decode_unsigned
crates/bacnet-encoding/src/primitives/mod.rs	675	const	MAX_TIMESTAMP_SEQUENCE_NUMBER
crates/bacnet-encoding/src/primitives/mod.rs	693	fn	encode_timestamp_choice
crates/bacnet-encoding/src/primitives/mod.rs	718	fn	decode_timestamp_choice
crates/bacnet-encoding/src/primitives/mod.rs	822	fn	encode_timestamp
crates/bacnet-encoding/src/primitives/mod.rs	83	fn	encode_signed
crates/bacnet-encoding/src/primitives/mod.rs	837	fn	decode_timestamp
crates/bacnet-encoding/src/primitives/mod.rs	90	fn	signed_len
crates/bacnet-encoding/src/segmentation.rs	107	method	SegmentReceiver::receive
crates/bacnet-encoding/src/segmentation.rs	120	method	SegmentReceiver::has_segment
crates/bacnet-encoding/src/segmentation.rs	125	method	SegmentReceiver::received_count
crates/bacnet-encoding/src/segmentation.rs	133	method	SegmentReceiver::reassemble
crates/bacnet-encoding/src/segmentation.rs	19	fn	duplicate_in_window
crates/bacnet-encoding/src/segmentation.rs	32	enum	SegmentedPduType
crates/bacnet-encoding/src/segmentation.rs	42	fn	max_segment_payload
crates/bacnet-encoding/src/segmentation.rs	57	fn	split_payload
crates/bacnet-encoding/src/segmentation.rs	83	struct	SegmentReceiver
crates/bacnet-encoding/src/segmentation.rs	95	method	SegmentReceiver::new
crates/bacnet-encoding/src/tags.rs	130	fn	encode_opening_tag
crates/bacnet-encoding/src/tags.rs	140	fn	encode_closing_tag
crates/bacnet-encoding/src/tags.rs	15	enum	TagClass
crates/bacnet-encoding/src/tags.rs	158	const	MAX_CONTEXT_NESTING_DEPTH
crates/bacnet-encoding/src/tags.rs	163	fn	decode_tag
crates/bacnet-encoding/src/tags.rs	23	mod	app_tag
crates/bacnet-encoding/src/tags.rs	24	const	NULL
crates/bacnet-encoding/src/tags.rs	25	const	BOOLEAN
crates/bacnet-encoding/src/tags.rs	26	const	UNSIGNED
crates/bacnet-encoding/src/tags.rs	27	const	SIGNED
crates/bacnet-encoding/src/tags.rs	28	const	REAL
crates/bacnet-encoding/src/tags.rs	29	const	DOUBLE
crates/bacnet-encoding/src/tags.rs	30	const	OCTET_STRING
crates/bacnet-encoding/src/tags.rs	300	fn	extract_context_value
crates/bacnet-encoding/src/tags.rs	31	const	CHARACTER_STRING
crates/bacnet-encoding/src/tags.rs	32	const	BIT_STRING
crates/bacnet-encoding/src/tags.rs	33	const	ENUMERATED
crates/bacnet-encoding/src/tags.rs	34	const	DATE
crates/bacnet-encoding/src/tags.rs	35	const	TIME
crates/bacnet-encoding/src/tags.rs	36	const	OBJECT_IDENTIFIER
crates/bacnet-encoding/src/tags.rs	384	fn	extract_raw_context
crates/bacnet-encoding/src/tags.rs	41	struct	Tag
crates/bacnet-encoding/src/tags.rs	427	fn	decode_optional_context
crates/bacnet-encoding/src/tags.rs	60	method	Tag::is_boolean_true
crates/bacnet-encoding/src/tags.rs	65	method	Tag::is_context
crates/bacnet-encoding/src/tags.rs	73	method	Tag::is_opening_tag
crates/bacnet-encoding/src/tags.rs	78	method	Tag::is_closing_tag
crates/bacnet-encoding/src/tags.rs	91	fn	encode_tag
crates/bacnet-endpoint-core/src/coordinator.rs	105	method	LeaseMetadata::segmented_requester
crates/bacnet-endpoint-core/src/coordinator.rs	120	method	LeaseMetadata::server_notification
crates/bacnet-endpoint-core/src/coordinator.rs	13	enum	CanonicalPeer
crates/bacnet-endpoint-core/src/coordinator.rs	134	method	LeaseMetadata::owner
crates/bacnet-endpoint-core/src/coordinator.rs	139	method	LeaseMetadata::peer
crates/bacnet-endpoint-core/src/coordinator.rs	144	method	LeaseMetadata::service_choice
crates/bacnet-endpoint-core/src/coordinator.rs	149	method	LeaseMetadata::terminal_policy
crates/bacnet-endpoint-core/src/coordinator.rs	154	method	LeaseMetadata::is_segmented_request
crates/bacnet-endpoint-core/src/coordinator.rs	165	struct	LeaseToken
crates/bacnet-endpoint-core/src/coordinator.rs	172	method	LeaseToken::invoke_id
crates/bacnet-endpoint-core/src/coordinator.rs	179	enum	ReserveError
crates/bacnet-endpoint-core/src/coordinator.rs	202	enum	CoordinatorError
crates/bacnet-endpoint-core/src/coordinator.rs	217	enum	ReleaseOutcome
crates/bacnet-endpoint-core/src/coordinator.rs	228	enum	AdmissionKind
crates/bacnet-endpoint-core/src/coordinator.rs	237	struct	Admission
crates/bacnet-endpoint-core/src/coordinator.rs	245	method	Admission::token
crates/bacnet-endpoint-core/src/coordinator.rs	250	method	Admission::metadata
crates/bacnet-endpoint-core/src/coordinator.rs	255	method	Admission::kind
crates/bacnet-endpoint-core/src/coordinator.rs	262	enum	AdmissionOutcome
crates/bacnet-endpoint-core/src/coordinator.rs	27	method	CanonicalPeer::direct
crates/bacnet-endpoint-core/src/coordinator.rs	32	method	CanonicalPeer::routed
crates/bacnet-endpoint-core/src/coordinator.rs	343	struct	OutboundTransactionCoordinator
crates/bacnet-endpoint-core/src/coordinator.rs	355	method	OutboundTransactionCoordinator::new
crates/bacnet-endpoint-core/src/coordinator.rs	362	method	OutboundTransactionCoordinator::reserve
crates/bacnet-endpoint-core/src/coordinator.rs	389	method	OutboundTransactionCoordinator::admit
crates/bacnet-endpoint-core/src/coordinator.rs	40	method	CanonicalPeer::from_source
crates/bacnet-endpoint-core/src/coordinator.rs	430	method	OutboundTransactionCoordinator::complete
crates/bacnet-endpoint-core/src/coordinator.rs	435	method	OutboundTransactionCoordinator::cancel
crates/bacnet-endpoint-core/src/coordinator.rs	440	method	OutboundTransactionCoordinator::release
crates/bacnet-endpoint-core/src/coordinator.rs	445	method	OutboundTransactionCoordinator::active_count
crates/bacnet-endpoint-core/src/coordinator.rs	50	enum	LeaseOwner
crates/bacnet-endpoint-core/src/coordinator.rs	59	enum	TerminalPolicy
crates/bacnet-endpoint-core/src/coordinator.rs	80	struct	LeaseMetadata
crates/bacnet-endpoint-core/src/coordinator.rs	90	method	LeaseMetadata::requester
crates/bacnet-endpoint-core/src/endpoint_ingress.rs	113	method	EndpointEgress::send_direct
crates/bacnet-endpoint-core/src/endpoint_ingress.rs	133	enum	IngressRoute
crates/bacnet-endpoint-core/src/endpoint_ingress.rs	142	enum	PolicyReason
crates/bacnet-endpoint-core/src/endpoint_ingress.rs	155	struct	PolicyOutcome
crates/bacnet-endpoint-core/src/endpoint_ingress.rs	163	struct	IngressReceivers
crates/bacnet-endpoint-core/src/endpoint_ingress.rs	177	enum	ClassifierExit
crates/bacnet-endpoint-core/src/endpoint_ingress.rs	196	struct	EndpointIngress
crates/bacnet-endpoint-core/src/endpoint_ingress.rs	207	method	EndpointIngress::new
crates/bacnet-endpoint-core/src/endpoint_ingress.rs	219	method	EndpointIngress::start
crates/bacnet-endpoint-core/src/endpoint_ingress.rs	23	enum	EndpointApduDestination
crates/bacnet-endpoint-core/src/endpoint_ingress.rs	274	method	EndpointIngress::stop
crates/bacnet-endpoint-core/src/endpoint_ingress.rs	68	struct	EndpointEgress
crates/bacnet-endpoint-core/src/endpoint_ingress.rs	76	method	EndpointEgress::send_apdu
crates/bacnet-endpoint-core/src/lib.rs	4	mod	coordinator
crates/bacnet-endpoint-core/src/lib.rs	6	mod	endpoint_ingress
crates/bacnet-network/src/layer.rs	108	struct	NetworkLayer
crates/bacnet-network/src/layer.rs	117	method	NetworkLayer::new
crates/bacnet-network/src/layer.rs	131	method	NetworkLayer::enable_network_control_receiver
crates/bacnet-network/src/layer.rs	153	method	NetworkLayer::start
crates/bacnet-network/src/layer.rs	21	struct	ReceivedApdu
crates/bacnet-network/src/layer.rs	231	method	NetworkLayer::send_apdu
crates/bacnet-network/src/layer.rs	243	method	NetworkLayer::send_apdu_with_data_attributes
crates/bacnet-network/src/layer.rs	270	method	NetworkLayer::broadcast_apdu
crates/bacnet-network/src/layer.rs	281	method	NetworkLayer::broadcast_apdu_with_data_attributes
crates/bacnet-network/src/layer.rs	310	method	NetworkLayer::broadcast_global_apdu
crates/bacnet-network/src/layer.rs	321	method	NetworkLayer::broadcast_global_apdu_with_data_attributes
crates/bacnet-network/src/layer.rs	353	method	NetworkLayer::broadcast_to_network
crates/bacnet-network/src/layer.rs	371	method	NetworkLayer::broadcast_to_network_with_data_attributes
crates/bacnet-network/src/layer.rs	410	method	NetworkLayer::send_apdu_routed
crates/bacnet-network/src/layer.rs	432	method	NetworkLayer::send_apdu_routed_with_data_attributes
crates/bacnet-network/src/layer.rs	459	method	NetworkLayer::send_apdu_routed_via_local_broadcast
crates/bacnet-network/src/layer.rs	479	method	NetworkLayer::send_apdu_routed_via_local_broadcast_with_data_attributes
crates/bacnet-network/src/layer.rs	499	method	NetworkLayer::transport
crates/bacnet-network/src/layer.rs	50	struct	ReceivedNetworkControl
crates/bacnet-network/src/layer.rs	504	method	NetworkLayer::local_mac
crates/bacnet-network/src/layer.rs	513	method	NetworkLayer::network_control_ingress_sequence
crates/bacnet-network/src/layer.rs	545	method	NetworkLayer::stop
crates/bacnet-network/src/layer.rs	95	fn	is_group_delivery
crates/bacnet-network/src/lib.rs	3	mod	layer
crates/bacnet-network/src/lib.rs	4	mod	priority_channel
crates/bacnet-network/src/lib.rs	5	mod	router
crates/bacnet-network/src/lib.rs	6	mod	router_table
crates/bacnet-network/src/priority_channel.rs	103	method	PrioritySender::send
crates/bacnet-network/src/priority_channel.rs	123	method	PriorityReceiver::recv
crates/bacnet-network/src/priority_channel.rs	16	struct	PrioritizedItem
crates/bacnet-network/src/priority_channel.rs	22	struct	PrioritySender
crates/bacnet-network/src/priority_channel.rs	49	struct	PriorityReceiver
crates/bacnet-network/src/priority_channel.rs	56	fn	priority_index
crates/bacnet-network/src/priority_channel.rs	71	fn	priority_channel
crates/bacnet-network/src/router/control_messages.rs	17	fn	handle_network_message
crates/bacnet-network/src/router/forwarding.rs	143	fn	send_reject
crates/bacnet-network/src/router/forwarding.rs	20	fn	forward_unicast
crates/bacnet-network/src/router/forwarding.rs	97	fn	forward_broadcast
crates/bacnet-network/src/router/mod.rs	430	method	BACnetRouter::table
crates/bacnet-network/src/router/mod.rs	435	method	BACnetRouter::stop
crates/bacnet-network/src/router/mod.rs	67	struct	RouterPort
crates/bacnet-network/src/router/mod.rs	79	struct	BACnetRouter
crates/bacnet-network/src/router/mod.rs	96	method	BACnetRouter::start
crates/bacnet-network/src/router_table.rs	112	method	RouterTable::add_learned_with_flap_detection
crates/bacnet-network/src/router_table.rs	14	enum	ReachabilityStatus
crates/bacnet-network/src/router_table.rs	164	method	RouterTable::mark_busy
crates/bacnet-network/src/router_table.rs	172	method	RouterTable::mark_available
crates/bacnet-network/src/router_table.rs	181	method	RouterTable::mark_unreachable
crates/bacnet-network/src/router_table.rs	191	method	RouterTable::clear_expired_busy
crates/bacnet-network/src/router_table.rs	205	method	RouterTable::effective_reachability
crates/bacnet-network/src/router_table.rs	219	method	RouterTable::lookup
crates/bacnet-network/src/router_table.rs	224	method	RouterTable::lookup_mut
crates/bacnet-network/src/router_table.rs	229	method	RouterTable::remove
crates/bacnet-network/src/router_table.rs	234	method	RouterTable::networks
crates/bacnet-network/src/router_table.rs	239	method	RouterTable::networks_not_on_port
crates/bacnet-network/src/router_table.rs	248	method	RouterTable::networks_on_port
crates/bacnet-network/src/router_table.rs	25	struct	RouteEntry
crates/bacnet-network/src/router_table.rs	257	method	RouterTable::len
crates/bacnet-network/src/router_table.rs	262	method	RouterTable::is_empty
crates/bacnet-network/src/router_table.rs	269	method	RouterTable::touch
crates/bacnet-network/src/router_table.rs	280	method	RouterTable::purge_stale
crates/bacnet-network/src/router_table.rs	47	struct	RouterTable
crates/bacnet-network/src/router_table.rs	54	method	RouterTable::new
crates/bacnet-network/src/router_table.rs	62	method	RouterTable::add_direct
crates/bacnet-network/src/router_table.rs	84	method	RouterTable::add_learned
crates/bacnet-objects/src/access_control/credential.rs	10	struct	AccessCredentialObject
crates/bacnet-objects/src/access_control/credential.rs	25	method	AccessCredentialObject::new
crates/bacnet-objects/src/access_control/credential_data_input.rs	14	struct	CredentialDataInputObject
crates/bacnet-objects/src/access_control/credential_data_input.rs	29	method	CredentialDataInputObject::new
crates/bacnet-objects/src/access_control/door.rs	11	struct	AccessDoorObject
crates/bacnet-objects/src/access_control/door.rs	37	method	AccessDoorObject::new
crates/bacnet-objects/src/access_control/door.rs	69	method	AccessDoorObject::set_relinquish_default
crates/bacnet-objects/src/access_control/mod.rs	29	use	credential
crates/bacnet-objects/src/access_control/mod.rs	30	use	credential_data_input
crates/bacnet-objects/src/access_control/mod.rs	31	use	door
crates/bacnet-objects/src/access_control/mod.rs	32	use	point
crates/bacnet-objects/src/access_control/mod.rs	33	use	rights
crates/bacnet-objects/src/access_control/mod.rs	34	use	user
crates/bacnet-objects/src/access_control/mod.rs	35	use	zone
crates/bacnet-objects/src/access_control/point.rs	10	struct	AccessPointObject
crates/bacnet-objects/src/access_control/point.rs	27	method	AccessPointObject::new
crates/bacnet-objects/src/access_control/rights.rs	10	struct	AccessRightsObject
crates/bacnet-objects/src/access_control/rights.rs	24	method	AccessRightsObject::new
crates/bacnet-objects/src/access_control/user.rs	10	struct	AccessUserObject
crates/bacnet-objects/src/access_control/user.rs	25	method	AccessUserObject::new
crates/bacnet-objects/src/access_control/zone.rs	10	struct	AccessZoneObject
crates/bacnet-objects/src/access_control/zone.rs	27	method	AccessZoneObject::new
crates/bacnet-objects/src/accumulator.rs	19	struct	AccumulatorObject
crates/bacnet-objects/src/accumulator.rs	223	struct	PulseConverterObject
crates/bacnet-objects/src/accumulator.rs	241	method	PulseConverterObject::new
crates/bacnet-objects/src/accumulator.rs	261	method	PulseConverterObject::set_description
crates/bacnet-objects/src/accumulator.rs	266	method	PulseConverterObject::set_input_reference
crates/bacnet-objects/src/accumulator.rs	40	method	AccumulatorObject::new
crates/bacnet-objects/src/accumulator.rs	63	method	AccumulatorObject::set_present_value
crates/bacnet-objects/src/accumulator.rs	68	method	AccumulatorObject::set_description
crates/bacnet-objects/src/accumulator.rs	73	method	AccumulatorObject::set_scale
crates/bacnet-objects/src/accumulator.rs	78	method	AccumulatorObject::set_prescale
crates/bacnet-objects/src/analog/input.rs	104	method	AnalogInputObject::set_max_pres_value
crates/bacnet-objects/src/analog/input.rs	113	method	AnalogInputObject::configure_fault_out_of_range
crates/bacnet-objects/src/analog/input.rs	12	struct	AnalogInputObject
crates/bacnet-objects/src/analog/input.rs	42	method	AnalogInputObject::new
crates/bacnet-objects/src/analog/input.rs	70	method	AnalogInputObject::set_present_value
crates/bacnet-objects/src/analog/input.rs	94	method	AnalogInputObject::set_description
crates/bacnet-objects/src/analog/input.rs	99	method	AnalogInputObject::set_min_pres_value
crates/bacnet-objects/src/analog/mod.rs	135	use	input
crates/bacnet-objects/src/analog/mod.rs	136	use	output
crates/bacnet-objects/src/analog/mod.rs	137	use	value
crates/bacnet-objects/src/analog/mod.rs	24	enum	OwnedRangeFault
crates/bacnet-objects/src/analog/output.rs	12	struct	AnalogOutputObject
crates/bacnet-objects/src/analog/output.rs	42	method	AnalogOutputObject::new
crates/bacnet-objects/src/analog/output.rs	68	method	AnalogOutputObject::set_description
crates/bacnet-objects/src/analog/output.rs	73	method	AnalogOutputObject::set_min_pres_value
crates/bacnet-objects/src/analog/output.rs	78	method	AnalogOutputObject::set_max_pres_value
crates/bacnet-objects/src/analog/output.rs	93	method	AnalogOutputObject::set_relinquish_default
crates/bacnet-objects/src/analog/value.rs	101	method	AnalogValueObject::configure_fault_out_of_range
crates/bacnet-objects/src/analog/value.rs	116	method	AnalogValueObject::set_relinquish_default
crates/bacnet-objects/src/analog/value.rs	12	struct	AnalogValueObject
crates/bacnet-objects/src/analog/value.rs	45	method	AnalogValueObject::new
crates/bacnet-objects/src/analog/value.rs	73	method	AnalogValueObject::set_present_value
crates/bacnet-objects/src/analog/value.rs	82	method	AnalogValueObject::set_description
crates/bacnet-objects/src/analog/value.rs	87	method	AnalogValueObject::set_min_pres_value
crates/bacnet-objects/src/analog/value.rs	92	method	AnalogValueObject::set_max_pres_value
crates/bacnet-objects/src/audit.rs	149	method	AuditLogObject::add_record
crates/bacnet-objects/src/audit.rs	161	method	AuditLogObject::records
crates/bacnet-objects/src/audit.rs	166	method	AuditLogObject::buffer_size
crates/bacnet-objects/src/audit.rs	171	method	AuditLogObject::log_enable
crates/bacnet-objects/src/audit.rs	176	method	AuditLogObject::total_record_count
crates/bacnet-objects/src/audit.rs	181	method	AuditLogObject::generation
crates/bacnet-objects/src/audit.rs	202	method	AuditLogObject::set_description
crates/bacnet-objects/src/audit.rs	27	use	notification
crates/bacnet-objects/src/audit.rs	29	use	persistence
crates/bacnet-objects/src/audit.rs	32	use	receipt
crates/bacnet-objects/src/audit.rs	39	struct	AuditLogQueryPage
crates/bacnet-objects/src/audit.rs	51	trait	AuditLogStorage
crates/bacnet-objects/src/audit.rs	579	struct	AuditReporterObject
crates/bacnet-objects/src/audit.rs	591	method	AuditReporterObject::new
crates/bacnet-objects/src/audit.rs	606	method	AuditReporterObject::set_description
crates/bacnet-objects/src/audit.rs	611	method	AuditReporterObject::set_audit_level
crates/bacnet-objects/src/audit.rs	622	method	AuditReporterObject::set_auditable_operations
crates/bacnet-objects/src/audit.rs	627	method	AuditReporterObject::set_audit_priority_filter
crates/bacnet-objects/src/audit.rs	632	method	AuditReporterObject::set_issue_confirmed_notifications
crates/bacnet-objects/src/audit.rs	70	struct	AuditLogObject
crates/bacnet-objects/src/audit.rs	94	method	AuditLogObject::new
crates/bacnet-objects/src/audit/notification.rs	10	trait	AuditLogNotificationSink
crates/bacnet-objects/src/audit/persistence.rs	18	const	MAX_AUDIT_RECORDS
crates/bacnet-objects/src/audit/persistence.rs	296	fn	encode_snapshot_v1
crates/bacnet-objects/src/audit/persistence.rs	30	struct	AuditLogSnapshot
crates/bacnet-objects/src/audit/persistence.rs	439	fn	validate_snapshot
crates/bacnet-objects/src/audit/persistence.rs	48	trait	AuditLogPersistence
crates/bacnet-objects/src/audit/persistence.rs	528	fn	validate_record
crates/bacnet-objects/src/audit/persistence.rs	62	struct	FileAuditLogPersistence
crates/bacnet-objects/src/audit/persistence.rs	68	method	FileAuditLogPersistence::new
crates/bacnet-objects/src/audit/persistence.rs	86	method	FileAuditLogPersistence::slot_paths
crates/bacnet-objects/src/audit/persistence/receipt_codec.rs	18	fn	encode
crates/bacnet-objects/src/audit/persistence/receipt_codec.rs	32	fn	decode
crates/bacnet-objects/src/audit/persistence/receipt_codec.rs	8	fn	encoded_len
crates/bacnet-objects/src/audit/receipt.rs	10	const	MAX_AUDIT_RECEIPT_KEY_BYTES
crates/bacnet-objects/src/audit/receipt.rs	101	fn	insert
crates/bacnet-objects/src/audit/receipt.rs	18	struct	CompletedAuditReceipt
crates/bacnet-objects/src/audit/receipt.rs	25	method	CompletedAuditReceipt::new
crates/bacnet-objects/src/audit/receipt.rs	34	method	CompletedAuditReceipt::key
crates/bacnet-objects/src/audit/receipt.rs	39	method	CompletedAuditReceipt::completed_at_unix_millis
crates/bacnet-objects/src/audit/receipt.rs	46	enum	ConfirmedAuditNotificationOutcome
crates/bacnet-objects/src/audit/receipt.rs	53	fn	validate_key
crates/bacnet-objects/src/audit/receipt.rs	6	const	COMPLETED_AUDIT_RECEIPT_RETENTION_MILLIS
crates/bacnet-objects/src/audit/receipt.rs	68	fn	validate_receipts
crates/bacnet-objects/src/audit/receipt.rs	8	const	MAX_COMPLETED_AUDIT_RECEIPTS
crates/bacnet-objects/src/audit/receipt.rs	87	fn	contains
crates/bacnet-objects/src/audit/reporter_metadata.rs	9	static	AUDIT_REPORTER_PROPERTIES
crates/bacnet-objects/src/averaging.rs	19	struct	AveragingObject
crates/bacnet-objects/src/averaging.rs	36	method	AveragingObject::new
crates/bacnet-objects/src/averaging.rs	56	method	AveragingObject::add_sample
crates/bacnet-objects/src/averaging.rs	73	method	AveragingObject::set_object_property_reference
crates/bacnet-objects/src/averaging.rs	81	method	AveragingObject::set_description
crates/bacnet-objects/src/binary/input.rs	161	struct	BinaryInputObject
crates/bacnet-objects/src/binary/input.rs	185	method	BinaryInputObject::new
crates/bacnet-objects/src/binary/input.rs	216	method	BinaryInputObject::set_present_value
crates/bacnet-objects/src/binary/input.rs	236	method	BinaryInputObject::set_description
crates/bacnet-objects/src/binary/mod.rs	19	use	input
crates/bacnet-objects/src/binary/mod.rs	20	use	output
crates/bacnet-objects/src/binary/mod.rs	21	use	value
crates/bacnet-objects/src/binary/output.rs	11	struct	BinaryOutputObject
crates/bacnet-objects/src/binary/output.rs	38	method	BinaryOutputObject::new
crates/bacnet-objects/src/binary/output.rs	64	method	BinaryOutputObject::set_description
crates/bacnet-objects/src/binary/output.rs	78	method	BinaryOutputObject::set_relinquish_default
crates/bacnet-objects/src/binary/value.rs	11	struct	BinaryValueObject
crates/bacnet-objects/src/binary/value.rs	38	method	BinaryValueObject::new
crates/bacnet-objects/src/binary/value.rs	65	method	BinaryValueObject::set_description
crates/bacnet-objects/src/binary/value.rs	79	method	BinaryValueObject::set_relinquish_default
crates/bacnet-objects/src/clock.rs	21	method	ClockFrame::day_of_week_bit
crates/bacnet-objects/src/clock.rs	29	method	ClockFrame::is_valid_actual_datetime
crates/bacnet-objects/src/clock.rs	7	struct	ClockFrame
crates/bacnet-objects/src/clock.rs	89	trait	ClockReader
crates/bacnet-objects/src/color.rs	217	struct	ColorTemperatureObject
crates/bacnet-objects/src/color.rs	25	struct	ColorObject
crates/bacnet-objects/src/color.rs	250	method	ColorTemperatureObject::new
crates/bacnet-objects/src/color.rs	274	method	ColorTemperatureObject::set_present_value
crates/bacnet-objects/src/color.rs	279	method	ColorTemperatureObject::set_min_max
crates/bacnet-objects/src/color.rs	55	method	ColorObject::new
crates/bacnet-objects/src/color.rs	78	method	ColorObject::set_present_value
crates/bacnet-objects/src/command.rs	15	struct	CommandObject
crates/bacnet-objects/src/command.rs	30	method	CommandObject::new
crates/bacnet-objects/src/command.rs	47	method	CommandObject::set_action
crates/bacnet-objects/src/common.rs	13	fn	compute_status_flags
crates/bacnet-objects/src/common.rs	146	use	read_common_properties
crates/bacnet-objects/src/common.rs	150	fn	unknown_property_error
crates/bacnet-objects/src/common.rs	163	fn	write_out_of_service
crates/bacnet-objects/src/common.rs	190	fn	write_out_of_service_with_reliability_restore
crates/bacnet-objects/src/common.rs	219	use	crate
crates/bacnet-objects/src/common.rs	227	fn	write_description
crates/bacnet-objects/src/common.rs	248	fn	write_object_name
crates/bacnet-objects/src/common.rs	271	fn	write_access_denied_error
crates/bacnet-objects/src/common.rs	280	fn	invalid_data_type_error
crates/bacnet-objects/src/common.rs	289	fn	value_out_of_range_error
crates/bacnet-objects/src/common.rs	302	fn	invalid_data_encoding_error
crates/bacnet-objects/src/common.rs	323	fn	check_fixed_width_bit_string
crates/bacnet-objects/src/common.rs	345	fn	is_reliability_value_valid
crates/bacnet-objects/src/common.rs	354	fn	invalid_array_index_error
crates/bacnet-objects/src/common.rs	368	fn	property_is_not_an_array_error
crates/bacnet-objects/src/common.rs	377	fn	reject_non_finite
crates/bacnet-objects/src/common.rs	387	fn	u64_to_u32
crates/bacnet-objects/src/common.rs	396	fn	recalculate_from_priority_array
crates/bacnet-objects/src/common.rs	412	struct	ValueSourceTracking
crates/bacnet-objects/src/common.rs	43	fn	protocol_error
crates/bacnet-objects/src/common.rs	445	fn	current_command_priority
crates/bacnet-objects/src/common.rs	512	use	read_generic_event_properties
crates/bacnet-objects/src/common.rs	540	use	read_analog_event_properties
crates/bacnet-objects/src/common.rs	56	fn	read_property_list_property
crates/bacnet-objects/src/common.rs	616	use	write_analog_event_properties
crates/bacnet-objects/src/common.rs	722	use	write_generic_event_properties
crates/bacnet-objects/src/common.rs	753	use	read_priority_array
crates/bacnet-objects/src/common.rs	782	use	write_priority_array
crates/bacnet-objects/src/common.rs	820	use	write_priority_array_direct
crates/bacnet-objects/src/common.rs	827	fn	write_cov_increment
crates/bacnet-objects/src/common.rs	867	fn	is_generic_event_property_writable
crates/bacnet-objects/src/common.rs	884	fn	is_event_property_writable
crates/bacnet-objects/src/common.rs	908	fn	is_commandable_property_writable
crates/bacnet-objects/src/common.rs	924	fn	is_common_writable
crates/bacnet-objects/src/common.rs	937	fn	is_multistate_commandable_writable
crates/bacnet-objects/src/common.rs	950	fn	is_multistate_input_writable
crates/bacnet-objects/src/database.rs	115	method	ObjectDatabase::find_by_name
crates/bacnet-objects/src/database.rs	124	method	ObjectDatabase::check_name_available
crates/bacnet-objects/src/database.rs	143	method	ObjectDatabase::update_name_index
crates/bacnet-objects/src/database.rs	153	method	ObjectDatabase::get
crates/bacnet-objects/src/database.rs	158	method	ObjectDatabase::get_mut
crates/bacnet-objects/src/database.rs	164	method	ObjectDatabase::enrollment_eval_state_invalidated
crates/bacnet-objects/src/database.rs	169	method	ObjectDatabase::set_enrollment_eval_state_invalidated
crates/bacnet-objects/src/database.rs	18	struct	ObjectDatabase
crates/bacnet-objects/src/database.rs	183	method	ObjectDatabase::enrollment_eval_source
crates/bacnet-objects/src/database.rs	192	method	ObjectDatabase::set_enrollment_eval_source
crates/bacnet-objects/src/database.rs	222	method	ObjectDatabase::remove
crates/bacnet-objects/src/database.rs	252	method	ObjectDatabase::list_objects
crates/bacnet-objects/src/database.rs	260	method	ObjectDatabase::find_by_type
crates/bacnet-objects/src/database.rs	270	method	ObjectDatabase::iter_objects
crates/bacnet-objects/src/database.rs	277	method	ObjectDatabase::set_clock_reader
crates/bacnet-objects/src/database.rs	286	method	ObjectDatabase::set_monotonic_clock_internal
crates/bacnet-objects/src/database.rs	294	method	ObjectDatabase::clock_frame
crates/bacnet-objects/src/database.rs	302	method	ObjectDatabase::next_event_sequence_number
crates/bacnet-objects/src/database.rs	315	method	ObjectDatabase::reserve_event_sequence_number
crates/bacnet-objects/src/database.rs	323	method	ObjectDatabase::confirm_event_sequence_number
crates/bacnet-objects/src/database.rs	337	method	ObjectDatabase::for_each_object_mut
crates/bacnet-objects/src/database.rs	347	method	ObjectDatabase::len
crates/bacnet-objects/src/database.rs	352	method	ObjectDatabase::is_empty
crates/bacnet-objects/src/database.rs	40	struct	EventSequenceReservation
crates/bacnet-objects/src/database.rs	47	method	EventSequenceReservation::number
crates/bacnet-objects/src/database.rs	60	method	ObjectDatabase::new
crates/bacnet-objects/src/database.rs	77	method	ObjectDatabase::add
crates/bacnet-objects/src/device/mod.rs	101	struct	DeviceConfig
crates/bacnet-objects/src/device/mod.rs	145	struct	DeviceObject
crates/bacnet-objects/src/device/mod.rs	163	method	DeviceObject::new
crates/bacnet-objects/src/device/mod.rs	31	const	EXECUTED_SERVICES
crates/bacnet-objects/src/device/mod.rs	347	method	DeviceObject::set_object_list
crates/bacnet-objects/src/device/mod.rs	357	method	DeviceObject::set_services_supported
crates/bacnet-objects/src/device/mod.rs	362	method	DeviceObject::instance
crates/bacnet-objects/src/device/mod.rs	367	method	DeviceObject::set_description
crates/bacnet-objects/src/device/mod.rs	375	method	DeviceObject::set_active_cov_subscriptions
crates/bacnet-objects/src/device/mod.rs	380	method	DeviceObject::add_cov_subscription
crates/bacnet-objects/src/elevator.rs	177	struct	EscalatorObject
crates/bacnet-objects/src/elevator.rs	204	method	EscalatorObject::new
crates/bacnet-objects/src/elevator.rs	22	struct	ElevatorGroupObject
crates/bacnet-objects/src/elevator.rs	421	struct	LiftObject
crates/bacnet-objects/src/elevator.rs	43	method	ElevatorGroupObject::new
crates/bacnet-objects/src/elevator.rs	450	method	LiftObject::new
crates/bacnet-objects/src/elevator.rs	61	method	ElevatorGroupObject::add_member
crates/bacnet-objects/src/event.rs	1016	method	CommandFailureDetector::confirm_transition
crates/bacnet-objects/src/event.rs	1036	use	history
crates/bacnet-objects/src/event.rs	1037	use	history
crates/bacnet-objects/src/event.rs	107	method	EventTransition::for_target_state
crates/bacnet-objects/src/event.rs	12	mod	history
crates/bacnet-objects/src/event.rs	120	method	EventTransition::bit_mask
crates/bacnet-objects/src/event.rs	131	method	EventTransition::index
crates/bacnet-objects/src/event.rs	146	struct	EventTransitionCommit
crates/bacnet-objects/src/event.rs	16	struct	EventStateChange
crates/bacnet-objects/src/event.rs	161	enum	EventTransitionCommitError
crates/bacnet-objects/src/event.rs	184	struct	LimitEnable
crates/bacnet-objects/src/event.rs	190	const	NONE
crates/bacnet-objects/src/event.rs	195	const	BOTH
crates/bacnet-objects/src/event.rs	201	method	LimitEnable::to_bits
crates/bacnet-objects/src/event.rs	213	method	LimitEnable::from_bits
crates/bacnet-objects/src/event.rs	234	struct	PendingTransition
crates/bacnet-objects/src/event.rs	302	enum	FaultPrecedence
crates/bacnet-objects/src/event.rs	350	fn	fault_precedence
crates/bacnet-objects/src/event.rs	38	struct	TransitionOutcome
crates/bacnet-objects/src/event.rs	395	struct	OutOfRangeDetector
crates/bacnet-objects/src/event.rs	442	const	ALGORITHM
crates/bacnet-objects/src/event.rs	452	method	OutOfRangeDetector::evaluate
crates/bacnet-objects/src/event.rs	486	method	OutOfRangeDetector::probe
crates/bacnet-objects/src/event.rs	495	method	OutOfRangeDetector::propose
crates/bacnet-objects/src/event.rs	530	method	OutOfRangeDetector::tick
crates/bacnet-objects/src/event.rs	539	method	OutOfRangeDetector::tick_proposal
crates/bacnet-objects/src/event.rs	56	method	EventStateChange::event_type
crates/bacnet-objects/src/event.rs	595	method	OutOfRangeDetector::confirm_transition
crates/bacnet-objects/src/event.rs	660	struct	ChangeOfStateDetector
crates/bacnet-objects/src/event.rs	69	method	EventStateChange::transition
crates/bacnet-objects/src/event.rs	700	const	ALGORITHM
crates/bacnet-objects/src/event.rs	703	method	ChangeOfStateDetector::evaluate
crates/bacnet-objects/src/event.rs	722	method	ChangeOfStateDetector::probe
crates/bacnet-objects/src/event.rs	731	method	ChangeOfStateDetector::propose
crates/bacnet-objects/src/event.rs	757	method	ChangeOfStateDetector::tick
crates/bacnet-objects/src/event.rs	76	enum	EventTransition
crates/bacnet-objects/src/event.rs	766	method	ChangeOfStateDetector::tick_proposal
crates/bacnet-objects/src/event.rs	815	method	ChangeOfStateDetector::confirm_transition
crates/bacnet-objects/src/event.rs	842	struct	CommandFailureDetector
crates/bacnet-objects/src/event.rs	879	const	ALGORITHM
crates/bacnet-objects/src/event.rs	882	method	CommandFailureDetector::evaluate
crates/bacnet-objects/src/event.rs	906	method	CommandFailureDetector::probe
crates/bacnet-objects/src/event.rs	920	method	CommandFailureDetector::propose
crates/bacnet-objects/src/event.rs	93	struct	EnrollmentSummaryCapability
crates/bacnet-objects/src/event.rs	947	method	CommandFailureDetector::tick
crates/bacnet-objects/src/event.rs	961	method	CommandFailureDetector::tick_proposal
crates/bacnet-objects/src/event/history.rs	12	struct	EventHistory
crates/bacnet-objects/src/event/history.rs	176	use	impl_builtin_intrinsic_reporting
crates/bacnet-objects/src/event/history.rs	184	fn	commit_test_proposal
crates/bacnet-objects/src/event/history.rs	220	method	EventHistory::last_transition
crates/bacnet-objects/src/event/history.rs	224	method	EventHistory::reset
crates/bacnet-objects/src/event/history.rs	229	method	EventHistory::acknowledge_correlated
crates/bacnet-objects/src/event/history.rs	241	method	EventHistory::acknowledge_correlated_detailed
crates/bacnet-objects/src/event/history.rs	274	method	EventHistory::read
crates/bacnet-objects/src/event/history.rs	30	struct	EventTransitionState
crates/bacnet-objects/src/event/history.rs	37	method	EventTransitionState::new
crates/bacnet-objects/src/event/history.rs	50	method	EventTransitionState::commit
crates/bacnet-objects/src/event_enrollment/alert.rs	20	struct	AlertEnrollmentObject
crates/bacnet-objects/src/event_enrollment/alert.rs	52	method	AlertEnrollmentObject::new
crates/bacnet-objects/src/event_enrollment/alert.rs	78	method	AlertEnrollmentObject::record_alert_source
crates/bacnet-objects/src/event_enrollment/alert.rs	85	method	AlertEnrollmentObject::set_event_detection_enable
crates/bacnet-objects/src/event_enrollment/metadata.rs	100	static	ALERT_ENROLLMENT_PROPERTIES
crates/bacnet-objects/src/event_enrollment/metadata.rs	7	static	EVENT_ENROLLMENT_PROPERTIES
crates/bacnet-objects/src/event_enrollment/mod.rs	146	method	EventEnrollmentObject::set_description
crates/bacnet-objects/src/event_enrollment/mod.rs	151	method	EventEnrollmentObject::set_object_property_reference
crates/bacnet-objects/src/event_enrollment/mod.rs	160	method	EventEnrollmentObject::set_event_parameters
crates/bacnet-objects/src/event_enrollment/mod.rs	166	method	EventEnrollmentObject::set_fault_parameters
crates/bacnet-objects/src/event_enrollment/mod.rs	178	method	EventEnrollmentObject::set_event_state
crates/bacnet-objects/src/event_enrollment/mod.rs	186	method	EventEnrollmentObject::set_notification_class
crates/bacnet-objects/src/event_enrollment/mod.rs	191	method	EventEnrollmentObject::set_event_enable
crates/bacnet-objects/src/event_enrollment/mod.rs	198	method	EventEnrollmentObject::set_time_delay_normal
crates/bacnet-objects/src/event_enrollment/mod.rs	24	use	alert
crates/bacnet-objects/src/event_enrollment/mod.rs	26	use	state
crates/bacnet-objects/src/event_enrollment/mod.rs	27	use	transition
crates/bacnet-objects/src/event_enrollment/mod.rs	35	struct	EventEnrollmentObject
crates/bacnet-objects/src/event_enrollment/mod.rs	76	method	EventEnrollmentObject::new
crates/bacnet-objects/src/event_enrollment/parameters.rs	29	fn	decode_fault_parameters
crates/bacnet-objects/src/event_enrollment/parameters.rs	8	fn	decode_event_parameters
crates/bacnet-objects/src/event_enrollment/state.rs	16	type	EventEnrollmentMonitoredSource
crates/bacnet-objects/src/event_enrollment/state.rs	36	struct	EventEnrollmentPending
crates/bacnet-objects/src/event_enrollment/state.rs	7	struct	AlertEnrollmentWriteRollback
crates/bacnet-objects/src/event_enrollment/state.rs	71	struct	EventEnrollmentEvalState
crates/bacnet-objects/src/event_enrollment/state.rs	89	enum	EventEnrollmentWriteRollback
crates/bacnet-objects/src/event_enrollment/transition.rs	102	use	impl_event_enrollment_transition_commit
crates/bacnet-objects/src/event_enrollment/transition.rs	11	struct	EventEnrollmentReliabilityCommit
crates/bacnet-objects/src/event_enrollment/transition.rs	18	fn	commit_event_transition
crates/bacnet-objects/src/event_enrollment/transition.rs	43	fn	commit_reliability
crates/bacnet-objects/src/event_log.rs	23	struct	EventLogObject
crates/bacnet-objects/src/event_log.rs	41	method	EventLogObject::new
crates/bacnet-objects/src/event_log.rs	61	method	EventLogObject::add_record
crates/bacnet-objects/src/event_log.rs	66	method	EventLogObject::records
crates/bacnet-objects/src/event_log.rs	71	method	EventLogObject::clear
crates/bacnet-objects/src/event_log.rs	76	method	EventLogObject::set_description
crates/bacnet-objects/src/file.rs	109	enum	FileWriteStart
crates/bacnet-objects/src/file.rs	150	trait	FileStorage
crates/bacnet-objects/src/file.rs	215	struct	FileObject
crates/bacnet-objects/src/file.rs	250	method	FileObject::new
crates/bacnet-objects/src/file.rs	292	method	FileObject::set_description
crates/bacnet-objects/src/file.rs	297	method	FileObject::set_file_type
crates/bacnet-objects/src/file.rs	305	method	FileObject::set_data
crates/bacnet-objects/src/file.rs	314	method	FileObject::data
crates/bacnet-objects/src/file.rs	32	const	DEFAULT_MAX_FILE_SIZE
crates/bacnet-objects/src/file.rs	325	method	FileObject::set_file_access_method
crates/bacnet-objects/src/file.rs	342	method	FileObject::set_records
crates/bacnet-objects/src/file.rs	352	method	FileObject::records
crates/bacnet-objects/src/file.rs	357	method	FileObject::set_modification_date
crates/bacnet-objects/src/file.rs	366	method	FileObject::set_archive
crates/bacnet-objects/src/file.rs	371	method	FileObject::set_read_only
crates/bacnet-objects/src/file.rs	376	method	FileObject::file_size
crates/bacnet-objects/src/file.rs	381	method	FileObject::archive
crates/bacnet-objects/src/file.rs	386	method	FileObject::read_only
crates/bacnet-objects/src/file.rs	396	method	FileObject::set_max_file_size
crates/bacnet-objects/src/file.rs	401	method	FileObject::max_file_size
crates/bacnet-objects/src/file.rs	414	method	FileObject::set_max_record_count
crates/bacnet-objects/src/file.rs	419	method	FileObject::max_record_count
crates/bacnet-objects/src/file.rs	44	const	DEFAULT_MAX_RECORD_COUNT
crates/bacnet-objects/src/file.rs	58	trait	FileConfiguration
crates/bacnet-objects/src/file.rs	83	struct	FileStreamRead
crates/bacnet-objects/src/file.rs	94	struct	FileRecordRead
crates/bacnet-objects/src/file/resize.rs	121	fn	restore
crates/bacnet-objects/src/file/resize.rs	28	fn	write_stream
crates/bacnet-objects/src/file/resize.rs	49	fn	write_records
crates/bacnet-objects/src/file/resize.rs	70	fn	is_writable
crates/bacnet-objects/src/file/resize.rs	85	fn	capture
crates/bacnet-objects/src/group.rs	143	struct	GlobalGroupObject
crates/bacnet-objects/src/group.rs	160	method	GlobalGroupObject::new
crates/bacnet-objects/src/group.rs	25	struct	GroupObject
crates/bacnet-objects/src/group.rs	273	struct	StructuredViewObject
crates/bacnet-objects/src/group.rs	292	method	StructuredViewObject::new
crates/bacnet-objects/src/group.rs	309	method	StructuredViewObject::add_subordinate
crates/bacnet-objects/src/group.rs	40	method	GroupObject::new
crates/bacnet-objects/src/group.rs	55	method	GroupObject::add_member
crates/bacnet-objects/src/group.rs	60	method	GroupObject::clear_members
crates/bacnet-objects/src/lib.rs	10	mod	color
crates/bacnet-objects/src/lib.rs	11	mod	command
crates/bacnet-objects/src/lib.rs	12	mod	common
crates/bacnet-objects/src/lib.rs	13	mod	database
crates/bacnet-objects/src/lib.rs	14	mod	device
crates/bacnet-objects/src/lib.rs	15	mod	elevator
crates/bacnet-objects/src/lib.rs	16	mod	event
crates/bacnet-objects/src/lib.rs	17	mod	event_enrollment
crates/bacnet-objects/src/lib.rs	18	mod	event_log
crates/bacnet-objects/src/lib.rs	19	mod	file
crates/bacnet-objects/src/lib.rs	20	mod	group
crates/bacnet-objects/src/lib.rs	21	mod	life_safety
crates/bacnet-objects/src/lib.rs	22	mod	lighting
crates/bacnet-objects/src/lib.rs	23	mod	load_control
crates/bacnet-objects/src/lib.rs	24	mod	log_buffer
crates/bacnet-objects/src/lib.rs	25	mod	log_lifecycle
crates/bacnet-objects/src/lib.rs	26	mod	loop_obj
crates/bacnet-objects/src/lib.rs	27	mod	multistate
crates/bacnet-objects/src/lib.rs	28	mod	network_port
crates/bacnet-objects/src/lib.rs	29	mod	notification_class
crates/bacnet-objects/src/lib.rs	3	mod	access_control
crates/bacnet-objects/src/lib.rs	30	mod	program
crates/bacnet-objects/src/lib.rs	31	mod	property_metadata
crates/bacnet-objects/src/lib.rs	32	mod	reference
crates/bacnet-objects/src/lib.rs	33	mod	reliability_inhibit
crates/bacnet-objects/src/lib.rs	34	mod	rollback
crates/bacnet-objects/src/lib.rs	35	mod	schedule
crates/bacnet-objects/src/lib.rs	36	mod	staging
crates/bacnet-objects/src/lib.rs	37	mod	timer
crates/bacnet-objects/src/lib.rs	38	mod	traits
crates/bacnet-objects/src/lib.rs	39	mod	trend
crates/bacnet-objects/src/lib.rs	4	mod	accumulator
crates/bacnet-objects/src/lib.rs	40	mod	value_types
crates/bacnet-objects/src/lib.rs	5	mod	analog
crates/bacnet-objects/src/lib.rs	6	mod	audit
crates/bacnet-objects/src/lib.rs	7	mod	averaging
crates/bacnet-objects/src/lib.rs	8	mod	binary
crates/bacnet-objects/src/lib.rs	9	mod	clock
crates/bacnet-objects/src/life_safety.rs	112	struct	LifeSafetyPointObject
crates/bacnet-objects/src/life_safety.rs	147	method	LifeSafetyPointObject::new
crates/bacnet-objects/src/life_safety.rs	16	use	reset
crates/bacnet-objects/src/life_safety.rs	170	method	LifeSafetyPointObject::set_present_value
crates/bacnet-objects/src/life_safety.rs	175	method	LifeSafetyPointObject::set_mode
crates/bacnet-objects/src/life_safety.rs	180	method	LifeSafetyPointObject::set_tracking_value
crates/bacnet-objects/src/life_safety.rs	185	method	LifeSafetyPointObject::set_silenced
crates/bacnet-objects/src/life_safety.rs	190	method	LifeSafetyPointObject::set_operation_expected
crates/bacnet-objects/src/life_safety.rs	198	method	LifeSafetyPointObject::set_reset_executor
crates/bacnet-objects/src/life_safety.rs	203	method	LifeSafetyPointObject::with_reset_executor
crates/bacnet-objects/src/life_safety.rs	209	method	LifeSafetyPointObject::set_direct_reading
crates/bacnet-objects/src/life_safety.rs	214	method	LifeSafetyPointObject::set_description
crates/bacnet-objects/src/life_safety.rs	219	method	LifeSafetyPointObject::add_member
crates/bacnet-objects/src/life_safety.rs	410	struct	LifeSafetyZoneObject
crates/bacnet-objects/src/life_safety.rs	439	method	LifeSafetyZoneObject::new
crates/bacnet-objects/src/life_safety.rs	459	method	LifeSafetyZoneObject::set_present_value
crates/bacnet-objects/src/life_safety.rs	464	method	LifeSafetyZoneObject::set_mode
crates/bacnet-objects/src/life_safety.rs	469	method	LifeSafetyZoneObject::set_silenced
crates/bacnet-objects/src/life_safety.rs	474	method	LifeSafetyZoneObject::set_operation_expected
crates/bacnet-objects/src/life_safety.rs	482	method	LifeSafetyZoneObject::set_reset_executor
crates/bacnet-objects/src/life_safety.rs	487	method	LifeSafetyZoneObject::with_reset_executor
crates/bacnet-objects/src/life_safety.rs	493	method	LifeSafetyZoneObject::set_description
crates/bacnet-objects/src/life_safety.rs	498	method	LifeSafetyZoneObject::add_zone_member
crates/bacnet-objects/src/life_safety/reset.rs	101	type	LifeSafetyPointResetExecutor
crates/bacnet-objects/src/life_safety/reset.rs	114	type	LifeSafetyZoneResetExecutor
crates/bacnet-objects/src/life_safety/reset.rs	120	fn	is_reset_operation
crates/bacnet-objects/src/life_safety/reset.rs	170	method	LifeSafetyPointObject::apply_reset_operation
crates/bacnet-objects/src/life_safety/reset.rs	21	struct	LifeSafetyPointResetContext
crates/bacnet-objects/src/life_safety/reset.rs	223	method	LifeSafetyZoneObject::apply_reset_operation
crates/bacnet-objects/src/life_safety/reset.rs	41	struct	LifeSafetyPointResetCommit
crates/bacnet-objects/src/life_safety/reset.rs	56	struct	LifeSafetyZoneResetContext
crates/bacnet-objects/src/life_safety/reset.rs	74	struct	LifeSafetyZoneResetCommit
crates/bacnet-objects/src/life_safety/reset.rs	85	enum	LifeSafetyResetError
crates/bacnet-objects/src/lighting/binary.rs	101	method	BinaryLightingOutputObject::set_relinquish_default
crates/bacnet-objects/src/lighting/binary.rs	54	struct	BinaryLightingOutputObject
crates/bacnet-objects/src/lighting/binary.rs	75	method	BinaryLightingOutputObject::new
crates/bacnet-objects/src/lighting/binary.rs	96	method	BinaryLightingOutputObject::set_description
crates/bacnet-objects/src/lighting/mod.rs	23	struct	LightingOutputObject
crates/bacnet-objects/src/lighting/mod.rs	295	use	binary
crates/bacnet-objects/src/lighting/mod.rs	47	method	LightingOutputObject::new
crates/bacnet-objects/src/lighting/mod.rs	70	method	LightingOutputObject::set_description
crates/bacnet-objects/src/lighting/mod.rs	86	method	LightingOutputObject::set_relinquish_default
crates/bacnet-objects/src/load_control.rs	16	struct	LoadControlObject
crates/bacnet-objects/src/load_control.rs	37	method	LoadControlObject::new
crates/bacnet-objects/src/load_control.rs	70	method	LoadControlObject::set_requested_shed_level
crates/bacnet-objects/src/load_control.rs	75	method	LoadControlObject::set_actual_shed_level
crates/bacnet-objects/src/log_buffer.rs	103	method	LogRecordBuffer::insert_forced
crates/bacnet-objects/src/log_buffer.rs	107	method	LogRecordBuffer::is_full
crates/bacnet-objects/src/log_buffer.rs	111	method	LogRecordBuffer::next_record_would_fill_positive_capacity
crates/bacnet-objects/src/log_buffer.rs	115	method	LogRecordBuffer::records
crates/bacnet-objects/src/log_buffer.rs	119	method	LogRecordBuffer::total_record_count
crates/bacnet-objects/src/log_buffer.rs	123	method	LogRecordBuffer::capacity
crates/bacnet-objects/src/log_buffer.rs	127	method	LogRecordBuffer::clear
crates/bacnet-objects/src/log_buffer.rs	131	method	LogRecordBuffer::identities
crates/bacnet-objects/src/log_buffer.rs	15	struct	LogRecordIdentity
crates/bacnet-objects/src/log_buffer.rs	156	method	LogRecordBuffer::project
crates/bacnet-objects/src/log_buffer.rs	182	method	LogRecordBuffer::set_total_record_count_for_test
crates/bacnet-objects/src/log_buffer.rs	23	method	LogRecordIdentity::new
crates/bacnet-objects/src/log_buffer.rs	32	method	LogRecordIdentity::sequence_number
crates/bacnet-objects/src/log_buffer.rs	37	method	LogRecordIdentity::date
crates/bacnet-objects/src/log_buffer.rs	42	method	LogRecordIdentity::time
crates/bacnet-objects/src/log_buffer.rs	48	enum	LogRecordProfile
crates/bacnet-objects/src/log_buffer.rs	55	struct	LogRecordBuffer
crates/bacnet-objects/src/log_buffer.rs	62	enum	OrdinaryAdmission
crates/bacnet-objects/src/log_buffer.rs	70	enum	ForcedAdmission
crates/bacnet-objects/src/log_buffer.rs	76	method	LogRecordBuffer::new
crates/bacnet-objects/src/log_buffer.rs	84	method	LogRecordBuffer::admit_ordinary
crates/bacnet-objects/src/log_lifecycle.rs	108	method	LogLifecycle::purge
crates/bacnet-objects/src/log_lifecycle.rs	133	method	LogLifecycleSnapshot::capture
crates/bacnet-objects/src/log_lifecycle.rs	14	const	LOG_DISABLED
crates/bacnet-objects/src/log_lifecycle.rs	141	method	LogLifecycleSnapshot::restore
crates/bacnet-objects/src/log_lifecycle.rs	15	const	BUFFER_PURGED
crates/bacnet-objects/src/log_lifecycle.rs	17	struct	LogLifecycle
crates/bacnet-objects/src/log_lifecycle.rs	25	struct	LogLifecycleSnapshot
crates/bacnet-objects/src/log_lifecycle.rs	32	method	LogLifecycle::new
crates/bacnet-objects/src/log_lifecycle.rs	46	method	LogLifecycle::try_add_ordinary
crates/bacnet-objects/src/log_lifecycle.rs	63	method	LogLifecycle::write_enable
crates/bacnet-objects/src/log_lifecycle.rs	88	method	LogLifecycle::write_stop_when_full
crates/bacnet-objects/src/loop_obj.rs	16	struct	LoopObject
crates/bacnet-objects/src/loop_obj.rs	39	method	LoopObject::new
crates/bacnet-objects/src/loop_obj.rs	63	method	LoopObject::set_present_value
crates/bacnet-objects/src/loop_obj.rs	68	method	LoopObject::set_description
crates/bacnet-objects/src/loop_obj.rs	74	method	LoopObject::set_controlled_variable_reference
crates/bacnet-objects/src/loop_obj.rs	80	method	LoopObject::set_manipulated_variable_reference
crates/bacnet-objects/src/loop_obj.rs	86	method	LoopObject::set_setpoint_reference
crates/bacnet-objects/src/multistate/input.rs	100	method	MultiStateInputObject::set_number_of_states
crates/bacnet-objects/src/multistate/input.rs	11	struct	MultiStateInputObject
crates/bacnet-objects/src/multistate/input.rs	111	method	MultiStateInputObject::set_description
crates/bacnet-objects/src/multistate/input.rs	34	method	MultiStateInputObject::new
crates/bacnet-objects/src/multistate/input.rs	63	method	MultiStateInputObject::set_alarm_values
crates/bacnet-objects/src/multistate/input.rs	73	method	MultiStateInputObject::set_present_value
crates/bacnet-objects/src/multistate/mod.rs	164	use	input
crates/bacnet-objects/src/multistate/mod.rs	165	use	output
crates/bacnet-objects/src/multistate/mod.rs	166	use	value
crates/bacnet-objects/src/multistate/mod.rs	22	const	MAX_ALARM_VALUES
crates/bacnet-objects/src/multistate/mod.rs	88	enum	OwnedMultiStateFault
crates/bacnet-objects/src/multistate/output.rs	110	method	MultiStateOutputObject::set_number_of_states
crates/bacnet-objects/src/multistate/output.rs	12	struct	MultiStateOutputObject
crates/bacnet-objects/src/multistate/output.rs	134	method	MultiStateOutputObject::set_relinquish_default
crates/bacnet-objects/src/multistate/output.rs	38	method	MultiStateOutputObject::new
crates/bacnet-objects/src/multistate/output.rs	71	method	MultiStateOutputObject::set_description
crates/bacnet-objects/src/multistate/value.rs	11	struct	MultiStateValueObject
crates/bacnet-objects/src/multistate/value.rs	114	method	MultiStateValueObject::set_number_of_states
crates/bacnet-objects/src/multistate/value.rs	125	method	MultiStateValueObject::set_alarm_values
crates/bacnet-objects/src/multistate/value.rs	143	method	MultiStateValueObject::set_relinquish_default
crates/bacnet-objects/src/multistate/value.rs	38	method	MultiStateValueObject::new
crates/bacnet-objects/src/multistate/value.rs	70	method	MultiStateValueObject::set_description
crates/bacnet-objects/src/network_port.rs	104	method	NetworkPortObject::set_mac_address
crates/bacnet-objects/src/network_port.rs	109	method	NetworkPortObject::set_network_number
crates/bacnet-objects/src/network_port.rs	114	method	NetworkPortObject::set_link_speed
crates/bacnet-objects/src/network_port.rs	119	method	NetworkPortObject::set_udp_port
crates/bacnet-objects/src/network_port.rs	21	struct	NetworkPortObject
crates/bacnet-objects/src/network_port.rs	60	method	NetworkPortObject::new
crates/bacnet-objects/src/network_port.rs	84	method	NetworkPortObject::set_description
crates/bacnet-objects/src/network_port.rs	89	method	NetworkPortObject::set_ip_address
crates/bacnet-objects/src/network_port.rs	94	method	NetworkPortObject::set_ip_default_gateway
crates/bacnet-objects/src/network_port.rs	99	method	NetworkPortObject::set_ip_subnet_mask
crates/bacnet-objects/src/notification_class/enrollment_summary.rs	14	struct	EnrollmentSummaryClassProjection
crates/bacnet-objects/src/notification_class/enrollment_summary.rs	22	enum	EnrollmentSummaryClassProjectionError
crates/bacnet-objects/src/notification_class/enrollment_summary.rs	51	fn	resolve_enrollment_summary_class_internal
crates/bacnet-objects/src/notification_class/mod.rs	308	fn	local_day_and_time
crates/bacnet-objects/src/notification_class/mod.rs	377	fn	resolve_transition_priority_ack
crates/bacnet-objects/src/notification_class/mod.rs	38	use	enrollment_summary
crates/bacnet-objects/src/notification_class/mod.rs	422	enum	RecipientLookupOutcome
crates/bacnet-objects/src/notification_class/mod.rs	448	fn	lookup_notification_recipients
crates/bacnet-objects/src/notification_class/mod.rs	48	struct	NotificationClass
crates/bacnet-objects/src/notification_class/mod.rs	482	fn	get_notification_recipients
crates/bacnet-objects/src/notification_class/mod.rs	512	fn	get_notification_recipients_strict
crates/bacnet-objects/src/notification_class/mod.rs	620	fn	decode_destination_list_pv
crates/bacnet-objects/src/notification_class/mod.rs	678	fn	filter_recipient_list
crates/bacnet-objects/src/notification_class/mod.rs	69	method	NotificationClass::new
crates/bacnet-objects/src/notification_class/mod.rs	86	method	NotificationClass::set_description
crates/bacnet-objects/src/notification_class/mod.rs	91	method	NotificationClass::add_destination
crates/bacnet-objects/src/program.rs	18	struct	ProgramObject
crates/bacnet-objects/src/program.rs	32	method	ProgramObject::new
crates/bacnet-objects/src/program.rs	48	method	ProgramObject::set_program_state
crates/bacnet-objects/src/program.rs	53	method	ProgramObject::set_reason_for_halt
crates/bacnet-objects/src/property_metadata.rs	108	fn	property_list_from_metadata
crates/bacnet-objects/src/property_metadata.rs	126	fn	required_properties_from_metadata
crates/bacnet-objects/src/property_metadata.rs	13	enum	PropertyConformance
crates/bacnet-objects/src/property_metadata.rs	142	fn	is_writable_in_metadata
crates/bacnet-objects/src/property_metadata.rs	24	method	PropertyConformance::is_required
crates/bacnet-objects/src/property_metadata.rs	35	enum	PropertyPresenceCondition
crates/bacnet-objects/src/property_metadata.rs	50	enum	PropertyWriteCapability
crates/bacnet-objects/src/property_metadata.rs	61	method	PropertyWriteCapability::is_writable
crates/bacnet-objects/src/property_metadata.rs	74	struct	PropertyMetadata
crates/bacnet-objects/src/property_metadata.rs	90	method	PropertyMetadata::new
crates/bacnet-objects/src/reference.rs	41	enum	ReferenceFrame
crates/bacnet-objects/src/reference.rs	55	fn	reference_read_value
crates/bacnet-objects/src/reference.rs	78	fn	decode_reference_write
crates/bacnet-objects/src/reliability_inhibit.rs	103	method	ReliabilityInhibitState::write_client_reliability
crates/bacnet-objects/src/reliability_inhibit.rs	19	struct	ReliabilityInhibitState
crates/bacnet-objects/src/reliability_inhibit.rs	26	method	ReliabilityInhibitState::enabled
crates/bacnet-objects/src/reliability_inhibit.rs	31	method	ReliabilityInhibitState::read
crates/bacnet-objects/src/reliability_inhibit.rs	42	method	ReliabilityInhibitState::write_inhibit
crates/bacnet-objects/src/reliability_inhibit.rs	66	method	ReliabilityInhibitState::write_out_of_service
crates/bacnet-objects/src/rollback.rs	10	enum	IntrinsicWriteRollback
crates/bacnet-objects/src/rollback.rs	278	use	capture_multistate_command_rollback
crates/bacnet-objects/src/rollback.rs	279	use	impl_intrinsic_write_rollback
crates/bacnet-objects/src/rollback.rs	280	use	restore_multistate_command_rollback
crates/bacnet-objects/src/schedule/mod.rs	181	struct	ScheduleObject
crates/bacnet-objects/src/schedule/mod.rs	203	method	ScheduleObject::new
crates/bacnet-objects/src/schedule/mod.rs	228	method	ScheduleObject::set_present_value
crates/bacnet-objects/src/schedule/mod.rs	233	method	ScheduleObject::set_description
crates/bacnet-objects/src/schedule/mod.rs	238	method	ScheduleObject::set_weekly_schedule
crates/bacnet-objects/src/schedule/mod.rs	24	struct	CalendarObject
crates/bacnet-objects/src/schedule/mod.rs	245	method	ScheduleObject::add_exception
crates/bacnet-objects/src/schedule/mod.rs	250	method	ScheduleObject::set_effective_period
crates/bacnet-objects/src/schedule/mod.rs	255	method	ScheduleObject::add_object_property_reference
crates/bacnet-objects/src/schedule/mod.rs	260	method	ScheduleObject::present_value
crates/bacnet-objects/src/schedule/mod.rs	268	method	ScheduleObject::evaluate
crates/bacnet-objects/src/schedule/mod.rs	34	method	CalendarObject::new
crates/bacnet-objects/src/schedule/mod.rs	47	method	CalendarObject::set_present_value
crates/bacnet-objects/src/schedule/mod.rs	52	method	CalendarObject::set_description
crates/bacnet-objects/src/schedule/mod.rs	57	method	CalendarObject::add_date_entry
crates/bacnet-objects/src/schedule/mod.rs	62	method	CalendarObject::clear_date_list
crates/bacnet-objects/src/staging.rs	103	method	StagingObject::new
crates/bacnet-objects/src/staging.rs	35	struct	StagingConfig
crates/bacnet-objects/src/staging.rs	55	struct	StagingTargetWrite
crates/bacnet-objects/src/staging.rs	65	struct	StagingWritePlan
crates/bacnet-objects/src/staging.rs	77	struct	StagingObject
crates/bacnet-objects/src/staging/metadata.rs	5	const	STAGING_PROPERTY_METADATA
crates/bacnet-objects/src/timer.rs	100	method	TimerObject::set_update_time
crates/bacnet-objects/src/timer.rs	105	method	TimerObject::set_expiration_time
crates/bacnet-objects/src/timer.rs	20	struct	TimerObject
crates/bacnet-objects/src/timer.rs	38	method	TimerObject::new
crates/bacnet-objects/src/timer.rs	83	method	TimerObject::start
crates/bacnet-objects/src/timer.rs	89	method	TimerObject::stop
crates/bacnet-objects/src/timer.rs	95	method	TimerObject::set_initial_timeout
crates/bacnet-objects/src/traits.rs	102	trait	BACnetObject
crates/bacnet-objects/src/traits.rs	29	type	MonotonicClock
crates/bacnet-objects/src/traits.rs	42	struct	WritePropertyRollback
crates/bacnet-objects/src/traits.rs	46	enum	LifeSafetyOperationEffect
crates/bacnet-objects/src/traits.rs	61	struct	LifeSafetyOperationOutcome
crates/bacnet-objects/src/traits.rs	70	enum	ReliabilityEvaluation
crates/bacnet-objects/src/traits.rs	85	method	WritePropertyRollback::new
crates/bacnet-objects/src/traits.rs	91	method	WritePropertyRollback::downcast
crates/bacnet-objects/src/traits/defaults.rs	40	fn	array_property_default
crates/bacnet-objects/src/traits/defaults.rs	85	fn	historical_writable_default
crates/bacnet-objects/src/trend/mod.rs	22	struct	TrendLogObject
crates/bacnet-objects/src/trend/mod.rs	371	struct	TrendLogMultipleObject
crates/bacnet-objects/src/trend/mod.rs	389	method	TrendLogMultipleObject::new
crates/bacnet-objects/src/trend/mod.rs	40	method	TrendLogObject::new
crates/bacnet-objects/src/trend/mod.rs	410	method	TrendLogMultipleObject::add_record
crates/bacnet-objects/src/trend/mod.rs	415	method	TrendLogMultipleObject::add_property_reference
crates/bacnet-objects/src/trend/mod.rs	420	method	TrendLogMultipleObject::records
crates/bacnet-objects/src/trend/mod.rs	425	method	TrendLogMultipleObject::clear
crates/bacnet-objects/src/trend/mod.rs	430	method	TrendLogMultipleObject::set_description
crates/bacnet-objects/src/trend/mod.rs	435	method	TrendLogMultipleObject::set_logging_type
crates/bacnet-objects/src/trend/mod.rs	61	method	TrendLogObject::add_record
crates/bacnet-objects/src/trend/mod.rs	66	method	TrendLogObject::records
crates/bacnet-objects/src/trend/mod.rs	71	method	TrendLogObject::clear
crates/bacnet-objects/src/trend/mod.rs	76	method	TrendLogObject::set_description
crates/bacnet-objects/src/trend/mod.rs	81	method	TrendLogObject::set_log_device_object_property
crates/bacnet-objects/src/trend/mod.rs	89	method	TrendLogObject::set_logging_type
crates/bacnet-objects/src/value_types/mod.rs	351	struct	$struct_name
crates/bacnet-objects/src/value_types/mod.rs	363	method	$struct_name::new
crates/bacnet-objects/src/value_types/mod.rs	53	struct	$struct_name
crates/bacnet-objects/src/value_types/mod.rs	68	method	$struct_name::new
crates/bacnet-objects/src/value_types/mod.rs	97	method	$struct_name::set_relinquish_default
crates/bacnet-server/src/audit_notification.rs	11	const	MAX_AUDIT_NOTIFICATION_BYTES
crates/bacnet-server/src/audit_notification.rs	13	const	MAX_AUDIT_NOTIFICATIONS
crates/bacnet-server/src/audit_notification.rs	21	struct	AuditNotificationAuthorizationContext
crates/bacnet-server/src/audit_notification.rs	37	type	AuditNotificationAuthorizer
crates/bacnet-server/src/audit_notification.rs	47	struct	UnconfirmedAuditNotificationAuthorizationContext
crates/bacnet-server/src/audit_notification.rs	62	type	UnconfirmedAuditNotificationAuthorizer
crates/bacnet-server/src/cov.rs	103	method	CovSubscriptionTable::with_policy
crates/bacnet-server/src/cov.rs	116	method	CovSubscriptionTable::next_dispatch_turn
crates/bacnet-server/src/cov.rs	123	method	CovSubscriptionTable::policy
crates/bacnet-server/src/cov.rs	128	method	CovSubscriptionTable::counters
crates/bacnet-server/src/cov.rs	133	method	CovSubscriptionTable::in_flight_tracker
crates/bacnet-server/src/cov.rs	138	method	CovSubscriptionTable::peer_subscription_count
crates/bacnet-server/src/cov.rs	143	method	CovSubscriptionTable::peer_indefinite_count
crates/bacnet-server/src/cov.rs	148	method	CovSubscriptionTable::subscribe
crates/bacnet-server/src/cov.rs	15	use	policy
crates/bacnet-server/src/cov.rs	185	method	CovSubscriptionTable::get_subscription
crates/bacnet-server/src/cov.rs	203	method	CovSubscriptionTable::contains
crates/bacnet-server/src/cov.rs	22	struct	CovSubscription
crates/bacnet-server/src/cov.rs	253	method	CovSubscriptionTable::unsubscribe
crates/bacnet-server/src/cov.rs	263	method	CovSubscriptionTable::unsubscribe_at
crates/bacnet-server/src/cov.rs	281	method	CovSubscriptionTable::unsubscribe_property
crates/bacnet-server/src/cov.rs	292	method	CovSubscriptionTable::unsubscribe_property_at
crates/bacnet-server/src/cov.rs	311	method	CovSubscriptionTable::unsubscribe_cov_multiple_context
crates/bacnet-server/src/cov.rs	337	method	CovSubscriptionTable::unsubscribe_cov_multiple_property_at
crates/bacnet-server/src/cov.rs	367	method	CovSubscriptionTable::refresh_cov_multiple_context_lifetime
crates/bacnet-server/src/cov.rs	389	method	CovSubscriptionTable::remove_for_object
crates/bacnet-server/src/cov.rs	402	method	CovSubscriptionTable::remove_peer_subscriptions
crates/bacnet-server/src/cov.rs	422	method	CovSubscriptionTable::purge_expired
crates/bacnet-server/src/cov.rs	455	method	CovSubscriptionTable::subscriptions_for
crates/bacnet-server/src/cov.rs	464	method	CovSubscriptionTable::check_admission
crates/bacnet-server/src/cov.rs	502	method	CovSubscriptionTable::check_admission_multiple
crates/bacnet-server/src/cov.rs	52	method	CovSubscription::peer_key
crates/bacnet-server/src/cov.rs	574	method	CovSubscriptionTable::set_last_notified_value
crates/bacnet-server/src/cov.rs	59	enum	CovNotificationKind
crates/bacnet-server/src/cov.rs	602	method	CovSubscriptionTable::should_notify
crates/bacnet-server/src/cov.rs	619	method	CovSubscriptionTable::len
crates/bacnet-server/src/cov.rs	624	method	CovSubscriptionTable::is_empty
crates/bacnet-server/src/cov.rs	80	struct	CovSubscriptionTable
crates/bacnet-server/src/cov.rs	98	method	CovSubscriptionTable::new
crates/bacnet-server/src/cov/policy.rs	112	struct	CovCounters
crates/bacnet-server/src/cov/policy.rs	13	struct	CovPolicy
crates/bacnet-server/src/cov/policy.rs	143	struct	AtomicCovCounters
crates/bacnet-server/src/cov/policy.rs	174	method	AtomicCovCounters::snapshot
crates/bacnet-server/src/cov/policy.rs	201	enum	CovPeerKey
crates/bacnet-server/src/cov/policy.rs	210	method	CovPeerKey::direct
crates/bacnet-server/src/cov/policy.rs	215	method	CovPeerKey::routed
crates/bacnet-server/src/cov/policy.rs	220	method	CovPeerKey::from_endpoint
crates/bacnet-server/src/cov/policy.rs	230	method	CovPeerKey::mac
crates/bacnet-server/src/cov/policy.rs	246	enum	InFlightAcquireError
crates/bacnet-server/src/cov/policy.rs	255	struct	CovInFlightTracker
crates/bacnet-server/src/cov/policy.rs	260	struct	CovInFlightGuard
crates/bacnet-server/src/cov/policy.rs	282	method	CovInFlightTracker::try_acquire
crates/bacnet-server/src/cov/policy.rs	306	method	CovInFlightTracker::active_peer_count
crates/bacnet-server/src/cov/policy.rs	55	method	CovPolicy::unlimited
crates/bacnet-server/src/cov/policy.rs	71	method	CovPolicy::sanitized
crates/bacnet-server/src/cov/policy.rs	83	method	CovPolicy::is_peer_reserved
crates/bacnet-server/src/cov/policy.rs	98	method	CovPolicy::effective_unreserved_capacity
crates/bacnet-server/src/event_enrollment/algorithms.rs	113	fn	encode_out_of_range_params
crates/bacnet-server/src/event_enrollment/algorithms.rs	123	fn	encode_floating_limit_params
crates/bacnet-server/src/event_enrollment/algorithms.rs	138	fn	encode_change_of_state_params
crates/bacnet-server/src/event_enrollment/algorithms.rs	148	fn	encode_change_of_value_params
crates/bacnet-server/src/event_enrollment/algorithms.rs	154	fn	encode_change_of_bitstring_params
crates/bacnet-server/src/event_enrollment/algorithms.rs	366	fn	eval_out_of_range_struct
crates/bacnet-server/src/event_enrollment/algorithms.rs	385	fn	eval_floating_limit_struct
crates/bacnet-server/src/event_enrollment/algorithms.rs	42	struct	ArmEvaluation
crates/bacnet-server/src/event_enrollment/algorithms.rs	420	enum	PropertyStateValue
crates/bacnet-server/src/event_enrollment/algorithms.rs	461	fn	eval_change_of_state_struct
crates/bacnet-server/src/event_enrollment/algorithms.rs	530	fn	eval_change_of_bitstring_struct
crates/bacnet-server/src/event_enrollment/algorithms.rs	603	fn	eval_change_of_value_struct
crates/bacnet-server/src/event_enrollment/algorithms.rs	70	struct	Indication
crates/bacnet-server/src/event_enrollment/algorithms.rs	735	fn	eval_legacy_le_arm
crates/bacnet-server/src/event_enrollment/algorithms.rs	746	fn	extract_real
crates/bacnet-server/src/event_enrollment/algorithms.rs	757	fn	extract_enumerated
crates/bacnet-server/src/event_enrollment/algorithms.rs	766	fn	extract_property_state_value
crates/bacnet-server/src/event_enrollment/algorithms.rs	777	fn	extract_bitstring
crates/bacnet-server/src/event_enrollment/api.rs	13	struct	EventEnrollmentTransition
crates/bacnet-server/src/event_enrollment/api.rs	42	fn	evaluate_event_enrollments
crates/bacnet-server/src/event_enrollment/api.rs	54	fn	evaluate_event_enrollments_report
crates/bacnet-server/src/event_enrollment/api.rs	67	fn	evaluate_event_enrollments_detailed_report
crates/bacnet-server/src/event_enrollment/commit.rs	110	method	EventEnrollmentDetailedEvaluationOutcome::is_failure
crates/bacnet-server/src/event_enrollment/commit.rs	117	struct	EventEnrollmentDetailedEvaluationDiagnostic
crates/bacnet-server/src/event_enrollment/commit.rs	128	enum	EventEnrollmentReliabilityCause
crates/bacnet-server/src/event_enrollment/commit.rs	139	struct	EventEnrollmentReliabilityResult
crates/bacnet-server/src/event_enrollment/commit.rs	161	method	EventEnrollmentReliabilityResult::event_type
crates/bacnet-server/src/event_enrollment/commit.rs	170	struct	EventEnrollmentEvaluationReport
crates/bacnet-server/src/event_enrollment/commit.rs	179	struct	EventEnrollmentDetailedEvaluationReport
crates/bacnet-server/src/event_enrollment/commit.rs	189	enum	CommittedEventEnrollmentResult
crates/bacnet-server/src/event_enrollment/commit.rs	195	struct	CommittedEventEnrollmentDelivery
crates/bacnet-server/src/event_enrollment/commit.rs	204	struct	EventEnrollmentEvaluationBatch
crates/bacnet-server/src/event_enrollment/commit.rs	210	method	EventEnrollmentDetailedEvaluationReport::into_legacy
crates/bacnet-server/src/event_enrollment/commit.rs	23	enum	EventEnrollmentEvaluationStage
crates/bacnet-server/src/event_enrollment/commit.rs	268	fn	log_evaluation_report
crates/bacnet-server/src/event_enrollment/commit.rs	297	struct	EnrollmentUpdate
crates/bacnet-server/src/event_enrollment/commit.rs	307	struct	FiredTransition
crates/bacnet-server/src/event_enrollment/commit.rs	317	struct	ReliabilityUpdate
crates/bacnet-server/src/event_enrollment/commit.rs	333	method	EnrollmentUpdate::set_eval_state
crates/bacnet-server/src/event_enrollment/commit.rs	337	method	EnrollmentUpdate::reset_eval_state
crates/bacnet-server/src/event_enrollment/commit.rs	342	method	EnrollmentUpdate::cancel_pending
crates/bacnet-server/src/event_enrollment/commit.rs	347	method	EnrollmentUpdate::set_eval_source
crates/bacnet-server/src/event_enrollment/commit.rs	353	method	EnrollmentUpdate::reset_eval_source_for_observation_gap
crates/bacnet-server/src/event_enrollment/commit.rs	36	enum	EventEnrollmentEvaluationOutcome
crates/bacnet-server/src/event_enrollment/commit.rs	363	method	EnrollmentUpdate::fire
crates/bacnet-server/src/event_enrollment/commit.rs	371	method	EnrollmentUpdate::set_reliability
crates/bacnet-server/src/event_enrollment/commit.rs	379	method	EnrollmentUpdate::observation_unavailable
crates/bacnet-server/src/event_enrollment/commit.rs	443	fn	apply_updates
crates/bacnet-server/src/event_enrollment/commit.rs	452	fn	apply_updates_for_delivery
crates/bacnet-server/src/event_enrollment/commit.rs	53	method	EventEnrollmentEvaluationOutcome::is_failure
crates/bacnet-server/src/event_enrollment/commit.rs	60	struct	EventEnrollmentEvaluationDiagnostic
crates/bacnet-server/src/event_enrollment/commit.rs	71	enum	EventEnrollmentDetailedEvaluationStage
crates/bacnet-server/src/event_enrollment/commit.rs	86	enum	EventEnrollmentDetailedEvaluationOutcome
crates/bacnet-server/src/event_enrollment/fault.rs	107	fn	read_monitored_reliability
crates/bacnet-server/src/event_enrollment/fault.rs	118	fn	evaluate_fault_algorithm
crates/bacnet-server/src/event_enrollment/fault.rs	17	enum	SupportedFaultAlgorithm
crates/bacnet-server/src/event_enrollment/fault.rs	24	enum	MonitoredReliability
crates/bacnet-server/src/event_enrollment/fault.rs	32	enum	FaultAlgorithmEvaluation
crates/bacnet-server/src/event_enrollment/fault.rs	39	fn	read_event_parameters
crates/bacnet-server/src/event_enrollment/fault.rs	56	fn	read_fault_algorithm
crates/bacnet-server/src/event_enrollment/mod.rs	111	fn	evaluate_event_enrollments_for_delivery
crates/bacnet-server/src/event_enrollment/mod.rs	51	use	algorithms
crates/bacnet-server/src/event_enrollment/mod.rs	55	use	api
crates/bacnet-server/src/event_enrollment/mod.rs	59	use	commit
crates/bacnet-server/src/event_enrollment/mod.rs	74	use	commit
crates/bacnet-server/src/event_enrollment/mod.rs	76	use	commit
crates/bacnet-server/src/event_enrollment/reference.rs	10	struct	MonitoredReference
crates/bacnet-server/src/event_enrollment/reference.rs	19	method	MonitoredReference::local
crates/bacnet-server/src/event_enrollment/reference.rs	37	fn	read_object_property_ref
crates/bacnet-server/src/event_enrollment/reference.rs	84	fn	params_fingerprint
crates/bacnet-server/src/event_enrollment/support.rs	110	fn	queue_eval_source_reset
crates/bacnet-server/src/event_enrollment/support.rs	120	fn	queue_invalid_reference
crates/bacnet-server/src/event_enrollment/support.rs	132	fn	invalid_indexed_target_error
crates/bacnet-server/src/event_enrollment/support.rs	146	fn	classify_required_property_read_error
crates/bacnet-server/src/event_enrollment/support.rs	160	fn	queue_reliability_transition
crates/bacnet-server/src/event_enrollment/support.rs	19	enum	SetpointRead
crates/bacnet-server/src/event_enrollment/support.rs	198	fn	queue_observation_unavailable
crates/bacnet-server/src/event_enrollment/support.rs	208	fn	queue_observation_gap
crates/bacnet-server/src/event_enrollment/support.rs	222	fn	queue_evaluation_ownership
crates/bacnet-server/src/event_enrollment/support.rs	25	fn	read_setpoint
crates/bacnet-server/src/event_enrollment/support.rs	52	fn	passes_for_delay
crates/bacnet-server/src/event_enrollment/support.rs	57	fn	ack_required_for_transition
crates/bacnet-server/src/event_enrollment/support.rs	84	fn	queue_eval_state_reset
crates/bacnet-server/src/event_enrollment/support.rs	96	fn	queue_pending_cancellation
crates/bacnet-server/src/event_enrollment/tests/integration.rs	186	struct	ReferenceValueObject
crates/bacnet-server/src/event_enrollment/tests/integration.rs	203	method	ReferenceValueObject::new
crates/bacnet-server/src/event_enrollment/tests/integration.rs	207	method	ReferenceValueObject::new_for_event_type
crates/bacnet-server/src/event_enrollment/tests/integration.rs	392	fn	indexed_reference_value
crates/bacnet-server/src/event_enrollment/tests/integration.rs	94	fn	setup_qualified_reference
crates/bacnet-server/src/fault_detection.rs	15	struct	ReliabilityChange
crates/bacnet-server/src/fault_detection.rs	31	struct	FaultDetector
crates/bacnet-server/src/fault_detection.rs	49	method	FaultDetector::new
crates/bacnet-server/src/fault_detection.rs	92	method	FaultDetector::evaluate
crates/bacnet-server/src/handlers/alarm_event/acknowledge_alarm.rs	11	struct	AcknowledgmentNotificationContext
crates/bacnet-server/src/handlers/alarm_event/acknowledge_alarm.rs	22	struct	AcceptedAcknowledgeAlarm
crates/bacnet-server/src/handlers/alarm_event/acknowledge_alarm.rs	35	fn	handle_acknowledge_alarm
crates/bacnet-server/src/handlers/alarm_event/event_information_page.rs	19	fn	handle_get_event_information_configured
crates/bacnet-server/src/handlers/alarm_event/event_information_page.rs	7	enum	EventInformationFailure
crates/bacnet-server/src/handlers/alarm_event/get_alarm_summary.rs	106	enum	AlarmSummaryFailure
crates/bacnet-server/src/handlers/alarm_event/get_alarm_summary.rs	113	fn	handle_get_alarm_summary_budgeted
crates/bacnet-server/src/handlers/alarm_event/get_alarm_summary.rs	83	fn	handle_get_alarm_summary
crates/bacnet-server/src/handlers/alarm_event/get_enrollment_summary.rs	17	fn	handle_get_enrollment_summary
crates/bacnet-server/src/handlers/alarm_event/get_enrollment_summary.rs	33	enum	EnrollmentSummaryFailure
crates/bacnet-server/src/handlers/alarm_event/get_enrollment_summary.rs	46	fn	handle_get_enrollment_summary_budgeted
crates/bacnet-server/src/handlers/alarm_event/get_event_information.rs	125	fn	handle_get_event_information
crates/bacnet-server/src/handlers/alarm_event/get_event_information.rs	139	fn	handle_get_event_information_with_budget
crates/bacnet-server/src/handlers/alarm_event/get_event_information.rs	9	use	page
crates/bacnet-server/src/handlers/alarm_event/life_safety_operation.rs	108	fn	validate_life_safety_operation
crates/bacnet-server/src/handlers/alarm_event/life_safety_operation.rs	11	struct	LifeSafetyOperationHandlerResult
crates/bacnet-server/src/handlers/alarm_event/life_safety_operation.rs	137	fn	life_safety_error
crates/bacnet-server/src/handlers/alarm_event/life_safety_operation.rs	23	fn	handle_life_safety_operation
crates/bacnet-server/src/handlers/alarm_event/life_safety_operation.rs	32	fn	handle_life_safety_operation_detailed
crates/bacnet-server/src/handlers/alarm_event/mod.rs	10	use	acknowledge_alarm
crates/bacnet-server/src/handlers/alarm_event/mod.rs	11	use	get_alarm_summary
crates/bacnet-server/src/handlers/alarm_event/mod.rs	12	use	get_enrollment_summary
crates/bacnet-server/src/handlers/alarm_event/mod.rs	13	use	get_event_information
crates/bacnet-server/src/handlers/alarm_event/mod.rs	14	use	life_safety_operation
crates/bacnet-server/src/handlers/alarm_event/mod.rs	15	use	text_message
crates/bacnet-server/src/handlers/alarm_event/text_message.rs	11	fn	handle_text_message
crates/bacnet-server/src/handlers/audit_log_query.rs	29	fn	handle_audit_log_query
crates/bacnet-server/src/handlers/audit_notification.rs	13	fn	handle_audit_notification
crates/bacnet-server/src/handlers/audit_notification.rs	44	fn	handle_confirmed_audit_notification
crates/bacnet-server/src/handlers/audit_notification.rs	53	fn	has_completed_confirmed_audit_receipt
crates/bacnet-server/src/handlers/audit_notification.rs	70	fn	handle_confirmed_audit_notification_with_receipt
crates/bacnet-server/src/handlers/cov.rs	133	fn	handle_subscribe_cov_property
crates/bacnet-server/src/handlers/cov.rs	142	fn	handle_subscribe_cov_property_with_initial
crates/bacnet-server/src/handlers/cov.rs	151	fn	handle_subscribe_cov_property_with_initial_endpoint
crates/bacnet-server/src/handlers/cov.rs	238	fn	handle_subscribe_cov_property_multiple
crates/bacnet-server/src/handlers/cov.rs	248	fn	handle_subscribe_cov_property_multiple_with_initial
crates/bacnet-server/src/handlers/cov.rs	263	fn	handle_subscribe_cov_property_multiple_with_initial_endpoint
crates/bacnet-server/src/handlers/cov.rs	282	fn	handle_subscribe_cov_property_multiple_request_endpoint
crates/bacnet-server/src/handlers/cov.rs	35	fn	handle_subscribe_cov
crates/bacnet-server/src/handlers/cov.rs	44	fn	handle_subscribe_cov_with_initial
crates/bacnet-server/src/handlers/cov.rs	53	fn	handle_subscribe_cov_with_initial_endpoint
crates/bacnet-server/src/handlers/device_mgmt.rs	136	fn	handle_reinitialize_device
crates/bacnet-server/src/handlers/device_mgmt.rs	41	fn	handle_device_communication_control
crates/bacnet-server/src/handlers/device_mgmt.rs	54	fn	handle_device_communication_control_with_policy
crates/bacnet-server/src/handlers/device_mgmt.rs	72	struct	DccFailure
crates/bacnet-server/src/handlers/device_mgmt.rs	78	fn	validate_dcc
crates/bacnet-server/src/handlers/file.rs	107	fn	handle_atomic_read_file
crates/bacnet-server/src/handlers/file.rs	120	enum	AtomicReadFileFailure
crates/bacnet-server/src/handlers/file.rs	133	fn	handle_atomic_read_file_budgeted
crates/bacnet-server/src/handlers/file.rs	270	fn	handle_atomic_write_file
crates/bacnet-server/src/handlers/file.rs	283	enum	AtomicWriteFileFailure
crates/bacnet-server/src/handlers/file.rs	294	fn	handle_atomic_write_file_budgeted
crates/bacnet-server/src/handlers/list.rs	133	fn	handle_remove_list_element
crates/bacnet-server/src/handlers/list.rs	52	fn	handle_add_list_element
crates/bacnet-server/src/handlers/mod.rs	43	mod	device_mgmt
crates/bacnet-server/src/handlers/mod.rs	50	use	rpm_budget
crates/bacnet-server/src/handlers/mod.rs	53	use	alarm_event
crates/bacnet-server/src/handlers/mod.rs	54	use	audit_log_query
crates/bacnet-server/src/handlers/mod.rs	55	use	audit_notification
crates/bacnet-server/src/handlers/mod.rs	56	use	cov
crates/bacnet-server/src/handlers/mod.rs	57	use	device_mgmt
crates/bacnet-server/src/handlers/mod.rs	58	use	file
crates/bacnet-server/src/handlers/mod.rs	59	use	list
crates/bacnet-server/src/handlers/mod.rs	60	use	object_mgmt
crates/bacnet-server/src/handlers/mod.rs	61	use	read_property
crates/bacnet-server/src/handlers/mod.rs	62	use	read_range
crates/bacnet-server/src/handlers/mod.rs	63	use	write_property
crates/bacnet-server/src/handlers/object_mgmt.rs	186	fn	handle_delete_object
crates/bacnet-server/src/handlers/object_mgmt.rs	50	fn	handle_create_object
crates/bacnet-server/src/handlers/object_mgmt.rs	6	fn	handle_who_has
crates/bacnet-server/src/handlers/read_property.rs	123	fn	handle_read_property_multiple
crates/bacnet-server/src/handlers/read_property.rs	52	fn	resolve_device_wildcard
crates/bacnet-server/src/handlers/read_property.rs	7	fn	handle_read_property
crates/bacnet-server/src/handlers/read_range.rs	10	use	page
crates/bacnet-server/src/handlers/read_range.rs	107	fn	select_time_range
crates/bacnet-server/src/handlers/read_range.rs	13	struct	SignedRangeSelection
crates/bacnet-server/src/handlers/read_range.rs	141	fn	append_read_range_ack_with
crates/bacnet-server/src/handlers/read_range.rs	177	fn	handle_read_range
crates/bacnet-server/src/handlers/read_range.rs	193	fn	handle_read_range_budgeted
crates/bacnet-server/src/handlers/read_range.rs	41	fn	select_signed_range
crates/bacnet-server/src/handlers/read_range_page.rs	10	enum	ReadRangeFailure
crates/bacnet-server/src/handlers/read_range_page.rs	50	fn	append_page_with
crates/bacnet-server/src/handlers/rpm_budget.rs	176	fn	handle_rpm_budgeted
crates/bacnet-server/src/handlers/rpm_budget.rs	8	enum	RpmFailure
crates/bacnet-server/src/handlers/tests/enrollment_summary_support.rs	13	struct	SummaryFixture
crates/bacnet-server/src/handlers/tests/enrollment_summary_support.rs	147	fn	transition_bits
crates/bacnet-server/src/handlers/tests/enrollment_summary_support.rs	154	fn	class
crates/bacnet-server/src/handlers/tests/enrollment_summary_support.rs	167	fn	destination
crates/bacnet-server/src/handlers/tests/enrollment_summary_support.rs	192	fn	request
crates/bacnet-server/src/handlers/tests/enrollment_summary_support.rs	203	fn	response
crates/bacnet-server/src/handlers/tests/enrollment_summary_support.rs	22	method	SummaryFixture::candidate
crates/bacnet-server/src/handlers/tests/enrollment_summary_support.rs	229	fn	assert_operational_problem
crates/bacnet-server/src/handlers/tests/enrollment_summary_support.rs	59	method	SummaryFixture::notification_class
crates/bacnet-server/src/handlers/tests/enrollment_summary_support.rs	84	method	SummaryFixture::advertise
crates/bacnet-server/src/handlers/tests/enrollment_summary_support.rs	90	method	SummaryFixture::set
crates/bacnet-server/src/handlers/tests/enrollment_summary_support.rs	95	method	SummaryFixture::without_capability
crates/bacnet-server/src/handlers/tests/file_access_method.rs	28	const	SENTINEL
crates/bacnet-server/src/handlers/tests/file_access_method.rs	30	fn	stream_file_db
crates/bacnet-server/src/handlers/tests/file_access_method.rs	38	fn	record_file_db
crates/bacnet-server/src/handlers/tests/file_access_method.rs	47	fn	file_oid
crates/bacnet-server/src/handlers/tests/file_access_method.rs	51	fn	read_wire_for
crates/bacnet-server/src/handlers/tests/file_access_method.rs	61	fn	write_wire_for
crates/bacnet-server/src/handlers/tests/file_access_method.rs	79	fn	assert_invalid_access
crates/bacnet-server/src/handlers/tests/file_access_method.rs	97	fn	assert_file_access_denied
crates/bacnet-server/src/handlers/tests/file_persistence.rs	103	fn	read_records
crates/bacnet-server/src/handlers/tests/file_persistence.rs	140	fn	write_stream
crates/bacnet-server/src/handlers/tests/file_persistence.rs	162	fn	write_records
crates/bacnet-server/src/handlers/tests/file_persistence.rs	193	fn	file_size
crates/bacnet-server/src/handlers/tests/file_persistence.rs	197	fn	record_count
crates/bacnet-server/src/handlers/tests/file_persistence.rs	38	fn	assert_protocol_error
crates/bacnet-server/src/handlers/tests/file_persistence.rs	73	fn	read_stream
crates/bacnet-server/src/handlers/tests/read_range.rs	108	fn	call
crates/bacnet-server/src/handlers/tests/read_range.rs	117	fn	call_with_index
crates/bacnet-server/src/handlers/tests/read_range.rs	145	fn	unsigned_items
crates/bacnet-server/src/handlers/tests/read_range.rs	153	fn	assert_ack
crates/bacnet-server/src/handlers/tests/read_range.rs	18	const	DATE
crates/bacnet-server/src/handlers/tests/read_range.rs	25	fn	time
crates/bacnet-server/src/handlers/tests/read_range.rs	34	fn	identity
crates/bacnet-server/src/handlers/tests/read_range.rs	380	fn	projected_record
crates/bacnet-server/src/handlers/tests/read_range.rs	389	enum	LogFamily
crates/bacnet-server/src/handlers/tests/read_range.rs	395	fn	fifo_log
crates/bacnet-server/src/handlers/tests/read_range.rs	91	fn	list_db
crates/bacnet-server/src/handlers/write_property.rs	16	enum	WritePropertyMultipleOutcome
crates/bacnet-server/src/handlers/write_property.rs	173	fn	decode_write_property_value
crates/bacnet-server/src/handlers/write_property.rs	254	fn	handle_write_property
crates/bacnet-server/src/handlers/write_property.rs	33	fn	handle_write_property_multiple
crates/bacnet-server/src/handlers/write_property.rs	48	fn	handle_write_property_multiple_detailed
crates/bacnet-server/src/lib.rs	10	mod	pics
crates/bacnet-server/src/lib.rs	11	mod	schedule
crates/bacnet-server/src/lib.rs	12	mod	server
crates/bacnet-server/src/lib.rs	13	mod	trend_log
crates/bacnet-server/src/lib.rs	3	mod	audit_notification
crates/bacnet-server/src/lib.rs	4	mod	cov
crates/bacnet-server/src/lib.rs	5	mod	event_enrollment
crates/bacnet-server/src/lib.rs	6	mod	fault_detection
crates/bacnet-server/src/lib.rs	7	mod	handlers
crates/bacnet-server/src/lib.rs	8	mod	life_safety
crates/bacnet-server/src/life_safety.rs	16	struct	LifeSafetyOperationAuthorizationContext
crates/bacnet-server/src/life_safety.rs	31	type	LifeSafetyOperationAuthorizer
crates/bacnet-server/src/life_safety_cov.rs	122	method	LifeSafetyCovSnapshots::capture_oids
crates/bacnet-server/src/life_safety_cov.rs	24	struct	LifeSafetyCovChange
crates/bacnet-server/src/life_safety_cov.rs	30	method	LifeSafetyCovChange::new
crates/bacnet-server/src/life_safety_cov.rs	49	struct	LifeSafetyCovSnapshots
crates/bacnet-server/src/life_safety_cov.rs	53	fn	is_life_safety_object
crates/bacnet-server/src/life_safety_cov.rs	69	method	LifeSafetyCovSnapshots::capture_oid
crates/bacnet-server/src/life_safety_cov.rs	73	method	LifeSafetyCovSnapshots::capture_write_property
crates/bacnet-server/src/life_safety_cov.rs	80	method	LifeSafetyCovSnapshots::capture_before_write
crates/bacnet-server/src/life_safety_cov.rs	97	method	LifeSafetyCovSnapshots::changes
crates/bacnet-server/src/pics/mod.rs	103	struct	PropertySupport
crates/bacnet-server/src/pics/mod.rs	110	struct	ObjectTypeSupport
crates/bacnet-server/src/pics/mod.rs	119	struct	ServiceSupport
crates/bacnet-server/src/pics/mod.rs	127	enum	DataLinkSupport
crates/bacnet-server/src/pics/mod.rs	149	struct	NetworkLayerSupport
crates/bacnet-server/src/pics/mod.rs	157	enum	CharacterSet
crates/bacnet-server/src/pics/mod.rs	183	struct	PicsConfig
crates/bacnet-server/src/pics/mod.rs	22	struct	Pics
crates/bacnet-server/src/pics/mod.rs	222	struct	PicsGenerator
crates/bacnet-server/src/pics/mod.rs	229	method	PicsGenerator::new
crates/bacnet-server/src/pics/mod.rs	242	method	PicsGenerator::generate
crates/bacnet-server/src/pics/mod.rs	35	struct	VendorInfo
crates/bacnet-server/src/pics/mod.rs	399	method	Pics::generate_text
crates/bacnet-server/src/pics/mod.rs	47	enum	DeviceProfile
crates/bacnet-server/src/pics/mod.rs	506	method	Pics::generate_markdown
crates/bacnet-server/src/pics/mod.rs	607	fn	generate_pics
crates/bacnet-server/src/pics/mod.rs	86	struct	PropertyAccess
crates/bacnet-server/src/schedule.rs	15	fn	current_time_components
crates/bacnet-server/src/schedule.rs	24	fn	tick_schedules
crates/bacnet-server/src/schedule.rs	30	fn	tick_schedules_with_life_safety_cov
crates/bacnet-server/src/server/alarm_summary_budget.rs	11	struct	GetAlarmSummaryBudget
crates/bacnet-server/src/server/alarm_summary_budget.rs	29	method	GetAlarmSummaryBudget::validate
crates/bacnet-server/src/server/alarm_summary_budget.rs	47	method	ServerBuilder::get_alarm_summary_budget
crates/bacnet-server/src/server/alarm_summary_budget.rs	55	method	BipServerBuilder::get_alarm_summary_budget
crates/bacnet-server/src/server/alarm_summary_budget.rs	64	method	ScServerBuilder::get_alarm_summary_budget
crates/bacnet-server/src/server/atomic_read_file_budget.rs	11	struct	AtomicReadFileBudget
crates/bacnet-server/src/server/atomic_read_file_budget.rs	32	method	AtomicReadFileBudget::validate
crates/bacnet-server/src/server/atomic_read_file_budget.rs	57	method	ServerBuilder::atomic_read_file_budget
crates/bacnet-server/src/server/atomic_read_file_budget.rs	64	method	BipServerBuilder::atomic_read_file_budget
crates/bacnet-server/src/server/atomic_read_file_budget.rs	72	method	ScServerBuilder::atomic_read_file_budget
crates/bacnet-server/src/server/atomic_write_file_budget.rs	30	method	AtomicWriteFileBudget::validate
crates/bacnet-server/src/server/atomic_write_file_budget.rs	52	method	ServerBuilder::atomic_write_file_budget
crates/bacnet-server/src/server/atomic_write_file_budget.rs	59	method	BipServerBuilder::atomic_write_file_budget
crates/bacnet-server/src/server/atomic_write_file_budget.rs	67	method	ScServerBuilder::atomic_write_file_budget
crates/bacnet-server/src/server/atomic_write_file_budget.rs	9	struct	AtomicWriteFileBudget
crates/bacnet-server/src/server/audit_notification_tests.rs	102	fn	database
crates/bacnet-server/src/server/audit_notification_tests.rs	109	fn	database_with_device
crates/bacnet-server/src/server/audit_notification_tests.rs	127	fn	confirmed_request
crates/bacnet-server/src/server/audit_notification_tests.rs	142	fn	dispatch
crates/bacnet-server/src/server/audit_notification_tests.rs	162	fn	dispatch_confirmed
crates/bacnet-server/src/server/audit_notification_tests.rs	17	struct	MemoryPersistence
crates/bacnet-server/src/server/audit_notification_tests.rs	210	fn	count
crates/bacnet-server/src/server/audit_notification_tests.rs	61	fn	oid
crates/bacnet-server/src/server/audit_notification_tests.rs	65	fn	notification
crates/bacnet-server/src/server/audit_notification_tests.rs	94	fn	request_bytes
crates/bacnet-server/src/server/binary_lighting_lifecycle.rs	5	fn	spawn_binary_lighting_operation_task
crates/bacnet-server/src/server/clock.rs	104	struct	ServerClock
crates/bacnet-server/src/server/clock.rs	109	method	ServerClock::new
crates/bacnet-server/src/server/clock.rs	121	method	ServerClock::synchronize
crates/bacnet-server/src/server/clock.rs	169	fn	clocked_test_database
crates/bacnet-server/src/server/clock.rs	18	struct	ClockConfig
crates/bacnet-server/src/server/clock.rs	25	method	ClockConfig::new
crates/bacnet-server/src/server/clock.rs	38	method	ClockConfig::utc_offset_minutes
crates/bacnet-server/src/server/clock.rs	43	method	ClockConfig::daylight_savings_status
crates/bacnet-server/src/server/clock.rs	58	method	BACnetServer::start_with_clock_mode
crates/bacnet-server/src/server/clock.rs	69	method	BACnetServer::start
crates/bacnet-server/src/server/clock.rs	78	method	BACnetServer::start_with_clock
crates/bacnet-server/src/server/clock.rs	88	method	BACnetServer::start_clockless
crates/bacnet-server/src/server/confirmed_request_tracker.rs	139	method	PendingConfirmedRequest::complete
crates/bacnet-server/src/server/confirmed_request_tracker.rs	37	struct	ConfirmedRequestTracker
crates/bacnet-server/src/server/confirmed_request_tracker.rs	41	enum	ConfirmedRequestAdmission
crates/bacnet-server/src/server/confirmed_request_tracker.rs	51	struct	PendingConfirmedRequest
crates/bacnet-server/src/server/confirmed_request_tracker.rs	58	method	ConfirmedRequestTracker::begin
crates/bacnet-server/src/server/cov_clock.rs	17	fn	cov_multiple_datetime
crates/bacnet-server/src/server/cov_clock.rs	5	fn	cov_multiple_time_remaining
crates/bacnet-server/src/server/cov_encoding.rs	28	method	BACnetServer::encode_unconfirmed_cov_multiple_apdu
crates/bacnet-server/src/server/cov_encoding.rs	4	method	BACnetServer::encode_confirmed_cov_multiple_apdu
crates/bacnet-server/src/server/cov_notifications.rs	126	method	BACnetServer::fire_cov_notifications
crates/bacnet-server/src/server/cov_notifications.rs	150	method	BACnetServer::fire_cov_notifications_inner
crates/bacnet-server/src/server/cov_notifications.rs	16	method	EventBudget::new
crates/bacnet-server/src/server/cov_notifications.rs	25	method	EventBudget::with_limits
crates/bacnet-server/src/server/cov_notifications.rs	304	method	BACnetServer::fire_initial_cov_notification
crates/bacnet-server/src/server/cov_notifications.rs	34	method	EventBudget::remaining_notifications
crates/bacnet-server/src/server/cov_notifications.rs	345	method	BACnetServer::fire_cov_notifications_for_subscriptions
crates/bacnet-server/src/server/cov_notifications.rs	39	method	EventBudget::remaining_bytes
crates/bacnet-server/src/server/cov_notifications.rs	43	method	EventBudget::is_exhausted
crates/bacnet-server/src/server/cov_notifications.rs	48	method	EventBudget::has_capacity
crates/bacnet-server/src/server/cov_notifications.rs	52	method	EventBudget::try_consume
crates/bacnet-server/src/server/cov_notifications.rs	65	method	EventBudget::refund
crates/bacnet-server/src/server/cov_notifications.rs	70	method	EventBudget::consume_sub_budget
crates/bacnet-server/src/server/cov_notifications.rs	79	method	BACnetServer::send_cov_apdu
crates/bacnet-server/src/server/cov_notifications.rs	8	struct	EventBudget
crates/bacnet-server/src/server/cov_notifications/life_safety.rs	11	method	BACnetServer::fire_life_safety_cov_notifications
crates/bacnet-server/src/server/cov_notifications/life_safety.rs	169	method	BACnetServer::fire_post_write_cov_notifications
crates/bacnet-server/src/server/cov_notifications/life_safety.rs	210	fn	single_property_values
crates/bacnet-server/src/server/cov_notifications/life_safety.rs	242	fn	append_status_flags
crates/bacnet-server/src/server/cov_notifications/multiple.rs	45	method	BACnetServer::fire_cov_notification_multiple_for_subscriptions
crates/bacnet-server/src/server/cov_notifications/multiple.rs	8	method	BACnetServer::fire_initial_cov_notification_multiple
crates/bacnet-server/src/server/cov_notifications_tests.rs	15	struct	RecordingTransport
crates/bacnet-server/src/server/cov_notifications_tests.rs	21	method	RecordingTransport::new
crates/bacnet-server/src/server/cov_snapshot.rs	5	method	BACnetServer::fire_cov_notifications_from_snapshot
crates/bacnet-server/src/server/dcc_disable_rate.rs	27	method	DccDisableRateLimit::validate
crates/bacnet-server/src/server/dcc_disable_rate.rs	40	struct	Bucket
crates/bacnet-server/src/server/dcc_disable_rate.rs	54	method	Bucket::new
crates/bacnet-server/src/server/dcc_disable_rate.rs	68	method	Bucket::admit
crates/bacnet-server/src/server/dcc_disable_rate.rs	89	method	ServerBuilder::dcc_disable_rate_limit
crates/bacnet-server/src/server/dcc_disable_rate.rs	9	struct	DccDisableRateLimit
crates/bacnet-server/src/server/dcc_disable_rate.rs	97	method	BipServerBuilder::dcc_disable_rate_limit
crates/bacnet-server/src/server/dcc_outcomes.rs	12	struct	DccOutcomeCounters
crates/bacnet-server/src/server/dcc_outcomes.rs	143	method	BACnetServer::dcc_outcome_counters
crates/bacnet-server/src/server/dcc_outcomes.rs	26	enum	DccOutcome
crates/bacnet-server/src/server/dcc_outcomes.rs	48	struct	DccMetadata
crates/bacnet-server/src/server/dcc_outcomes.rs	54	struct	DccOutcomes
crates/bacnet-server/src/server/dcc_outcomes.rs	57	method	DccOutcomes::snapshot
crates/bacnet-server/src/server/dcc_outcomes.rs	6	mod	trace_tests
crates/bacnet-server/src/server/dcc_outcomes.rs	69	method	DccOutcomes::record
crates/bacnet-server/src/server/dcc_policy.rs	108	method	DccPolicy::validate
crates/bacnet-server/src/server/dcc_policy.rs	120	method	ServerBuilder::dcc_password
crates/bacnet-server/src/server/dcc_policy.rs	126	method	ServerBuilder::dcc_source_restriction
crates/bacnet-server/src/server/dcc_policy.rs	131	method	ServerBuilder::dcc_policy
crates/bacnet-server/src/server/dcc_policy.rs	139	method	BipServerBuilder::dcc_password
crates/bacnet-server/src/server/dcc_policy.rs	145	method	BipServerBuilder::dcc_source_restriction
crates/bacnet-server/src/server/dcc_policy.rs	150	method	BipServerBuilder::dcc_policy
crates/bacnet-server/src/server/dcc_policy.rs	21	struct	DccSourceRestriction
crates/bacnet-server/src/server/dcc_policy.rs	26	method	DccSourceRestriction::new
crates/bacnet-server/src/server/dcc_policy.rs	54	method	DccSourceRestriction::validate_policy
crates/bacnet-server/src/server/dcc_policy.rs	63	method	DccSourceRestriction::allows
crates/bacnet-server/src/server/dcc_policy.rs	7	enum	DccSource
crates/bacnet-server/src/server/dcc_policy.rs	81	method	super::ServerConfig::validate_dcc_config
crates/bacnet-server/src/server/dcc_policy.rs	95	enum	DccPolicy
crates/bacnet-server/src/server/dcc_policy_tests.rs	245	fn	legacy_fixture
crates/bacnet-server/src/server/dcc_timer.rs	13	fn	replace
crates/bacnet-server/src/server/dcc_timer.rs	5	fn	cancel
crates/bacnet-server/src/server/dcc_trace_tests.rs	6	struct	Capture
crates/bacnet-server/src/server/device_bindings.rs	104	enum	DeviceResolution
crates/bacnet-server/src/server/device_bindings.rs	121	enum	BindingFreshness
crates/bacnet-server/src/server/device_bindings.rs	127	method	BindingFreshness::permits_attempt_at
crates/bacnet-server/src/server/device_bindings.rs	136	enum	ObservationOutcome
crates/bacnet-server/src/server/device_bindings.rs	154	struct	DeviceBindingTable
crates/bacnet-server/src/server/device_bindings.rs	159	method	DeviceBindingTable::new
crates/bacnet-server/src/server/device_bindings.rs	163	method	DeviceBindingTable::from_configured
crates/bacnet-server/src/server/device_bindings.rs	175	method	DeviceBindingTable::len
crates/bacnet-server/src/server/device_bindings.rs	179	method	DeviceBindingTable::insert_configured
crates/bacnet-server/src/server/device_bindings.rs	201	method	DeviceBindingTable::observe_i_am_at
crates/bacnet-server/src/server/device_bindings.rs	26	struct	DeviceBinding
crates/bacnet-server/src/server/device_bindings.rs	265	method	DeviceBindingTable::resolve_at
crates/bacnet-server/src/server/device_bindings.rs	33	method	DeviceBinding::local
crates/bacnet-server/src/server/device_bindings.rs	4	const	MAX_DEVICE_BINDINGS
crates/bacnet-server/src/server/device_bindings.rs	46	method	DeviceBinding::routed
crates/bacnet-server/src/server/device_bindings.rs	7	const	OBSERVED_BINDING_TTL
crates/bacnet-server/src/server/device_bindings.rs	86	fn	register_configured_binding
crates/bacnet-server/src/server/discovery.rs	107	struct	DiscoveryCounters
crates/bacnet-server/src/server/discovery.rs	129	struct	AtomicDiscoveryCounters
crates/bacnet-server/src/server/discovery.rs	142	method	AtomicDiscoveryCounters::snapshot
crates/bacnet-server/src/server/discovery.rs	157	method	AtomicDiscoveryCounters::inc
crates/bacnet-server/src/server/discovery.rs	161	method	AtomicDiscoveryCounters::record_sent
crates/bacnet-server/src/server/discovery.rs	177	enum	WhoHasTarget
crates/bacnet-server/src/server/discovery.rs	184	struct	SourceKey
crates/bacnet-server/src/server/discovery.rs	190	method	SourceKey::from_parts
crates/bacnet-server/src/server/discovery.rs	205	method	SourceKey::from_received
crates/bacnet-server/src/server/discovery.rs	30	struct	DiscoveryPolicy
crates/bacnet-server/src/server/discovery.rs	395	enum	PreCheckDecision
crates/bacnet-server/src/server/discovery.rs	406	struct	DiscoveryLimiter
crates/bacnet-server/src/server/discovery.rs	414	method	DiscoveryLimiter::new
crates/bacnet-server/src/server/discovery.rs	433	method	DiscoveryLimiter::counters
crates/bacnet-server/src/server/discovery.rs	438	method	DiscoveryLimiter::policy
crates/bacnet-server/src/server/discovery.rs	443	method	DiscoveryLimiter::negative_who_has_count
crates/bacnet-server/src/server/discovery.rs	448	method	DiscoveryLimiter::source_byte_tokens
crates/bacnet-server/src/server/discovery.rs	470	method	DiscoveryLimiter::pre_check_who_is
crates/bacnet-server/src/server/discovery.rs	534	method	DiscoveryLimiter::record_i_am_sent
crates/bacnet-server/src/server/discovery.rs	563	method	DiscoveryLimiter::pre_check_who_has
crates/bacnet-server/src/server/discovery.rs	613	method	DiscoveryLimiter::is_negative_who_has
crates/bacnet-server/src/server/discovery.rs	625	method	DiscoveryLimiter::record_negative_who_has
crates/bacnet-server/src/server/discovery.rs	648	method	DiscoveryLimiter::try_consume_who_has_response
crates/bacnet-server/src/server/discovery.rs	689	method	DiscoveryLimiter::record_i_have_sent
crates/bacnet-server/src/server/discovery.rs	734	fn	broadcast_i_am_from
crates/bacnet-server/src/server/discovery.rs	75	method	DiscoveryPolicy::unlimited
crates/bacnet-server/src/server/discovery.rs	777	method	BACnetServer::broadcast_i_am
crates/bacnet-server/src/server/discovery.rs	790	method	IAmBroadcaster::broadcast_i_am
crates/bacnet-server/src/server/discovery.rs	91	method	DiscoveryPolicy::sanitized
crates/bacnet-server/src/server/dispatch.rs	83	method	BACnetServer::dispatch
crates/bacnet-server/src/server/enrollment_summary_budget.rs	11	struct	GetEnrollmentSummaryBudget
crates/bacnet-server/src/server/enrollment_summary_budget.rs	29	method	GetEnrollmentSummaryBudget::validate
crates/bacnet-server/src/server/enrollment_summary_budget.rs	47	method	ServerBuilder::get_enrollment_summary_budget
crates/bacnet-server/src/server/enrollment_summary_budget.rs	54	method	BipServerBuilder::get_enrollment_summary_budget
crates/bacnet-server/src/server/enrollment_summary_budget.rs	62	method	ScServerBuilder::get_enrollment_summary_budget
crates/bacnet-server/src/server/event_enrollment_lifecycle.rs	4	fn	spawn_event_enrollment_task
crates/bacnet-server/src/server/event_enrollment_notification_test_support.rs	101	method	ObservedObject::without_status_flags
crates/bacnet-server/src/server/event_enrollment_notification_test_support.rs	192	fn	enrollment
crates/bacnet-server/src/server/event_enrollment_notification_test_support.rs	215	fn	out_of_range_parameters
crates/bacnet-server/src/server/event_enrollment_notification_test_support.rs	22	struct	RecordingTransport
crates/bacnet-server/src/server/event_enrollment_notification_test_support.rs	224	fn	add_server_context
crates/bacnet-server/src/server/event_enrollment_notification_test_support.rs	245	fn	start_server
crates/bacnet-server/src/server/event_enrollment_notification_test_support.rs	272	fn	drain_notifications
crates/bacnet-server/src/server/event_enrollment_notification_test_support.rs	292	fn	history_timestamp
crates/bacnet-server/src/server/event_enrollment_notification_test_support.rs	317	fn	assert_committed_reliability_notifications
crates/bacnet-server/src/server/event_enrollment_notification_test_support.rs	382	fn	event_state
crates/bacnet-server/src/server/event_enrollment_notification_test_support.rs	60	struct	ObservedObject
crates/bacnet-server/src/server/event_enrollment_notification_test_support.rs	69	method	ObservedObject::new
crates/bacnet-server/src/server/event_enrollment_notification_test_support.rs	81	method	ObservedObject::with_reliability
crates/bacnet-server/src/server/event_enrollment_notification_test_support.rs	86	method	ObservedObject::with_reliability_value
crates/bacnet-server/src/server/event_enrollment_notification_test_support.rs	91	method	ObservedObject::with_status_flags
crates/bacnet-server/src/server/event_enrollment_notification_test_support.rs	96	method	ObservedObject::without_reliability
crates/bacnet-server/src/server/event_information_budget.rs	28	method	GetEventInformationBudget::validate
crates/bacnet-server/src/server/event_information_budget.rs	50	method	ServerBuilder::get_event_information_budget
crates/bacnet-server/src/server/event_information_budget.rs	57	method	BipServerBuilder::get_event_information_budget
crates/bacnet-server/src/server/event_information_budget.rs	65	method	ScServerBuilder::get_event_information_budget
crates/bacnet-server/src/server/event_information_budget.rs	7	struct	GetEventInformationBudget
crates/bacnet-server/src/server/event_message_policy.rs	5	fn	intrinsic_event_message_text
crates/bacnet-server/src/server/event_notification_payload.rs	102	fn	project_intrinsic_payload
crates/bacnet-server/src/server/event_notification_payload.rs	138	fn	project_event_enrollment_payload
crates/bacnet-server/src/server/event_notification_payload.rs	22	struct	CommittedNotificationPayload
crates/bacnet-server/src/server/event_notification_payload.rs	25	enum	CapturedStatusFlags
crates/bacnet-server/src/server/event_notification_payload.rs	32	enum	CapturedReferencedValue
crates/bacnet-server/src/server/event_notification_payload.rs	39	method	CapturedReferencedValue::from_evaluated
crates/bacnet-server/src/server/event_notification_payload.rs	45	struct	EventEnrollmentProjectionSnapshot
crates/bacnet-server/src/server/event_notification_payload.rs	54	method	EventEnrollmentProjectionSnapshot::new
crates/bacnet-server/src/server/event_notification_payload.rs	612	fn	capture_status_flags
crates/bacnet-server/src/server/event_notification_payload.rs	78	method	CommittedNotificationPayload::into_parameters
crates/bacnet-server/src/server/event_notification_payload.rs	83	method	CommittedNotificationPayload::for_test
crates/bacnet-server/src/server/event_notification_profile.rs	109	enum	ResolvedIntrinsicTransition
crates/bacnet-server/src/server/event_notification_profile.rs	115	method	ResolvedIntrinsicTransition::distribute
crates/bacnet-server/src/server/event_notification_profile.rs	12	struct	CommittedHistorySnapshot
crates/bacnet-server/src/server/event_notification_profile.rs	122	method	ResolvedIntrinsicTransition::can_emit
crates/bacnet-server/src/server/event_notification_profile.rs	17	enum	CommittedMessageProjection
crates/bacnet-server/src/server/event_notification_profile.rs	23	enum	NotificationHistorySource
crates/bacnet-server/src/server/event_notification_profile.rs	34	enum	NotificationConstruction
crates/bacnet-server/src/server/event_notification_profile.rs	39	struct	NotificationTransition
crates/bacnet-server/src/server/event_notification_profile.rs	49	method	NotificationTransition::acknowledgment
crates/bacnet-server/src/server/event_notification_profile.rs	78	struct	CommittedIntrinsicTransition
crates/bacnet-server/src/server/event_notifications.rs	124	method	BACnetServer::commit_intrinsic_transition
crates/bacnet-server/src/server/event_notifications.rs	208	method	BACnetServer::fire_event_notifications
crates/bacnet-server/src/server/event_notifications.rs	230	method	BACnetServer::fire_event_notifications_with_bindings
crates/bacnet-server/src/server/event_notifications.rs	297	method	BACnetServer::build_and_send_event_notification
crates/bacnet-server/src/server/event_notifications.rs	321	method	BACnetServer::build_and_send_event_notification_with_bindings
crates/bacnet-server/src/server/event_notifications.rs	739	method	BACnetServer::send_acknowledgment_notification_with_bindings
crates/bacnet-server/src/server/event_notifications.rs	76	fn	resolve_committed_event_enrollment_transition
crates/bacnet-server/src/server/event_notifications.rs	9	use	self
crates/bacnet-server/src/server/event_notifications_tests.rs	118	fn	decode_broadcast_notification
crates/bacnet-server/src/server/event_notifications_tests.rs	152	fn	local_broadcast_destination
crates/bacnet-server/src/server/event_notifications_tests.rs	182	fn	notification_class_0_broadcasting
crates/bacnet-server/src/server/event_notifications_tests.rs	25	struct	RecordingTransport
crates/bacnet-server/src/server/event_notifications_tests.rs	527	fn	db_with_high_limit_transition
crates/bacnet-server/src/server/event_notifications_tests.rs	580	fn	broadcasts_from_per_write_path
crates/bacnet-server/src/server/event_recipient_lookup.rs	7	fn	matched_recipients_or_log
crates/bacnet-server/src/server/event_recipient_route.rs	105	method	RecipientRoute::permits_confirmed
crates/bacnet-server/src/server/event_recipient_route.rs	115	method	RecipientRoute::into_confirmed
crates/bacnet-server/src/server/event_recipient_route.rs	152	method	RecipientRoute::is_deliverable
crates/bacnet-server/src/server/event_recipient_route.rs	18	fn	system_utc_recipient_filter_time
crates/bacnet-server/src/server/event_recipient_route.rs	25	enum	RecipientRoute
crates/bacnet-server/src/server/event_recipient_route.rs	52	struct	ConfirmedRecipientRoute
crates/bacnet-server/src/server/event_recipient_route.rs	61	method	RecipientRoute::resolve_address
crates/bacnet-server/src/server/event_recipient_route.rs	79	method	RecipientRoute::from_device_resolution
crates/bacnet-server/src/server/event_recipient_route.rs	9	fn	network_priority_for_event
crates/bacnet-server/src/server/event_recipient_routing_tests.rs	135	fn	distribute_from_database_with_bindings
crates/bacnet-server/src/server/event_recipient_routing_tests.rs	31	struct	RoutingTransport
crates/bacnet-server/src/server/event_recipient_routing_tests.rs	332	fn	npdu_destination
crates/bacnet-server/src/server/event_recipient_routing_tests.rs	70	const	LITERAL_BROADCAST_MAC
crates/bacnet-server/src/server/event_recipient_routing_tests.rs	74	fn	destination_for
crates/bacnet-server/src/server/event_recipient_routing_tests.rs	82	fn	address_recipient
crates/bacnet-server/src/server/event_recipient_routing_tests.rs	99	fn	distribute_with_priority
crates/bacnet-server/src/server/event_timestamp.rs	13	struct	EventTimestampSample
crates/bacnet-server/src/server/event_timestamp.rs	19	struct	StagedEventTimestamp
crates/bacnet-server/src/server/event_timestamp.rs	25	fn	stage_event_timestamp
crates/bacnet-server/src/server/event_timestamp.rs	55	fn	confirm_event_timestamp
crates/bacnet-server/src/server/event_timestamp.rs	6	enum	SampledEventClock
crates/bacnet-server/src/server/event_timestamp.rs	71	fn	sample_event_timestamp
crates/bacnet-server/src/server/lifecycle.rs	6	use	period
crates/bacnet-server/src/server/lifecycle.rs	815	method	BACnetServer::local_mac
crates/bacnet-server/src/server/lifecycle.rs	820	method	BACnetServer::database
crates/bacnet-server/src/server/lifecycle.rs	825	method	BACnetServer::i_am_broadcaster
crates/bacnet-server/src/server/lifecycle.rs	836	method	BACnetServer::comm_state
crates/bacnet-server/src/server/lifecycle.rs	844	method	BACnetServer::generate_pics
crates/bacnet-server/src/server/lifecycle.rs	9	method	BACnetServer::start_with_clock_mode_and_bindings
crates/bacnet-server/src/server/lifecycle_period.rs	11	fn	event_enrollment_period
crates/bacnet-server/src/server/local_writes.rs	114	method	BACnetServer::set_present_value_local
crates/bacnet-server/src/server/local_writes.rs	226	method	BACnetServer::take_staging_plans
crates/bacnet-server/src/server/local_writes.rs	243	method	BACnetServer::execute_staging_plans
crates/bacnet-server/src/server/local_writes.rs	36	method	BACnetServer::set_life_safety_operation_expected_local
crates/bacnet-server/src/server/local_writes.rs	79	method	BACnetServer::write_local
crates/bacnet-server/src/server/mod.rs	10	use	std
crates/bacnet-server/src/server/mod.rs	1004	method	BACnetServer::discovery_counters
crates/bacnet-server/src/server/mod.rs	1009	method	BACnetServer::cov_counters
crates/bacnet-server/src/server/mod.rs	1014	method	BACnetServer::remove_peer_subscriptions
crates/bacnet-server/src/server/mod.rs	116	enum	CovAckResult
crates/bacnet-server/src/server/mod.rs	128	struct	ServerTsm
crates/bacnet-server/src/server/mod.rs	265	struct	TimeSyncData
crates/bacnet-server/src/server/mod.rs	274	struct	ServerConfig
crates/bacnet-server/src/server/mod.rs	505	struct	ServerBuilder
crates/bacnet-server/src/server/mod.rs	514	method	ServerBuilder::database
crates/bacnet-server/src/server/mod.rs	520	method	ServerBuilder::transport
crates/bacnet-server/src/server/mod.rs	526	method	ServerBuilder::device_binding
crates/bacnet-server/src/server/mod.rs	532	method	ServerBuilder::reinit_password
crates/bacnet-server/src/server/mod.rs	538	method	ServerBuilder::life_safety_operation_authorizer
crates/bacnet-server/src/server/mod.rs	547	method	ServerBuilder::audit_notification_sink
crates/bacnet-server/src/server/mod.rs	553	method	ServerBuilder::audit_notification_authorizer
crates/bacnet-server/src/server/mod.rs	562	method	ServerBuilder::unconfirmed_audit_notification_authorizer
crates/bacnet-server/src/server/mod.rs	577	method	ServerBuilder::enable_fault_detection
crates/bacnet-server/src/server/mod.rs	583	method	ServerBuilder::enable_event_enrollment
crates/bacnet-server/src/server/mod.rs	59	use	crate
crates/bacnet-server/src/server/mod.rs	590	method	ServerBuilder::event_enrollment_interval_secs
crates/bacnet-server/src/server/mod.rs	601	method	ServerBuilder::segmentation_supported
crates/bacnet-server/src/server/mod.rs	607	method	ServerBuilder::vendor_id
crates/bacnet-server/src/server/mod.rs	613	method	ServerBuilder::discovery_policy
crates/bacnet-server/src/server/mod.rs	619	method	ServerBuilder::cov_policy
crates/bacnet-server/src/server/mod.rs	625	method	ServerBuilder::build
crates/bacnet-server/src/server/mod.rs	64	use	device_bindings
crates/bacnet-server/src/server/mod.rs	641	struct	BipServerBuilder
crates/bacnet-server/src/server/mod.rs	649	method	BipServerBuilder::interface
crates/bacnet-server/src/server/mod.rs	655	method	BipServerBuilder::port
crates/bacnet-server/src/server/mod.rs	661	method	BipServerBuilder::broadcast_address
crates/bacnet-server/src/server/mod.rs	667	method	BipServerBuilder::database
crates/bacnet-server/src/server/mod.rs	673	method	BipServerBuilder::device_binding
crates/bacnet-server/src/server/mod.rs	679	method	BipServerBuilder::reinit_password
crates/bacnet-server/src/server/mod.rs	685	method	BipServerBuilder::life_safety_operation_authorizer
crates/bacnet-server/src/server/mod.rs	694	method	BipServerBuilder::audit_notification_sink
crates/bacnet-server/src/server/mod.rs	700	method	BipServerBuilder::audit_notification_authorizer
crates/bacnet-server/src/server/mod.rs	709	method	BipServerBuilder::unconfirmed_audit_notification_authorizer
crates/bacnet-server/src/server/mod.rs	724	method	BipServerBuilder::enable_fault_detection
crates/bacnet-server/src/server/mod.rs	730	method	BipServerBuilder::enable_event_enrollment
crates/bacnet-server/src/server/mod.rs	737	method	BipServerBuilder::event_enrollment_interval_secs
crates/bacnet-server/src/server/mod.rs	748	method	BipServerBuilder::segmentation_supported
crates/bacnet-server/src/server/mod.rs	754	method	BipServerBuilder::vendor_id
crates/bacnet-server/src/server/mod.rs	760	method	BipServerBuilder::discovery_policy
crates/bacnet-server/src/server/mod.rs	766	method	BipServerBuilder::cov_policy
crates/bacnet-server/src/server/mod.rs	772	method	BipServerBuilder::build
crates/bacnet-server/src/server/mod.rs	790	struct	BACnetServer
crates/bacnet-server/src/server/mod.rs	844	struct	IAmBroadcaster
crates/bacnet-server/src/server/mod.rs	862	method	BACnetServer::bip_builder
crates/bacnet-server/src/server/mod.rs	871	method	BACnetServer::builder
crates/bacnet-server/src/server/mod.rs	878	use	clock
crates/bacnet-server/src/server/mod.rs	879	use	clock
crates/bacnet-server/src/server/mod.rs	888	mod	dcc_outcomes
crates/bacnet-server/src/server/mod.rs	890	use	dcc_disable_rate
crates/bacnet-server/src/server/mod.rs	892	use	dcc_outcomes
crates/bacnet-server/src/server/mod.rs	893	use	dcc_policy
crates/bacnet-server/src/server/mod.rs	896	use	discovery
crates/bacnet-server/src/server/mod.rs	897	use	discovery
crates/bacnet-server/src/server/mod.rs	901	mod	event_notification_payload
crates/bacnet-server/src/server/mod.rs	904	mod	event_timestamp
crates/bacnet-server/src/server/mod.rs	912	use	requests
crates/bacnet-server/src/server/mod.rs	918	use	sc_builder
crates/bacnet-server/src/server/mod.rs	923	use	segmented_send
crates/bacnet-server/src/server/mod.rs	926	use	rpm_budget
crates/bacnet-server/src/server/mod.rs	928	use	alarm_summary_budget
crates/bacnet-server/src/server/mod.rs	932	use	read_range_budget
crates/bacnet-server/src/server/mod.rs	934	use	event_information_budget
crates/bacnet-server/src/server/mod.rs	936	use	atomic_read_file_budget
crates/bacnet-server/src/server/mod.rs	937	use	atomic_write_file_budget
crates/bacnet-server/src/server/mod.rs	938	use	enrollment_summary_budget
crates/bacnet-server/src/server/mod.rs	947	use	request_admission
crates/bacnet-server/src/server/mod.rs	994	method	BACnetServer::generic_builder
crates/bacnet-server/src/server/notification_transactions.rs	108	method	NotificationTransactions::close
crates/bacnet-server/src/server/notification_transactions.rs	125	method	NotificationTransactions::join_next
crates/bacnet-server/src/server/notification_transactions.rs	139	method	NotificationTransactions::observe
crates/bacnet-server/src/server/notification_transactions.rs	147	method	NotificationTransactions::reserve
crates/bacnet-server/src/server/notification_transactions.rs	156	method	NotificationTransactions::admit_terminal
crates/bacnet-server/src/server/notification_transactions.rs	167	method	NotificationTransactions::complete_pre_admitted
crates/bacnet-server/src/server/notification_transactions.rs	172	method	NotificationTransactions::workers_empty
crates/bacnet-server/src/server/notification_transactions.rs	177	method	NotificationTransactions::active_count
crates/bacnet-server/src/server/notification_transactions.rs	182	method	NotificationTransactions::is_closed
crates/bacnet-server/src/server/notification_transactions.rs	191	method	NotificationTransactions::release_token_for_test
crates/bacnet-server/src/server/notification_transactions.rs	197	method	NotificationCore::reserve
crates/bacnet-server/src/server/notification_transactions.rs	234	method	NotificationCore::admit_terminal
crates/bacnet-server/src/server/notification_transactions.rs	25	enum	NotificationReserveError
crates/bacnet-server/src/server/notification_transactions.rs	253	method	NotificationCore::complete_pre_admitted
crates/bacnet-server/src/server/notification_transactions.rs	285	method	NotificationCore::close
crates/bacnet-server/src/server/notification_transactions.rs	343	struct	NotificationOperation
crates/bacnet-server/src/server/notification_transactions.rs	350	method	NotificationOperation::invoke_id
crates/bacnet-server/src/server/notification_transactions.rs	377	method	NotificationOperation::token
crates/bacnet-server/src/server/notification_transactions.rs	388	fn	run_notification_worker
crates/bacnet-server/src/server/notification_transactions.rs	436	fn	canonical_direct_peer
crates/bacnet-server/src/server/notification_transactions.rs	44	enum	NotificationWorkerResult
crates/bacnet-server/src/server/notification_transactions.rs	440	fn	canonical_routed_peer
crates/bacnet-server/src/server/notification_transactions.rs	56	struct	NotificationTransactions
crates/bacnet-server/src/server/notification_transactions.rs	75	method	NotificationTransactions::new
crates/bacnet-server/src/server/notification_transactions.rs	79	method	NotificationTransactions::with_coordinator
crates/bacnet-server/src/server/notification_transactions.rs	92	method	NotificationTransactions::spawn
crates/bacnet-server/src/server/read_range_budget.rs	27	method	ReadRangeBudget::validate
crates/bacnet-server/src/server/read_range_budget.rs	45	method	ServerBuilder::read_range_budget
crates/bacnet-server/src/server/read_range_budget.rs	52	method	BipServerBuilder::read_range_budget
crates/bacnet-server/src/server/read_range_budget.rs	60	method	ScServerBuilder::read_range_budget
crates/bacnet-server/src/server/read_range_budget.rs	9	struct	ReadRangeBudget
crates/bacnet-server/src/server/recovery_classifier.rs	7	fn	confirmed_class
crates/bacnet-server/src/server/request_admission.rs	13	use	recovery_classifier
crates/bacnet-server/src/server/request_admission.rs	131	enum	Class
crates/bacnet-server/src/server/request_admission.rs	139	enum	Rejection
crates/bacnet-server/src/server/request_admission.rs	144	struct	Admission
crates/bacnet-server/src/server/request_admission.rs	178	struct	Guard
crates/bacnet-server/src/server/request_admission.rs	18	struct	RequestAdmissionPolicy
crates/bacnet-server/src/server/request_admission.rs	206	method	Admission::peer_entries
crates/bacnet-server/src/server/request_admission.rs	213	method	Admission::new
crates/bacnet-server/src/server/request_admission.rs	242	method	Admission::try_enter
crates/bacnet-server/src/server/request_admission.rs	307	method	Admission::snapshot
crates/bacnet-server/src/server/request_admission.rs	335	method	super::ServerBuilder::request_admission_policy
crates/bacnet-server/src/server/request_admission.rs	343	method	super::BipServerBuilder::request_admission_policy
crates/bacnet-server/src/server/request_admission.rs	352	method	super::ScServerBuilder::request_admission_policy
crates/bacnet-server/src/server/request_admission.rs	360	method	super::BACnetServer::request_admission_counters
crates/bacnet-server/src/server/request_admission.rs	52	method	RequestAdmissionPolicy::validate
crates/bacnet-server/src/server/request_admission.rs	89	struct	RequestAdmissionCounters
crates/bacnet-server/src/server/request_peer.rs	12	fn	canonical_requester
crates/bacnet-server/src/server/request_peer.rs	7	enum	CanonicalRequester
crates/bacnet-server/src/server/request_tasks.rs	10	struct	RequestTasks
crates/bacnet-server/src/server/request_tasks.rs	105	method	RequestTasks::spawner
crates/bacnet-server/src/server/request_tasks.rs	109	method	RequestTasks::spawn
crates/bacnet-server/src/server/request_tasks.rs	117	method	RequestTasks::close
crates/bacnet-server/src/server/request_tasks.rs	123	method	RequestTasks::is_empty
crates/bacnet-server/src/server/request_tasks.rs	130	method	RequestTasks::join_next
crates/bacnet-server/src/server/request_tasks.rs	134	method	RequestTasks::observe
crates/bacnet-server/src/server/request_tasks.rs	29	struct	RequestTaskSpawner
crates/bacnet-server/src/server/request_tasks.rs	32	method	RequestTaskSpawner::admit_dcc_disable
crates/bacnet-server/src/server/request_tasks.rs	41	method	RequestTaskSpawner::spawn
crates/bacnet-server/src/server/request_tasks.rs	50	method	RequestTasks::peer_entries
crates/bacnet-server/src/server/request_tasks.rs	54	method	RequestTasks::for_server
crates/bacnet-server/src/server/request_tasks.rs	75	method	RequestTasks::new
crates/bacnet-server/src/server/request_tasks.rs	83	method	RequestTasks::counters
crates/bacnet-server/src/server/request_tasks.rs	89	method	RequestTasks::try_spawn
crates/bacnet-server/src/server/request_tasks_tests.rs	35	struct	HeldTransport
crates/bacnet-server/src/server/request_tasks_tests.rs	95	fn	fixture
crates/bacnet-server/src/server/requests/acknowledge_alarm.rs	5	fn	response
crates/bacnet-server/src/server/requests/alarm_summary.rs	4	method	BACnetServer::alarm_summary_response
crates/bacnet-server/src/server/requests/atomic_read_file.rs	4	method	BACnetServer::atomic_read_file_response
crates/bacnet-server/src/server/requests/atomic_write_file.rs	4	method	BACnetServer::atomic_write_file_response
crates/bacnet-server/src/server/requests/audit_notification.rs	4	use	bacnet_objects
crates/bacnet-server/src/server/requests/audit_notification.rs	59	fn	receive_unconfirmed_audit_notification
crates/bacnet-server/src/server/requests/audit_notification.rs	7	fn	receive_confirmed_audit_notification
crates/bacnet-server/src/server/requests/audit_notification/durable_receipt.rs	9	fn	completed_receipt
crates/bacnet-server/src/server/requests/confirmed.rs	13	method	BACnetServer::handle_confirmed_request
crates/bacnet-server/src/server/requests/confirmed_response.rs	152	method	BACnetServer::error_apdu_from_error
crates/bacnet-server/src/server/requests/confirmed_response.rs	23	fn	error_apdu_from_error
crates/bacnet-server/src/server/requests/confirmed_response.rs	3	fn	read_property_response
crates/bacnet-server/src/server/requests/confirmed_response.rs	44	fn	error_fields
crates/bacnet-server/src/server/requests/confirmed_response.rs	56	fn	send_unsegmented_response
crates/bacnet-server/src/server/requests/confirmed_response.rs	76	fn	send_overload_response
crates/bacnet-server/src/server/requests/dcc.rs	8	fn	response
crates/bacnet-server/src/server/requests/endpoint_responder.rs	119	method	EndpointResponder::close
crates/bacnet-server/src/server/requests/endpoint_responder.rs	18	struct	EndpointResponder
crates/bacnet-server/src/server/requests/endpoint_responder.rs	26	method	EndpointResponder::new
crates/bacnet-server/src/server/requests/endpoint_responder.rs	34	method	EndpointResponder::handle
crates/bacnet-server/src/server/requests/enrollment_summary.rs	4	method	BACnetServer::enrollment_summary_response
crates/bacnet-server/src/server/requests/event_information.rs	11	fn	response
crates/bacnet-server/src/server/requests/event_information.rs	3	fn	can_segment
crates/bacnet-server/src/server/requests/event_information.rs	63	fn	unsegmented_complex_ack_service_budget
crates/bacnet-server/src/server/requests/event_information.rs	7	fn	limit
crates/bacnet-server/src/server/requests/executed.rs	7	const	EXECUTED_CONFIRMED
crates/bacnet-server/src/server/requests/mod.rs	24	use	self
crates/bacnet-server/src/server/requests/mod.rs	29	method	BACnetServer::handle_admitted_confirmed_request
crates/bacnet-server/src/server/requests/mod.rs	9	mod	confirmed_response
crates/bacnet-server/src/server/requests/read_range.rs	3	fn	response
crates/bacnet-server/src/server/requests/unconfirmed.rs	15	const	EXECUTED_UNCONFIRMED
crates/bacnet-server/src/server/requests/unconfirmed.rs	27	method	BACnetServer::handle_unconfirmed_request
crates/bacnet-server/src/server/requests/unconfirmed.rs	320	fn	apply_time_sync_request
crates/bacnet-server/src/server/responses.rs	20	method	BACnetServer::send_confirmed_response_apdu_expecting_reply
crates/bacnet-server/src/server/responses.rs	4	method	BACnetServer::send_confirmed_response_apdu
crates/bacnet-server/src/server/rpm_budget.rs	10	struct	ReadPropertyMultipleBudget
crates/bacnet-server/src/server/rpm_budget.rs	28	method	ReadPropertyMultipleBudget::validate
crates/bacnet-server/src/server/rpm_budget.rs	43	method	ServerBuilder::read_property_multiple_budget
crates/bacnet-server/src/server/rpm_budget.rs	51	method	BipServerBuilder::read_property_multiple_budget
crates/bacnet-server/src/server/rpm_budget.rs	60	method	ScServerBuilder::read_property_multiple_budget
crates/bacnet-server/src/server/sc_builder.rs	104	method	ScServerBuilder::device_binding
crates/bacnet-server/src/server/sc_builder.rs	110	method	ScServerBuilder::heartbeat_interval_ms
crates/bacnet-server/src/server/sc_builder.rs	116	method	ScServerBuilder::heartbeat_timeout_ms
crates/bacnet-server/src/server/sc_builder.rs	122	method	ScServerBuilder::reconnect
crates/bacnet-server/src/server/sc_builder.rs	128	method	ScServerBuilder::dcc_password
crates/bacnet-server/src/server/sc_builder.rs	134	method	ScServerBuilder::dcc_policy
crates/bacnet-server/src/server/sc_builder.rs	140	method	ScServerBuilder::dcc_source_restriction
crates/bacnet-server/src/server/sc_builder.rs	149	method	ScServerBuilder::dcc_disable_rate_limit
crates/bacnet-server/src/server/sc_builder.rs	155	method	ScServerBuilder::reinit_password
crates/bacnet-server/src/server/sc_builder.rs	161	method	ScServerBuilder::life_safety_operation_authorizer
crates/bacnet-server/src/server/sc_builder.rs	170	method	ScServerBuilder::audit_notification_sink
crates/bacnet-server/src/server/sc_builder.rs	176	method	ScServerBuilder::audit_notification_authorizer
crates/bacnet-server/src/server/sc_builder.rs	185	method	ScServerBuilder::unconfirmed_audit_notification_authorizer
crates/bacnet-server/src/server/sc_builder.rs	197	method	ScServerBuilder::enable_fault_detection
crates/bacnet-server/src/server/sc_builder.rs	203	method	ScServerBuilder::enable_event_enrollment
crates/bacnet-server/src/server/sc_builder.rs	209	method	ScServerBuilder::event_enrollment_interval_secs
crates/bacnet-server/src/server/sc_builder.rs	215	method	ScServerBuilder::cov_policy
crates/bacnet-server/src/server/sc_builder.rs	226	method	ScServerBuilder::build
crates/bacnet-server/src/server/sc_builder.rs	295	const	TEST_DEVICE_UUID
crates/bacnet-server/src/server/sc_builder.rs	30	struct	ScServerBuilder
crates/bacnet-server/src/server/sc_builder.rs	300	fn	test_tls_config
crates/bacnet-server/src/server/sc_builder.rs	45	method	ScServerBuilder::hub_url
crates/bacnet-server/src/server/sc_builder.rs	51	method	ScServerBuilder::segmentation_supported
crates/bacnet-server/src/server/sc_builder.rs	73	method	ScServerBuilder::tls_config
crates/bacnet-server/src/server/sc_builder.rs	79	method	ScServerBuilder::vmac
crates/bacnet-server/src/server/sc_builder.rs	9	method	BACnetServer::sc_builder
crates/bacnet-server/src/server/sc_builder.rs	92	method	ScServerBuilder::device_uuid
crates/bacnet-server/src/server/sc_builder.rs	98	method	ScServerBuilder::database
crates/bacnet-server/src/server/sc_dcc_mtls_support.rs	111	struct	Peer
crates/bacnet-server/src/server/sc_dcc_mtls_support.rs	118	struct	Fixture
crates/bacnet-server/src/server/sc_dcc_mtls_support.rs	126	method	Fixture::server
crates/bacnet-server/src/server/sc_dcc_mtls_support.rs	130	method	Fixture::hub
crates/bacnet-server/src/server/sc_dcc_mtls_support.rs	144	method	Fixture::start
crates/bacnet-server/src/server/sc_dcc_mtls_support.rs	18	const	SERVER
crates/bacnet-server/src/server/sc_dcc_mtls_support.rs	188	method	Fixture::exchange
crates/bacnet-server/src/server/sc_dcc_mtls_support.rs	19	const	PEERS
crates/bacnet-server/src/server/sc_dcc_mtls_support.rs	20	const	PASSWORD
crates/bacnet-server/src/server/sc_dcc_mtls_support.rs	24	fn	bounded
crates/bacnet-server/src/server/sc_dcc_mtls_support.rs	256	method	Fixture::read_property
crates/bacnet-server/src/server/sc_dcc_mtls_support.rs	289	method	Fixture::dcc
crates/bacnet-server/src/server/sc_dcc_mtls_support.rs	32	struct	Certificates
crates/bacnet-server/src/server/sc_dcc_mtls_support.rs	385	enum	Outcome
crates/bacnet-server/src/server/sc_dcc_mtls_support.rs	392	fn	run
crates/bacnet-server/src/server/sc_dcc_mtls_support.rs	41	method	Certificates::new
crates/bacnet-server/src/server/segmentation.rs	15	method	BACnetServer::spawn_segmented_complex_ack
crates/bacnet-server/src/server/segmentation.rs	55	method	BACnetServer::send_segmented_complex_ack
crates/bacnet-server/src/server/segmentation.rs	84	method	BACnetServer::send_segmented_complex_ack_with_options
crates/bacnet-server/src/server/segmentation_tests/request_payload_owner.rs	11	struct	SavedPayloadProbe
crates/bacnet-server/src/server/segmentation_tests/request_payload_owner.rs	21	fn	observe_payload_drops
crates/bacnet-server/src/server/segmentation_tests/request_payload_owner.rs	46	fn	observe_saved_payload
crates/bacnet-server/src/server/segmentation_tests/request_peer_quota.rs	11	fn	next_routed_apdu
crates/bacnet-server/src/server/segmentation_tests/request_peer_quota.rs	31	fn	assert_positive_ack
crates/bacnet-server/src/server/segmentation_tests/request_peer_quota.rs	43	fn	assert_server_abort
crates/bacnet-server/src/server/segmentation_tests/request_reassembly.rs	124	fn	inject_routed_segment
crates/bacnet-server/src/server/segmentation_tests/request_reassembly.rs	153	fn	sent_routed_frame
crates/bacnet-server/src/server/segmentation_tests/request_reassembly.rs	167	fn	start_reassembly_server
crates/bacnet-server/src/server/segmentation_tests/request_reassembly.rs	197	fn	write_property_payload
crates/bacnet-server/src/server/segmentation_tests/request_reassembly.rs	218	fn	split_into
crates/bacnet-server/src/server/segmentation_tests/request_reassembly.rs	236	fn	send_apdu
crates/bacnet-server/src/server/segmentation_tests/request_reassembly.rs	258	fn	send_segment_with_window
crates/bacnet-server/src/server/segmentation_tests/request_reassembly.rs	284	fn	recv_apdu
crates/bacnet-server/src/server/segmentation_tests/request_reassembly.rs	29	struct	RoutedInjectionTransport
crates/bacnet-server/src/server/segmentation_tests/request_reassembly.rs	296	fn	expect_positive_ack
crates/bacnet-server/src/server/segmentation_tests/request_reassembly.rs	331	fn	present_value
crates/bacnet-server/src/server/segmentation_tests/request_reassembly.rs	36	method	RoutedInjectionTransport::new
crates/bacnet-server/src/server/segmentation_tests/request_reassembly.rs	77	fn	start_routed_reassembly_server
crates/bacnet-server/src/server/segmented_receive.rs	103	fn	segmented_request_admission_error
crates/bacnet-server/src/server/segmented_receive.rs	123	fn	expire_segmented_requests
crates/bacnet-server/src/server/segmented_receive.rs	133	fn	reassembled_confirmed_request
crates/bacnet-server/src/server/segmented_receive.rs	15	fn	saved_request_payload_bytes
crates/bacnet-server/src/server/segmented_receive.rs	152	fn	classify_non_next_segment
crates/bacnet-server/src/server/segmented_receive.rs	32	struct	RequestPayload
crates/bacnet-server/src/server/segmented_receive.rs	39	method	RequestPayload::new
crates/bacnet-server/src/server/segmented_receive.rs	49	method	RequestPayload::save_new
crates/bacnet-server/src/server/segmented_receive.rs	81	method	RequestPayload::saved_payload_bytes
crates/bacnet-server/src/server/segmented_receive.rs	88	method	RequestPayload::complete
crates/bacnet-server/src/server/segmented_receive.rs	99	mod	tests
crates/bacnet-server/src/server/segmented_send.rs	124	method	SegmentedSendHandle::new
crates/bacnet-server/src/server/segmented_send.rs	138	method	SegmentedSendHandle::accepts_segment_ack
crates/bacnet-server/src/server/segmented_send.rs	151	method	SegmentedSendHandle::send_control
crates/bacnet-server/src/server/segmented_send.rs	156	method	SegmentedSendHandle::same_channel
crates/bacnet-server/src/server/segmented_send.rs	16	type	SegKey
crates/bacnet-server/src/server/segmented_send.rs	162	struct	SegmentedSendOptions
crates/bacnet-server/src/server/segmented_send.rs	176	struct	SegmentedRequestState
crates/bacnet-server/src/server/segmented_send.rs	20	struct	SegmentedSendRegistry
crates/bacnet-server/src/server/segmented_send.rs	23	method	SegmentedSendRegistry::lock
crates/bacnet-server/src/server/segmented_send.rs	32	struct	SegmentedSendRegistration
crates/bacnet-server/src/server/segmented_send.rs	52	fn	segmented_transaction_key
crates/bacnet-server/src/server/segmented_send.rs	72	enum	SegmentedSendEvent
crates/bacnet-server/src/server/segmented_send.rs	78	enum	SegmentedSendControlEvent
crates/bacnet-server/src/server/segmented_send.rs	83	struct	SegmentedSendHandle
crates/bacnet-server/src/server/segmented_send.rs	92	enum	SegmentAckDisposition
crates/bacnet-server/src/server/segmented_send.rs	97	fn	segment_ack_disposition
crates/bacnet-server/src/server/shutdown.rs	23	method	BACnetServer::stop
crates/bacnet-server/src/trend_log.rs	44	type	TrendLogState
crates/bacnet-server/src/trend_log.rs	96	fn	poll_trend_logs
crates/bacnet-services/src/alarm_event/acknowledge_alarm.rs	18	struct	AcknowledgeAlarmRequest
crates/bacnet-services/src/alarm_event/acknowledge_alarm.rs	29	method	AcknowledgeAlarmRequest::encode
crates/bacnet-services/src/alarm_event/acknowledge_alarm.rs	45	method	AcknowledgeAlarmRequest::decode
crates/bacnet-services/src/alarm_event/event_notification.rs	11	struct	EventNotificationRequest
crates/bacnet-services/src/alarm_event/event_notification.rs	41	method	EventNotificationRequest::encode
crates/bacnet-services/src/alarm_event/event_notification.rs	92	method	EventNotificationRequest::decode
crates/bacnet-services/src/alarm_event/get_event_information.rs	108	method	GetEventInformationAck::decode
crates/bacnet-services/src/alarm_event/get_event_information.rs	238	method	GetEventInformationAck::encode
crates/bacnet-services/src/alarm_event/get_event_information.rs	45	struct	GetEventInformationRequest
crates/bacnet-services/src/alarm_event/get_event_information.rs	50	method	GetEventInformationRequest::encode
crates/bacnet-services/src/alarm_event/get_event_information.rs	56	method	GetEventInformationRequest::decode
crates/bacnet-services/src/alarm_event/get_event_information.rs	83	struct	GetEventInformationAck
crates/bacnet-services/src/alarm_event/get_event_information.rs	90	struct	EventSummary
crates/bacnet-services/src/alarm_event/mod.rs	23	use	acknowledge_alarm
crates/bacnet-services/src/alarm_event/mod.rs	24	use	event_notification
crates/bacnet-services/src/alarm_event/mod.rs	25	use	get_event_information
crates/bacnet-services/src/alarm_event/mod.rs	26	use	notification_parameters
crates/bacnet-services/src/alarm_event/notification_parameters/decode.rs	13	method	NotificationParameters::decode
crates/bacnet-services/src/alarm_event/notification_parameters/decode.rs	19	method	NotificationParameters::decode_bounded
crates/bacnet-services/src/alarm_event/notification_parameters/decode_helpers.rs	19	fn	closing_tag_start
crates/bacnet-services/src/alarm_event/notification_parameters/decode_helpers.rs	39	fn	decode_context_value
crates/bacnet-services/src/alarm_event/notification_parameters/decode_helpers.rs	4	fn	finish_variant
crates/bacnet-services/src/alarm_event/notification_parameters/decode_helpers.rs	50	fn	decode_context_u16
crates/bacnet-services/src/alarm_event/notification_parameters/decode_helpers.rs	63	fn	decode_context_status_flags
crates/bacnet-services/src/alarm_event/notification_parameters/decode_timer.rs	121	fn	decode_change_of_discrete_value
crates/bacnet-services/src/alarm_event/notification_parameters/decode_timer.rs	67	fn	decode_change_of_timer
crates/bacnet-services/src/alarm_event/notification_parameters/encode.rs	9	method	NotificationParameters::encode
crates/bacnet-services/src/alarm_event/notification_parameters/mod.rs	148	enum	ChangeOfValueChoice
crates/bacnet-services/src/alarm_event/notification_parameters/mod.rs	18	enum	NotificationParameters
crates/bacnet-services/src/alarm_event/notification_parameters/structured.rs	103	fn	decode_access_event
crates/bacnet-services/src/alarm_event/notification_parameters/structured.rs	20	fn	decode_complex_event_type
crates/bacnet-services/src/alarm_event/notification_parameters/structured.rs	6	fn	validate_authentication_factor
crates/bacnet-services/src/alarm_event/property_states.rs	137	fn	decode_status_flags
crates/bacnet-services/src/alarm_event/property_states.rs	14	fn	decode_property_states
crates/bacnet-services/src/alarm_event/property_states.rs	25	fn	decode_device_obj_prop_ref
crates/bacnet-services/src/alarm_event/property_states.rs	6	fn	encode_property_states
crates/bacnet-services/src/alarm_event/property_states.rs	72	fn	extract_raw_context
crates/bacnet-services/src/alarm_summary.rs	22	struct	AlarmSummaryEntry
crates/bacnet-services/src/alarm_summary.rs	33	struct	GetAlarmSummaryAck
crates/bacnet-services/src/alarm_summary.rs	38	method	GetAlarmSummaryAck::encode
crates/bacnet-services/src/alarm_summary.rs	50	method	GetAlarmSummaryAck::decode
crates/bacnet-services/src/audit.rs	101	method	AuditNotificationRequest::try_encode
crates/bacnet-services/src/audit.rs	105	method	AuditNotificationRequest::encode
crates/bacnet-services/src/audit.rs	110	method	AuditNotificationRequest::decode
crates/bacnet-services/src/audit.rs	117	method	AuditLogQueryRequest::try_encode
crates/bacnet-services/src/audit.rs	121	method	AuditLogQueryRequest::encode
crates/bacnet-services/src/audit.rs	126	method	AuditLogQueryRequest::decode
crates/bacnet-services/src/audit.rs	133	method	AuditLogQueryAck::try_encode
crates/bacnet-services/src/audit.rs	137	method	AuditLogQueryAck::encode
crates/bacnet-services/src/audit.rs	142	method	AuditLogQueryAck::decode
crates/bacnet-services/src/audit.rs	28	struct	AuditNotificationRequest
crates/bacnet-services/src/audit.rs	38	struct	AuditLogQueryAck
crates/bacnet-services/src/audit.rs	81	struct	AuditLogQueryRequest
crates/bacnet-services/src/audit.rs	9	use	bacnet_types
crates/bacnet-services/src/audit/notification_codec.rs	10	fn	encode
crates/bacnet-services/src/audit/notification_codec.rs	28	fn	decode
crates/bacnet-services/src/audit/query_ack_codec.rs	15	fn	encode
crates/bacnet-services/src/audit/query_ack_codec.rs	35	fn	decode
crates/bacnet-services/src/audit/query_codec.rs	114	fn	decode
crates/bacnet-services/src/audit/query_codec.rs	29	fn	encode
crates/bacnet-services/src/common.rs	10	const	MAX_DECODED_ITEMS
crates/bacnet-services/src/common.rs	102	fn	extract_property_value
crates/bacnet-services/src/common.rs	13	use	property_value_decode
crates/bacnet-services/src/common.rs	15	fn	decode_context
crates/bacnet-services/src/common.rs	160	struct	PropertyReference
crates/bacnet-services/src/common.rs	166	method	PropertyReference::encode
crates/bacnet-services/src/common.rs	173	method	PropertyReference::decode
crates/bacnet-services/src/common.rs	218	struct	BACnetPropertyValue
crates/bacnet-services/src/common.rs	226	method	BACnetPropertyValue::encode
crates/bacnet-services/src/common.rs	37	fn	decode_context_u32
crates/bacnet-services/src/common.rs	50	fn	decode_context_bool
crates/bacnet-services/src/common.rs	71	enum	PropertyValueBoundary
crates/bacnet-services/src/common.rs	78	fn	matches_property_boundary
crates/bacnet-services/src/common/property_value_decode.rs	10	enum	PropertyValueDecodeStage
crates/bacnet-services/src/common/property_value_decode.rs	103	method	BACnetPropertyValue::decode_in_list
crates/bacnet-services/src/common/property_value_decode.rs	111	method	BACnetPropertyValue::decode_in_list_detailed
crates/bacnet-services/src/common/property_value_decode.rs	18	struct	PropertyValueDecodeError
crates/bacnet-services/src/common/property_value_decode.rs	91	method	BACnetPropertyValue::decode
crates/bacnet-services/src/cov.rs	110	struct	SubscribeCOVPropertyRequest
crates/bacnet-services/src/cov.rs	122	method	SubscribeCOVPropertyRequest::is_cancellation
crates/bacnet-services/src/cov.rs	126	method	SubscribeCOVPropertyRequest::encode
crates/bacnet-services/src/cov.rs	15	use	crate
crates/bacnet-services/src/cov.rs	152	method	SubscribeCOVPropertyRequest::decode
crates/bacnet-services/src/cov.rs	25	struct	SubscribeCOVRequest
crates/bacnet-services/src/cov.rs	250	struct	COVNotificationRequest
crates/bacnet-services/src/cov.rs	259	method	COVNotificationRequest::encode
crates/bacnet-services/src/cov.rs	276	method	COVNotificationRequest::decode
crates/bacnet-services/src/cov.rs	34	method	SubscribeCOVRequest::is_cancellation
crates/bacnet-services/src/cov.rs	38	method	SubscribeCOVRequest::encode
crates/bacnet-services/src/cov.rs	53	method	SubscribeCOVRequest::decode
crates/bacnet-services/src/cov_decode.rs	132	method	COVNotificationRequest::decode_detailed
crates/bacnet-services/src/cov_decode.rs	17	struct	COVNotificationDecodeError
crates/bacnet-services/src/cov_decode.rs	31	method	COVNotificationDecodeError::reject_reason
crates/bacnet-services/src/cov_decode.rs	36	method	COVNotificationDecodeError::into_error
crates/bacnet-services/src/cov_multiple.rs	144	method	SubscribeCOVPropertyMultipleRequest::decode
crates/bacnet-services/src/cov_multiple.rs	27	struct	COVReference
crates/bacnet-services/src/cov_multiple.rs	339	struct	COVNotificationValue
crates/bacnet-services/src/cov_multiple.rs	349	struct	COVNotificationItem
crates/bacnet-services/src/cov_multiple.rs	35	struct	COVSubscriptionSpecification
crates/bacnet-services/src/cov_multiple.rs	356	struct	COVNotificationMultipleRequest
crates/bacnet-services/src/cov_multiple.rs	366	method	COVNotificationMultipleRequest::encode
crates/bacnet-services/src/cov_multiple.rs	42	struct	SubscribeCOVPropertyMultipleRequest
crates/bacnet-services/src/cov_multiple.rs	463	method	COVNotificationMultipleRequest::decode
crates/bacnet-services/src/cov_multiple.rs	52	method	SubscribeCOVPropertyMultipleRequest::try_encode
crates/bacnet-services/src/cov_multiple.rs	61	method	SubscribeCOVPropertyMultipleRequest::encode
crates/bacnet-services/src/cov_multiple_helpers.rs	108	fn	validate_decoded_property_identifier
crates/bacnet-services/src/cov_multiple_helpers.rs	121	fn	validate_raw_property_value
crates/bacnet-services/src/cov_multiple_helpers.rs	142	fn	decode_date_time
crates/bacnet-services/src/cov_multiple_helpers.rs	15	fn	decode_required_bool
crates/bacnet-services/src/cov_multiple_helpers.rs	67	fn	actual_time_is_valid
crates/bacnet-services/src/cov_multiple_helpers.rs	71	fn	validate_actual_date_time
crates/bacnet-services/src/cov_multiple_helpers.rs	80	fn	validate_actual_time
crates/bacnet-services/src/cov_multiple_helpers.rs	9	fn	reject
crates/bacnet-services/src/cov_multiple_helpers.rs	96	fn	validate_property_identifier
crates/bacnet-services/src/device_mgmt.rs	105	struct	ReinitializeDeviceRequest
crates/bacnet-services/src/device_mgmt.rs	111	method	ReinitializeDeviceRequest::encode
crates/bacnet-services/src/device_mgmt.rs	121	method	ReinitializeDeviceRequest::decode
crates/bacnet-services/src/device_mgmt.rs	177	struct	TimeSynchronizationRequest
crates/bacnet-services/src/device_mgmt.rs	183	method	TimeSynchronizationRequest::encode
crates/bacnet-services/src/device_mgmt.rs	188	method	TimeSynchronizationRequest::decode
crates/bacnet-services/src/device_mgmt.rs	21	struct	DeviceCommunicationControlRequest
crates/bacnet-services/src/device_mgmt.rs	28	method	DeviceCommunicationControlRequest::encode
crates/bacnet-services/src/device_mgmt.rs	42	method	DeviceCommunicationControlRequest::decode
crates/bacnet-services/src/enrollment_summary.rs	122	method	GetEnrollmentSummaryRequest::decode
crates/bacnet-services/src/enrollment_summary.rs	24	struct	PriorityFilter
crates/bacnet-services/src/enrollment_summary.rs	32	struct	RecipientProcess
crates/bacnet-services/src/enrollment_summary.rs	370	struct	EnrollmentSummaryEntry
crates/bacnet-services/src/enrollment_summary.rs	381	struct	GetEnrollmentSummaryAck
crates/bacnet-services/src/enrollment_summary.rs	386	method	GetEnrollmentSummaryAck::encode
crates/bacnet-services/src/enrollment_summary.rs	398	method	GetEnrollmentSummaryAck::decode
crates/bacnet-services/src/enrollment_summary.rs	41	struct	GetEnrollmentSummaryRequest
crates/bacnet-services/src/enrollment_summary.rs	62	method	GetEnrollmentSummaryRequest::encode
crates/bacnet-services/src/enrollment_summary.rs	68	method	GetEnrollmentSummaryRequest::try_encode
crates/bacnet-services/src/file.rs	110	enum	FileWriteAccessMethod
crates/bacnet-services/src/file.rs	125	method	AtomicReadFileRequest::encode
crates/bacnet-services/src/file.rs	149	method	AtomicReadFileRequest::decode
crates/bacnet-services/src/file.rs	201	method	AtomicWriteFileRequest::encode
crates/bacnet-services/src/file.rs	229	method	AtomicWriteFileRequest::decode
crates/bacnet-services/src/file.rs	302	struct	AtomicReadFileAck
crates/bacnet-services/src/file.rs	309	enum	FileReadAckMethod
crates/bacnet-services/src/file.rs	324	method	AtomicReadFileAck::encode
crates/bacnet-services/src/file.rs	352	method	AtomicReadFileAck::decode
crates/bacnet-services/src/file.rs	471	struct	AtomicWriteFileAck
crates/bacnet-services/src/file.rs	477	enum	FileWriteAckMethod
crates/bacnet-services/src/file.rs	485	method	AtomicWriteFileAck::encode
crates/bacnet-services/src/file.rs	498	method	AtomicWriteFileAck::decode
crates/bacnet-services/src/file.rs	81	struct	AtomicReadFileRequest
crates/bacnet-services/src/file.rs	88	struct	AtomicWriteFileRequest
crates/bacnet-services/src/file.rs	95	enum	FileAccessMethod
crates/bacnet-services/src/file_ack_size.rs	20	method	AtomicReadFileAck::encoded_len_bounded
crates/bacnet-services/src/lib.rs	10	mod	audit
crates/bacnet-services/src/lib.rs	11	mod	common
crates/bacnet-services/src/lib.rs	12	mod	cov
crates/bacnet-services/src/lib.rs	14	mod	cov_multiple
crates/bacnet-services/src/lib.rs	15	mod	device_mgmt
crates/bacnet-services/src/lib.rs	16	mod	enrollment_summary
crates/bacnet-services/src/lib.rs	17	mod	file
crates/bacnet-services/src/lib.rs	18	mod	life_safety
crates/bacnet-services/src/lib.rs	19	mod	list_manipulation
crates/bacnet-services/src/lib.rs	20	mod	object_mgmt
crates/bacnet-services/src/lib.rs	21	mod	private_transfer
crates/bacnet-services/src/lib.rs	22	mod	read_property
crates/bacnet-services/src/lib.rs	23	mod	read_range
crates/bacnet-services/src/lib.rs	24	mod	rpm
crates/bacnet-services/src/lib.rs	25	mod	schedule
crates/bacnet-services/src/lib.rs	26	mod	text_message
crates/bacnet-services/src/lib.rs	27	mod	virtual_terminal
crates/bacnet-services/src/lib.rs	28	mod	who_am_i
crates/bacnet-services/src/lib.rs	29	mod	who_has
crates/bacnet-services/src/lib.rs	30	mod	who_is
crates/bacnet-services/src/lib.rs	31	mod	wpm
crates/bacnet-services/src/lib.rs	32	mod	write_group
crates/bacnet-services/src/lib.rs	33	mod	write_property
crates/bacnet-services/src/lib.rs	8	mod	alarm_event
crates/bacnet-services/src/lib.rs	9	mod	alarm_summary
crates/bacnet-services/src/life_safety.rs	28	struct	LifeSafetyOperationRequest
crates/bacnet-services/src/life_safety.rs	36	method	LifeSafetyOperationRequest::encode
crates/bacnet-services/src/life_safety.rs	50	method	LifeSafetyOperationRequest::decode
crates/bacnet-services/src/list_manipulation.rs	13	struct	ListElementRequest
crates/bacnet-services/src/list_manipulation.rs	22	method	ListElementRequest::encode
crates/bacnet-services/src/list_manipulation.rs	37	method	ListElementRequest::decode
crates/bacnet-services/src/object_mgmt.rs	157	struct	DeleteObjectRequest
crates/bacnet-services/src/object_mgmt.rs	162	method	DeleteObjectRequest::encode
crates/bacnet-services/src/object_mgmt.rs	166	method	DeleteObjectRequest::decode
crates/bacnet-services/src/object_mgmt.rs	21	enum	ObjectSpecifier
crates/bacnet-services/src/object_mgmt.rs	30	struct	CreateObjectRequest
crates/bacnet-services/src/object_mgmt.rs	36	method	CreateObjectRequest::encode
crates/bacnet-services/src/object_mgmt.rs	59	method	CreateObjectRequest::decode
crates/bacnet-services/src/private_transfer.rs	114	struct	PrivateTransferAck
crates/bacnet-services/src/private_transfer.rs	122	method	PrivateTransferAck::encode
crates/bacnet-services/src/private_transfer.rs	135	method	PrivateTransferAck::decode
crates/bacnet-services/src/private_transfer.rs	16	struct	PrivateTransferRequest
crates/bacnet-services/src/private_transfer.rs	24	method	PrivateTransferRequest::encode
crates/bacnet-services/src/private_transfer.rs	37	method	PrivateTransferRequest::decode
crates/bacnet-services/src/read_property.rs	137	struct	ReadPropertyACK
crates/bacnet-services/src/read_property.rs	145	method	ReadPropertyACK::encode
crates/bacnet-services/src/read_property.rs	156	method	ReadPropertyACK::decode
crates/bacnet-services/src/read_property.rs	49	struct	ReadPropertyRequest
crates/bacnet-services/src/read_property.rs	56	method	ReadPropertyRequest::encode
crates/bacnet-services/src/read_property.rs	64	method	ReadPropertyRequest::decode
crates/bacnet-services/src/read_range.rs	123	method	ReadRangeRequest::decode
crates/bacnet-services/src/read_range.rs	269	struct	ReadRangeAck
crates/bacnet-services/src/read_range.rs	283	method	ReadRangeAck::encode
crates/bacnet-services/src/read_range.rs	316	method	ReadRangeAck::decode
crates/bacnet-services/src/read_range.rs	56	struct	ReadRangeRequest
crates/bacnet-services/src/read_range.rs	66	enum	RangeSpec
crates/bacnet-services/src/read_range.rs	79	method	ReadRangeRequest::encode
crates/bacnet-services/src/rpm.rs	120	struct	ReadResultElement
crates/bacnet-services/src/rpm.rs	131	struct	ReadAccessResult
crates/bacnet-services/src/rpm.rs	138	struct	ReadPropertyMultipleACK
crates/bacnet-services/src/rpm.rs	144	method	ReadAccessResult::encode_header
crates/bacnet-services/src/rpm.rs	150	method	ReadAccessResult::encode_footer
crates/bacnet-services/src/rpm.rs	157	method	ReadResultElement::encode
crates/bacnet-services/src/rpm.rs	176	method	ReadPropertyMultipleACK::encode
crates/bacnet-services/src/rpm.rs	186	method	ReadPropertyMultipleACK::decode
crates/bacnet-services/src/rpm.rs	20	struct	ReadAccessSpecification
crates/bacnet-services/src/rpm.rs	27	struct	ReadPropertyMultipleRequest
crates/bacnet-services/src/rpm.rs	32	method	ReadPropertyMultipleRequest::encode
crates/bacnet-services/src/rpm.rs	45	method	ReadPropertyMultipleRequest::decode
crates/bacnet-services/src/schedule.rs	137	fn	encode_calendar_entry
crates/bacnet-services/src/schedule.rs	155	fn	decode_calendar_entry
crates/bacnet-services/src/schedule.rs	248	fn	encode_special_event_period
crates/bacnet-services/src/schedule.rs	262	fn	decode_special_event_period
crates/bacnet-services/src/schedule.rs	324	fn	encode_special_event
crates/bacnet-services/src/schedule.rs	339	fn	decode_special_event
crates/bacnet-services/src/schedule.rs	433	fn	encode_weekly_schedule
crates/bacnet-services/src/schedule.rs	448	fn	decode_weekly_schedule
crates/bacnet-services/src/schedule.rs	501	fn	encode_exception_schedule
crates/bacnet-services/src/schedule.rs	509	fn	decode_exception_schedule
crates/bacnet-services/src/schedule.rs	52	fn	encode_time_value
crates/bacnet-services/src/schedule.rs	59	fn	decode_time_value
crates/bacnet-services/src/text_message.rs	17	enum	MessageClass
crates/bacnet-services/src/text_message.rs	29	struct	TextMessageRequest
crates/bacnet-services/src/text_message.rs	37	method	TextMessageRequest::encode
crates/bacnet-services/src/text_message.rs	60	method	TextMessageRequest::decode
crates/bacnet-services/src/virtual_terminal.rs	100	struct	VTCloseRequest
crates/bacnet-services/src/virtual_terminal.rs	105	method	VTCloseRequest::encode
crates/bacnet-services/src/virtual_terminal.rs	111	method	VTCloseRequest::decode
crates/bacnet-services/src/virtual_terminal.rs	155	struct	VTDataRequest
crates/bacnet-services/src/virtual_terminal.rs	162	method	VTDataRequest::encode
crates/bacnet-services/src/virtual_terminal.rs	168	method	VTDataRequest::decode
crates/bacnet-services/src/virtual_terminal.rs	228	struct	VTDataAck
crates/bacnet-services/src/virtual_terminal.rs	236	method	VTDataAck::encode
crates/bacnet-services/src/virtual_terminal.rs	245	method	VTDataAck::decode
crates/bacnet-services/src/virtual_terminal.rs	25	struct	VTOpenRequest
crates/bacnet-services/src/virtual_terminal.rs	30	method	VTOpenRequest::encode
crates/bacnet-services/src/virtual_terminal.rs	34	method	VTOpenRequest::decode
crates/bacnet-services/src/virtual_terminal.rs	55	struct	VTOpenAck
crates/bacnet-services/src/virtual_terminal.rs	60	method	VTOpenAck::encode
crates/bacnet-services/src/virtual_terminal.rs	64	method	VTOpenAck::decode
crates/bacnet-services/src/who_am_i.rs	15	struct	WhoAmIRequest
crates/bacnet-services/src/who_am_i.rs	18	method	WhoAmIRequest::encode
crates/bacnet-services/src/who_am_i.rs	20	method	WhoAmIRequest::decode
crates/bacnet-services/src/who_am_i.rs	41	struct	YouAreRequest
crates/bacnet-services/src/who_am_i.rs	50	method	YouAreRequest::encode
crates/bacnet-services/src/who_am_i.rs	68	method	YouAreRequest::decode
crates/bacnet-services/src/who_has.rs	116	struct	IHaveRequest
crates/bacnet-services/src/who_has.rs	123	method	IHaveRequest::encode
crates/bacnet-services/src/who_has.rs	130	method	IHaveRequest::decode
crates/bacnet-services/src/who_has.rs	15	enum	WhoHasObject
crates/bacnet-services/src/who_has.rs	24	struct	WhoHasRequest
crates/bacnet-services/src/who_has.rs	31	method	WhoHasRequest::encode
crates/bacnet-services/src/who_has.rs	52	method	WhoHasRequest::decode
crates/bacnet-services/src/who_is.rs	116	struct	IAmRequest
crates/bacnet-services/src/who_is.rs	124	method	IAmRequest::encode
crates/bacnet-services/src/who_is.rs	131	method	IAmRequest::decode
crates/bacnet-services/src/who_is.rs	19	struct	WhoIsRequest
crates/bacnet-services/src/who_is.rs	26	method	WhoIsRequest::all
crates/bacnet-services/src/who_is.rs	34	method	WhoIsRequest::range
crates/bacnet-services/src/who_is.rs	41	method	WhoIsRequest::encode
crates/bacnet-services/src/who_is.rs	48	method	WhoIsRequest::decode
crates/bacnet-services/src/wpm.rs	11	mod	cursor
crates/bacnet-services/src/wpm.rs	12	mod	error
crates/bacnet-services/src/wpm.rs	14	use	cursor
crates/bacnet-services/src/wpm.rs	18	use	error
crates/bacnet-services/src/wpm.rs	26	struct	WriteAccessSpecification
crates/bacnet-services/src/wpm.rs	35	struct	WritePropertyMultipleRequest
crates/bacnet-services/src/wpm.rs	40	method	WritePropertyMultipleRequest::encode
crates/bacnet-services/src/wpm.rs	51	method	WritePropertyMultipleRequest::decode
crates/bacnet-services/src/wpm/cursor.rs	102	method	WritePropertyMultipleCursor::offset
crates/bacnet-services/src/wpm/cursor.rs	107	method	WritePropertyMultipleCursor::next_event
crates/bacnet-services/src/wpm/cursor.rs	14	enum	WritePropertyMultipleDecodeStage
crates/bacnet-services/src/wpm/cursor.rs	35	struct	WritePropertyMultipleCursorError
crates/bacnet-services/src/wpm/cursor.rs	50	struct	WritePropertyAttempt
crates/bacnet-services/src/wpm/cursor.rs	61	enum	WritePropertyMultipleEvent
crates/bacnet-services/src/wpm/cursor.rs	79	struct	WritePropertyMultipleCursor
crates/bacnet-services/src/wpm/cursor.rs	90	method	WritePropertyMultipleCursor::new
crates/bacnet-services/src/wpm/error.rs	15	struct	WritePropertyMultipleError
crates/bacnet-services/src/wpm/error.rs	26	method	WritePropertyMultipleError::encode
crates/bacnet-services/src/wpm/error.rs	37	method	WritePropertyMultipleError::decode
crates/bacnet-services/src/wpm/error.rs	53	method	WritePropertyMultipleError::to_error_pdu
crates/bacnet-services/src/wpm/error.rs	66	method	WritePropertyMultipleError::from_error_pdu
crates/bacnet-services/src/write_group.rs	17	struct	GroupChannelValue
crates/bacnet-services/src/write_group.rs	37	struct	WriteGroupRequest
crates/bacnet-services/src/write_group.rs	45	method	WriteGroupRequest::encode
crates/bacnet-services/src/write_group.rs	73	method	WriteGroupRequest::decode
crates/bacnet-services/src/write_property.rs	53	struct	WritePropertyRequest
crates/bacnet-services/src/write_property.rs	62	method	WritePropertyRequest::encode
crates/bacnet-services/src/write_property.rs	76	method	WritePropertyRequest::decode
crates/bacnet-transport/src/any.rs	27	enum	AnyTransport
crates/bacnet-transport/src/bbmd.rs	118	struct	FdtEntryWire
crates/bacnet-transport/src/bbmd.rs	126	fn	encode_bdt_entries
crates/bacnet-transport/src/bbmd.rs	138	fn	decode_fdt
crates/bacnet-transport/src/bbmd.rs	15	use	policy
crates/bacnet-transport/src/bbmd.rs	169	struct	BbmdState
crates/bacnet-transport/src/bbmd.rs	18	const	BDT_ENTRY_SIZE
crates/bacnet-transport/src/bbmd.rs	186	method	BbmdState::new
crates/bacnet-transport/src/bbmd.rs	200	method	BbmdState::enable_foreign_device_registration
crates/bacnet-transport/src/bbmd.rs	205	method	BbmdState::set_foreign_device_policy
crates/bacnet-transport/src/bbmd.rs	21	const	FDT_ENTRY_SIZE
crates/bacnet-transport/src/bbmd.rs	210	method	BbmdState::foreign_device_policy
crates/bacnet-transport/src/bbmd.rs	215	method	BbmdState::fdt_counters
crates/bacnet-transport/src/bbmd.rs	224	const	MAX_BDT_ENTRIES
crates/bacnet-transport/src/bbmd.rs	235	method	BbmdState::set_bdt
crates/bacnet-transport/src/bbmd.rs	25	struct	BdtEntry
crates/bacnet-transport/src/bbmd.rs	284	method	BbmdState::bdt
crates/bacnet-transport/src/bbmd.rs	289	method	BbmdState::encode_bdt
crates/bacnet-transport/src/bbmd.rs	299	method	BbmdState::decode_bdt
crates/bacnet-transport/src/bbmd.rs	33	struct	FdtEntry
crates/bacnet-transport/src/bbmd.rs	337	const	MAX_FDT_ENTRIES
crates/bacnet-transport/src/bbmd.rs	340	method	BbmdState::register_foreign_device
crates/bacnet-transport/src/bbmd.rs	345	method	BbmdState::register_foreign_device_at
crates/bacnet-transport/src/bbmd.rs	433	method	BbmdState::delete_foreign_device
crates/bacnet-transport/src/bbmd.rs	444	method	BbmdState::purge_expired_at
crates/bacnet-transport/src/bbmd.rs	45	method	FdtEntry::is_expired_at
crates/bacnet-transport/src/bbmd.rs	453	method	BbmdState::purge_expired
crates/bacnet-transport/src/bbmd.rs	458	method	BbmdState::fdt
crates/bacnet-transport/src/bbmd.rs	464	method	BbmdState::encode_fdt
crates/bacnet-transport/src/bbmd.rs	480	method	BbmdState::is_bdt_peer
crates/bacnet-transport/src/bbmd.rs	485	method	BbmdState::forwarded_npdu_needs_local_broadcast
crates/bacnet-transport/src/bbmd.rs	493	method	BbmdState::is_registered_foreign_device
crates/bacnet-transport/src/bbmd.rs	504	method	BbmdState::is_management_allowed
crates/bacnet-transport/src/bbmd.rs	509	method	BbmdState::set_management_acl
crates/bacnet-transport/src/bbmd.rs	51	method	FdtEntry::is_expired
crates/bacnet-transport/src/bbmd.rs	514	method	BbmdState::backdate_foreign_device_for_test
crates/bacnet-transport/src/bbmd.rs	529	method	BbmdState::fdt_len_for_test
crates/bacnet-transport/src/bbmd.rs	541	method	BbmdState::forwarding_targets
crates/bacnet-transport/src/bbmd.rs	553	method	BbmdState::forwarding_targets_at
crates/bacnet-transport/src/bbmd.rs	56	method	FdtEntry::seconds_remaining_at
crates/bacnet-transport/src/bbmd.rs	615	method	BbmdState::fdt_forwarding_targets
crates/bacnet-transport/src/bbmd.rs	626	method	BbmdState::fdt_forwarding_targets_at
crates/bacnet-transport/src/bbmd.rs	63	method	FdtEntry::seconds_remaining
crates/bacnet-transport/src/bbmd/policy.rs	123	method	ForeignDeviceRateTracker::record
crates/bacnet-transport/src/bbmd/policy.rs	16	struct	ForeignDevicePolicy
crates/bacnet-transport/src/bbmd/policy.rs	61	struct	FdtCounters
crates/bacnet-transport/src/bbmd/policy.rs	78	struct	ForeignDeviceRateTracker
crates/bacnet-transport/src/bbmd/policy.rs	85	method	ForeignDeviceRateTracker::new
crates/bacnet-transport/src/bbmd/policy.rs	95	method	ForeignDeviceRateTracker::is_rate_exceeded
crates/bacnet-transport/src/bip/fanout.rs	100	struct	FanoutRateLimiter
crates/bacnet-transport/src/bip/fanout.rs	111	method	FanoutRateLimiter::new
crates/bacnet-transport/src/bip/fanout.rs	123	method	FanoutRateLimiter::set_policy
crates/bacnet-transport/src/bip/fanout.rs	146	method	FanoutRateLimiter::check_and_admit
crates/bacnet-transport/src/bip/fanout.rs	215	struct	FanoutJob
crates/bacnet-transport/src/bip/fanout.rs	222	struct	FanoutDispatcher
crates/bacnet-transport/src/bip/fanout.rs	229	method	FanoutDispatcher::new
crates/bacnet-transport/src/bip/fanout.rs	23	struct	FanoutPolicy
crates/bacnet-transport/src/bip/fanout.rs	242	method	FanoutDispatcher::dispatch
crates/bacnet-transport/src/bip/fanout.rs	302	method	FanoutDispatcher::dispatch_forwarded_npdu
crates/bacnet-transport/src/bip/fanout.rs	329	fn	run_fanout_worker
crates/bacnet-transport/src/bip/fanout.rs	38	method	FanoutPolicy::sanitized
crates/bacnet-transport/src/bip/fanout.rs	59	struct	FanoutCounters
crates/bacnet-transport/src/bip/fanout.rs	76	struct	AtomicFanoutCounters
crates/bacnet-transport/src/bip/fanout.rs	86	method	AtomicFanoutCounters::snapshot
crates/bacnet-transport/src/bip/io.rs	108	fn	handle_bvll_message
crates/bacnet-transport/src/bip/io.rs	20	fn	original_destination_matches
crates/bacnet-transport/src/bip/io.rs	55	fn	send_register_foreign_device
crates/bacnet-transport/src/bip/io.rs	701	fn	resolve_local_ip
crates/bacnet-transport/src/bip/io.rs	75	struct	RecvContext
crates/bacnet-transport/src/bip/mod.rs	109	struct	ForeignDeviceConfig
crates/bacnet-transport/src/bip/mod.rs	126	struct	BipTransport
crates/bacnet-transport/src/bip/mod.rs	167	method	BipTransport::new
crates/bacnet-transport/src/bip/mod.rs	18	use	crate
crates/bacnet-transport/src/bip/mod.rs	197	method	BipTransport::enable_bbmd
crates/bacnet-transport/src/bip/mod.rs	207	method	BipTransport::enable_foreign_device_registration
crates/bacnet-transport/src/bip/mod.rs	217	method	BipTransport::set_foreign_device_policy
crates/bacnet-transport/src/bip/mod.rs	225	method	BipTransport::set_bdt_persist_path
crates/bacnet-transport/src/bip/mod.rs	232	method	BipTransport::set_bbmd_management_acl
crates/bacnet-transport/src/bip/mod.rs	244	method	BipTransport::register_as_foreign_device
crates/bacnet-transport/src/bip/mod.rs	249	method	BipTransport::bbmd_state
crates/bacnet-transport/src/bip/mod.rs	254	method	BipTransport::management_counters
crates/bacnet-transport/src/bip/mod.rs	262	method	BipTransport::fdt_counters
crates/bacnet-transport/src/bip/mod.rs	272	method	BipTransport::fanout_counters
crates/bacnet-transport/src/bip/mod.rs	277	method	BipTransport::set_fanout_policy
crates/bacnet-transport/src/bip/mod.rs	28	use	fanout
crates/bacnet-transport/src/bip/mod.rs	33	use	rate_limit
crates/bacnet-transport/src/bip/mod.rs	37	const	DEFAULT_BACNET_PORT
crates/bacnet-transport/src/bip/mod.rs	385	method	BipTransport::read_bdt
crates/bacnet-transport/src/bip/mod.rs	40	enum	BvlcResponseKind
crates/bacnet-transport/src/bip/mod.rs	405	method	BipTransport::write_bdt
crates/bacnet-transport/src/bip/mod.rs	424	method	BipTransport::read_fdt
crates/bacnet-transport/src/bip/mod.rs	441	method	BipTransport::delete_fdt_entry
crates/bacnet-transport/src/bip/mod.rs	466	method	BipTransport::register_foreign_device_bvlc
crates/bacnet-transport/src/bip/mod.rs	47	method	BvlcResponseKind::accepts
crates/bacnet-transport/src/bip/mod.rs	62	struct	PendingBvlcResponse
crates/bacnet-transport/src/bip/mod.rs	69	method	PendingBvlcResponse::matches
crates/bacnet-transport/src/bip/mod.rs	74	fn	expect_bvlc_function
crates/bacnet-transport/src/bip/mod.rs	85	fn	decode_bvlc_result_code
crates/bacnet-transport/src/bip/rate_limit.rs	112	method	ManagementRateLimiter::check
crates/bacnet-transport/src/bip/rate_limit.rs	13	const	MANAGEMENT_RATE_WINDOW
crates/bacnet-transport/src/bip/rate_limit.rs	144	method	ManagementRateLimiter::check_now
crates/bacnet-transport/src/bip/rate_limit.rs	15	const	MANAGEMENT_RATE_PER_SOURCE_IP
crates/bacnet-transport/src/bip/rate_limit.rs	151	method	ManagementRateLimiter::check_response
crates/bacnet-transport/src/bip/rate_limit.rs	17	const	MANAGEMENT_RATE_GLOBAL
crates/bacnet-transport/src/bip/rate_limit.rs	19	const	MANAGEMENT_RATE_MAX_SOURCES
crates/bacnet-transport/src/bip/rate_limit.rs	190	method	ManagementRateLimiter::check_response_now
crates/bacnet-transport/src/bip/rate_limit.rs	195	method	ManagementRateLimiter::record_read_bdt_response
crates/bacnet-transport/src/bip/rate_limit.rs	201	method	ManagementRateLimiter::record_read_fdt_response
crates/bacnet-transport/src/bip/rate_limit.rs	207	method	ManagementRateLimiter::record_response_throttled
crates/bacnet-transport/src/bip/rate_limit.rs	21	const	MANAGEMENT_RESPONSE_BYTES_PER_SOURCE_IP
crates/bacnet-transport/src/bip/rate_limit.rs	212	method	ManagementRateLimiter::check_and_record_bdt_response
crates/bacnet-transport/src/bip/rate_limit.rs	223	method	ManagementRateLimiter::check_and_record_fdt_response
crates/bacnet-transport/src/bip/rate_limit.rs	23	const	MANAGEMENT_RESPONSE_BYTES_GLOBAL
crates/bacnet-transport/src/bip/rate_limit.rs	234	method	ManagementRateLimiter::counters
crates/bacnet-transport/src/bip/rate_limit.rs	239	method	ManagementRateLimiter::tracked_source_count
crates/bacnet-transport/src/bip/rate_limit.rs	244	method	ManagementRateLimiter::admitted_in_window
crates/bacnet-transport/src/bip/rate_limit.rs	249	method	ManagementRateLimiter::response_bytes_in_window
crates/bacnet-transport/src/bip/rate_limit.rs	27	struct	ManagementCounters
crates/bacnet-transport/src/bip/rate_limit.rs	53	fn	is_covered_management_request
crates/bacnet-transport/src/bip/rate_limit.rs	67	struct	ManagementRateLimiter
crates/bacnet-transport/src/bip/rate_limit.rs	77	method	ManagementRateLimiter::new
crates/bacnet-transport/src/bip6/frame.rs	11	fn	destination_vmac_matches
crates/bacnet-transport/src/bip6/frame.rs	140	fn	encode_bvlc6_original_unicast
crates/bacnet-transport/src/bip6/frame.rs	163	fn	encode_bvlc6_original_broadcast
crates/bacnet-transport/src/bip6/frame.rs	174	fn	encode_virtual_address_resolution
crates/bacnet-transport/src/bip6/frame.rs	190	fn	encode_virtual_address_resolution_ack
crates/bacnet-transport/src/bip6/frame.rs	206	fn	encode_address_resolution
crates/bacnet-transport/src/bip6/frame.rs	219	fn	encode_address_resolution_ack
crates/bacnet-transport/src/bip6/frame.rs	235	fn	decode_forwarded_npdu_payload
crates/bacnet-transport/src/bip6/frame.rs	27	fn	encode_bvlc6
crates/bacnet-transport/src/bip6/frame.rs	49	fn	decode_bvlc6
crates/bacnet-transport/src/bip6/ingress.rs	19	fn	forwarded_source_is_usable
crates/bacnet-transport/src/bip6/ingress.rs	31	fn	is_local_unicast_delivery
crates/bacnet-transport/src/bip6/ingress.rs	52	fn	original_destination_matches
crates/bacnet-transport/src/bip6/ingress.rs	97	fn	forwarded_npdu_is_trusted
crates/bacnet-transport/src/bip6/mod.rs	108	use	frame
crates/bacnet-transport/src/bip6/mod.rs	112	use	port
crates/bacnet-transport/src/bip6/mod.rs	117	use	vmac_table
crates/bacnet-transport/src/bip6/mod.rs	12	type	Bip6Vmac
crates/bacnet-transport/src/bip6/mod.rs	15	const	BVLC6_HEADER_LENGTH
crates/bacnet-transport/src/bip6/mod.rs	18	const	BVLC6_UNICAST_HEADER_LENGTH
crates/bacnet-transport/src/bip6/mod.rs	21	const	MAX_VMAC_RETRIES
crates/bacnet-transport/src/bip6/mod.rs	25	enum	Bvlc6Function
crates/bacnet-transport/src/bip6/mod.rs	56	method	Bvlc6Function::from_byte
crates/bacnet-transport/src/bip6/mod.rs	75	method	Bvlc6Function::to_byte
crates/bacnet-transport/src/bip6/mod.rs	9	const	BVLC6_TYPE
crates/bacnet-transport/src/bip6/mod.rs	96	struct	Bvlc6Frame
crates/bacnet-transport/src/bip6/port.rs	105	enum	Bip6BroadcastScope
crates/bacnet-transport/src/bip6/port.rs	132	method	Bip6Transport::new
crates/bacnet-transport/src/bip6/port.rs	149	method	Bip6Transport::set_broadcast_scope
crates/bacnet-transport/src/bip6/port.rs	159	method	Bip6Transport::register_as_foreign_device
crates/bacnet-transport/src/bip6/port.rs	31	const	BACNET_IPV6_MULTICAST_LINK_LOCAL
crates/bacnet-transport/src/bip6/port.rs	35	const	BACNET_IPV6_MULTICAST_SITE_LOCAL
crates/bacnet-transport/src/bip6/port.rs	39	const	BACNET_IPV6_MULTICAST_ORG_LOCAL
crates/bacnet-transport/src/bip6/port.rs	43	const	BACNET_IPV6_MULTICAST
crates/bacnet-transport/src/bip6/port.rs	46	const	DEFAULT_BACNET6_PORT
crates/bacnet-transport/src/bip6/port.rs	51	fn	encode_bip6_mac
crates/bacnet-transport/src/bip6/port.rs	59	fn	decode_bip6_mac
crates/bacnet-transport/src/bip6/port.rs	74	struct	Bip6Transport
crates/bacnet-transport/src/bip6/port.rs	94	struct	Bip6ForeignDeviceConfig
crates/bacnet-transport/src/bip6/vmac_table.rs	102	method	VmacTable::len
crates/bacnet-transport/src/bip6/vmac_table.rs	12	const	MAX_VMAC_TABLE_ENTRIES
crates/bacnet-transport/src/bip6/vmac_table.rs	14	fn	derive_vmac_from_device_instance
crates/bacnet-transport/src/bip6/vmac_table.rs	21	fn	generate_random_vmac
crates/bacnet-transport/src/bip6/vmac_table.rs	33	struct	VmacTable
crates/bacnet-transport/src/bip6/vmac_table.rs	43	method	VmacTable::new
crates/bacnet-transport/src/bip6/vmac_table.rs	50	method	VmacTable::learn
crates/bacnet-transport/src/bip6/vmac_table.rs	75	method	VmacTable::lookup
crates/bacnet-transport/src/bip6/vmac_table.rs	83	method	VmacTable::resolve_by_addr
crates/bacnet-transport/src/bvll.rs	144	fn	encode_bip_mac
crates/bacnet-transport/src/bvll.rs	150	fn	decode_bip_mac
crates/bacnet-transport/src/bvll.rs	18	const	BVLC_TYPE_BACNET_IP
crates/bacnet-transport/src/bvll.rs	21	const	BVLL_HEADER_LENGTH
crates/bacnet-transport/src/bvll.rs	24	const	FORWARDED_ADDR_LENGTH
crates/bacnet-transport/src/bvll.rs	28	struct	BvllMessage
crates/bacnet-transport/src/bvll.rs	45	fn	encode_bvll
crates/bacnet-transport/src/bvll.rs	65	fn	encode_bvll_forwarded
crates/bacnet-transport/src/bvll.rs	88	fn	decode_bvll
crates/bacnet-transport/src/ethernet/mod.rs	116	fn	build_xid_response
crates/bacnet-transport/src/ethernet/mod.rs	14	const	BACNET_LLC_DSAP
crates/bacnet-transport/src/ethernet/mod.rs	140	fn	build_test_response
crates/bacnet-transport/src/ethernet/mod.rs	162	fn	decode_ethernet_frame
crates/bacnet-transport/src/ethernet/mod.rs	17	const	BACNET_LLC_SSAP
crates/bacnet-transport/src/ethernet/mod.rs	20	const	LLC_CONTROL_UI
crates/bacnet-transport/src/ethernet/mod.rs	22	const	LLC_CONTROL_XID_CMD
crates/bacnet-transport/src/ethernet/mod.rs	24	const	LLC_CONTROL_XID_RSP
crates/bacnet-transport/src/ethernet/mod.rs	248	const	MAX_ETHERNET_NPDU
crates/bacnet-transport/src/ethernet/mod.rs	253	struct	EthernetTransport
crates/bacnet-transport/src/ethernet/mod.rs	26	const	LLC_CONTROL_TEST_CMD
crates/bacnet-transport/src/ethernet/mod.rs	264	method	EthernetTransport::new
crates/bacnet-transport/src/ethernet/mod.rs	28	const	LLC_CONTROL_TEST_RSP
crates/bacnet-transport/src/ethernet/mod.rs	31	const	LLC_HEADER_LEN
crates/bacnet-transport/src/ethernet/mod.rs	34	const	MIN_FRAME_LEN
crates/bacnet-transport/src/ethernet/mod.rs	37	const	MAX_LLC_LENGTH
crates/bacnet-transport/src/ethernet/mod.rs	41	const	MIN_ETHERNET_PAYLOAD
crates/bacnet-transport/src/ethernet/mod.rs	44	const	ETHERNET_BROADCAST
crates/bacnet-transport/src/ethernet/mod.rs	53	struct	EthernetFrame
crates/bacnet-transport/src/ethernet/mod.rs	71	fn	encode_ethernet_frame
crates/bacnet-transport/src/ethernet/mod.rs	824	use	transport
crates/bacnet-transport/src/ethernet/mod.rs	98	fn	check_llc_control
crates/bacnet-transport/src/lib.rs	13	mod	any
crates/bacnet-transport/src/lib.rs	14	mod	bbmd
crates/bacnet-transport/src/lib.rs	15	mod	bip
crates/bacnet-transport/src/lib.rs	17	mod	bip6
crates/bacnet-transport/src/lib.rs	18	mod	bvll
crates/bacnet-transport/src/lib.rs	20	mod	ethernet
crates/bacnet-transport/src/lib.rs	22	mod	loopback
crates/bacnet-transport/src/lib.rs	23	mod	mstp
crates/bacnet-transport/src/lib.rs	24	mod	mstp_frame
crates/bacnet-transport/src/lib.rs	26	mod	mstp_serial
crates/bacnet-transport/src/lib.rs	27	mod	port
crates/bacnet-transport/src/lib.rs	28	mod	sc
crates/bacnet-transport/src/lib.rs	29	mod	sc_frame
crates/bacnet-transport/src/lib.rs	31	mod	sc_hub
crates/bacnet-transport/src/lib.rs	34	mod	sc_tls
crates/bacnet-transport/src/local_addresses.rs	116	fn	ipv6_interface_index
crates/bacnet-transport/src/local_addresses.rs	175	fn	ipv6_interface_index
crates/bacnet-transport/src/local_addresses.rs	90	fn	ipv4
crates/bacnet-transport/src/local_addresses.rs	94	fn	ipv6
crates/bacnet-transport/src/loopback.rs	17	struct	LoopbackTransport
crates/bacnet-transport/src/loopback.rs	31	method	LoopbackTransport::pair
crates/bacnet-transport/src/mstp/mod.rs	106	struct	MstpConfig
crates/bacnet-transport/src/mstp/mod.rs	129	struct	MasterNode
crates/bacnet-transport/src/mstp/mod.rs	166	method	MasterNode::new
crates/bacnet-transport/src/mstp/mod.rs	202	method	MasterNode::handle_received_frame
crates/bacnet-transport/src/mstp/mod.rs	29	trait	SerialPort
crates/bacnet-transport/src/mstp/mod.rs	337	method	MasterNode::finish_data_request
crates/bacnet-transport/src/mstp/mod.rs	380	method	MasterNode::use_token
crates/bacnet-transport/src/mstp/mod.rs	428	method	MasterNode::done_with_token
crates/bacnet-transport/src/mstp/mod.rs	504	method	MasterNode::pass_token
crates/bacnet-transport/src/mstp/mod.rs	524	method	MasterNode::pass_token_timeout
crates/bacnet-transport/src/mstp/mod.rs	568	method	MasterNode::poll_timeout
crates/bacnet-transport/src/mstp/mod.rs	611	method	MasterNode::queue_npdu
crates/bacnet-transport/src/mstp/mod.rs	653	use	port
crates/bacnet-transport/src/mstp/mod.rs	66	const	MSTP_MAX_FRAME_BUF
crates/bacnet-transport/src/mstp/mod.rs	85	enum	MasterState
crates/bacnet-transport/src/mstp/port.rs	102	method	MstpTransport::new
crates/bacnet-transport/src/mstp/port.rs	114	method	MstpTransport::node_state
crates/bacnet-transport/src/mstp/port.rs	568	struct	LoopbackSerial
crates/bacnet-transport/src/mstp/port.rs	577	method	LoopbackSerial::pair
crates/bacnet-transport/src/mstp/port.rs	639	struct	NoSerial
crates/bacnet-transport/src/mstp/port.rs	93	struct	MstpTransport
crates/bacnet-transport/src/mstp_frame.rs	113	struct	MstpFrame
crates/bacnet-transport/src/mstp_frame.rs	148	const	HEADER_CRC_RESIDUAL
crates/bacnet-transport/src/mstp_frame.rs	151	fn	crc8
crates/bacnet-transport/src/mstp_frame.rs	16	const	PREAMBLE
crates/bacnet-transport/src/mstp_frame.rs	160	fn	crc8_accumulate_all
crates/bacnet-transport/src/mstp_frame.rs	170	fn	crc8_valid
crates/bacnet-transport/src/mstp_frame.rs	19	const	HEADER_LENGTH
crates/bacnet-transport/src/mstp_frame.rs	205	const	DATA_CRC_RESIDUAL
crates/bacnet-transport/src/mstp_frame.rs	208	fn	crc16
crates/bacnet-transport/src/mstp_frame.rs	217	fn	crc16_accumulate_all
crates/bacnet-transport/src/mstp_frame.rs	22	const	MAX_STANDARD_MPDU_DATA
crates/bacnet-transport/src/mstp_frame.rs	227	fn	crc16_valid
crates/bacnet-transport/src/mstp_frame.rs	243	fn	encode_frame
crates/bacnet-transport/src/mstp_frame.rs	28	const	MAX_MPDU_DATA
crates/bacnet-transport/src/mstp_frame.rs	295	enum	StreamDecode
crates/bacnet-transport/src/mstp_frame.rs	308	fn	decode_frame_stream
crates/bacnet-transport/src/mstp_frame.rs	33	const	MAX_STANDARD_FRAME_LENGTH
crates/bacnet-transport/src/mstp_frame.rs	37	const	BROADCAST_MAC
crates/bacnet-transport/src/mstp_frame.rs	390	fn	retain_lone_preamble_byte
crates/bacnet-transport/src/mstp_frame.rs	40	const	MAX_MASTER
crates/bacnet-transport/src/mstp_frame.rs	403	fn	decode_frame
crates/bacnet-transport/src/mstp_frame.rs	45	enum	FrameType
crates/bacnet-transport/src/mstp_frame.rs	508	fn	find_preamble
crates/bacnet-transport/src/mstp_frame.rs	67	method	FrameType::from_raw
crates/bacnet-transport/src/mstp_frame.rs	81	method	FrameType::to_raw
crates/bacnet-transport/src/mstp_frame.rs	96	method	FrameType::has_data
crates/bacnet-transport/src/mstp_serial.rs	182	struct	GpioDirectionPort
crates/bacnet-transport/src/mstp_serial.rs	202	method	GpioDirectionPort::new
crates/bacnet-transport/src/mstp_serial.rs	215	method	GpioDirectionPort::with_post_tx_delay
crates/bacnet-transport/src/mstp_serial.rs	31	struct	SerialConfig
crates/bacnet-transport/src/mstp_serial.rs	53	struct	TokioSerialPort
crates/bacnet-transport/src/mstp_serial.rs	59	method	TokioSerialPort::open
crates/bacnet-transport/src/mstp_serial.rs	93	method	TokioSerialPort::enable_kernel_rs485
crates/bacnet-transport/src/mstp_serial/kernel_rs485.rs	10	struct	SerialRs485
crates/bacnet-transport/src/mstp_serial/kernel_rs485.rs	18	enum	Request
crates/bacnet-transport/src/mstp_serial/kernel_rs485.rs	23	fn	configure
crates/bacnet-transport/src/port.rs	19	struct	DataAttribute
crates/bacnet-transport/src/port.rs	29	struct	ReceivedNpdu
crates/bacnet-transport/src/port.rs	76	trait	TransportPort
crates/bacnet-transport/src/sc/connect_result.rs	19	method	ScConnection::handle_connect_result
crates/bacnet-transport/src/sc/connect_result.rs	9	method	ScConnection::abort_connect
crates/bacnet-transport/src/sc/connection.rs	116	method	ScConnection::handle_connect_accept
crates/bacnet-transport/src/sc/connection.rs	151	method	ScConnection::build_disconnect_request
crates/bacnet-transport/src/sc/connection.rs	16	enum	ScConnectionState
crates/bacnet-transport/src/sc/connection.rs	175	method	ScConnection::build_heartbeat
crates/bacnet-transport/src/sc/connection.rs	188	method	ScConnection::build_heartbeat_ack
crates/bacnet-transport/src/sc/connection.rs	201	method	ScConnection::build_encapsulated_npdu
crates/bacnet-transport/src/sc/connection.rs	207	method	ScConnection::build_encapsulated_npdu_with_data_attributes
crates/bacnet-transport/src/sc/connection.rs	227	method	ScConnection::handle_received
crates/bacnet-transport/src/sc/connection.rs	29	struct	ScConnection
crates/bacnet-transport/src/sc/connection.rs	55	method	ScConnection::new
crates/bacnet-transport/src/sc/connection.rs	73	method	ScConnection::connect_probe
crates/bacnet-transport/src/sc/connection.rs	80	method	ScConnection::absorb_failed_probe
crates/bacnet-transport/src/sc/connection.rs	88	method	ScConnection::next_id
crates/bacnet-transport/src/sc/connection.rs	95	method	ScConnection::build_connect_request
crates/bacnet-transport/src/sc/connector.rs	15	type	WebSocketConnector
crates/bacnet-transport/src/sc/connector.rs	25	method	ScTransport::with_connector
crates/bacnet-transport/src/sc/connector.rs	39	method	ScTransport::with_failover_connector
crates/bacnet-transport/src/sc/connector.rs	49	fn	dial_reconnect_ws
crates/bacnet-transport/src/sc/connector.rs	66	fn	dial_failover_ws
crates/bacnet-transport/src/sc/connector.rs	83	fn	dial_connector
crates/bacnet-transport/src/sc/control_admission.rs	6	fn	reject_invalid_control
crates/bacnet-transport/src/sc/data_attribute_tests.rs	51	fn	start_transport
crates/bacnet-transport/src/sc/data_attribute_tests.rs	9	fn	hub_accept
crates/bacnet-transport/src/sc/data_attributes.rs	105	fn	to_data_options
crates/bacnet-transport/src/sc/data_attributes.rs	14	fn	from_data_options
crates/bacnet-transport/src/sc/data_attributes.rs	25	fn	unsupported_must_understand_destination_option
crates/bacnet-transport/src/sc/data_attributes.rs	35	fn	reject_unsupported_must_understand_destination_option
crates/bacnet-transport/src/sc/data_attributes.rs	76	fn	build_bvlc_result_nak
crates/bacnet-transport/src/sc/errors.rs	13	enum	ScWebSocketErrorKind
crates/bacnet-transport/src/sc/errors.rs	143	method	ScConnectError::into_bacnet_error
crates/bacnet-transport/src/sc/errors.rs	148	method	ScConnectError::into_bacnet_error_with_io_kind
crates/bacnet-transport/src/sc/errors.rs	163	method	ScConnectError::from_error
crates/bacnet-transport/src/sc/errors.rs	171	method	ScConnectError::from_io_error
crates/bacnet-transport/src/sc/errors.rs	99	enum	ScConnectError
crates/bacnet-transport/src/sc/failover.rs	20	enum	ActiveHub
crates/bacnet-transport/src/sc/failover.rs	25	fn	attempt_primary_restore
crates/bacnet-transport/src/sc/handshake.rs	39	fn	perform_handshake
crates/bacnet-transport/src/sc/heartbeat.rs	13	fn	ack_matches_outstanding
crates/bacnet-transport/src/sc/heartbeat.rs	22	fn	validate_heartbeat_timing_ms
crates/bacnet-transport/src/sc/heartbeat.rs	5	const	DEFAULT_HEARTBEAT_INTERVAL_MS
crates/bacnet-transport/src/sc/heartbeat.rs	6	const	DEFAULT_HEARTBEAT_TIMEOUT_MS
crates/bacnet-transport/src/sc/heartbeat.rs	8	fn	is_bvlc_result_wire
crates/bacnet-transport/src/sc/heartbeat_validation_tests.rs	21	fn	start_timed
crates/bacnet-transport/src/sc/identity_tests.rs	222	fn	assert_request_uuid
crates/bacnet-transport/src/sc/loopback.rs	14	method	LoopbackWebSocket::pair
crates/bacnet-transport/src/sc/loopback.rs	7	struct	LoopbackWebSocket
crates/bacnet-transport/src/sc/mod.rs	111	method	ScTransport::new
crates/bacnet-transport/src/sc/mod.rs	150	method	ScTransport::with_device_uuid
crates/bacnet-transport/src/sc/mod.rs	156	method	ScTransport::with_connect_timeout_ms
crates/bacnet-transport/src/sc/mod.rs	165	method	ScTransport::with_heartbeat_interval_ms
crates/bacnet-transport/src/sc/mod.rs	174	method	ScTransport::with_heartbeat_timeout_ms
crates/bacnet-transport/src/sc/mod.rs	188	method	ScTransport::with_failover
crates/bacnet-transport/src/sc/mod.rs	209	method	ScTransport::with_reconnect
crates/bacnet-transport/src/sc/mod.rs	218	method	ScTransport::connection
crates/bacnet-transport/src/sc/mod.rs	228	method	ScTransport::connection_state_changes
crates/bacnet-transport/src/sc/mod.rs	41	use	connection
crates/bacnet-transport/src/sc/mod.rs	43	use	errors
crates/bacnet-transport/src/sc/mod.rs	46	use	loopback
crates/bacnet-transport/src/sc/mod.rs	47	use	random48
crates/bacnet-transport/src/sc/mod.rs	49	use	random48
crates/bacnet-transport/src/sc/mod.rs	50	use	reconnect
crates/bacnet-transport/src/sc/mod.rs	64	trait	WebSocketPort
crates/bacnet-transport/src/sc/mod.rs	85	struct	ScTransport
crates/bacnet-transport/src/sc/random48.rs	11	fn	generate_random48_vmac
crates/bacnet-transport/src/sc/random48.rs	37	struct	TestRandom48VmacGeneratorGuard
crates/bacnet-transport/src/sc/random48.rs	49	fn	set_test_random48_vmac_generator
crates/bacnet-transport/src/sc/reconnect.rs	33	method	ScReconnectConfig::validate
crates/bacnet-transport/src/sc/reconnect.rs	5	struct	ScReconnectConfig
crates/bacnet-transport/src/sc/reconnect.rs	56	method	super::ScConnection::reset_for_connect_retry
crates/bacnet-transport/src/sc/recovery.rs	40	struct	Recovery
crates/bacnet-transport/src/sc/recovery.rs	53	method	Recovery::reconnect
crates/bacnet-transport/src/sc/recovery.rs	6	fn	retire
crates/bacnet-transport/src/sc/rejection.rs	14	struct	RejectionExpired
crates/bacnet-transport/src/sc/rejection.rs	17	struct	RejectionBudget
crates/bacnet-transport/src/sc/rejection.rs	23	method	RejectionBudget::new
crates/bacnet-transport/src/sc/rejection.rs	39	method	RejectionBudget::send
crates/bacnet-transport/src/sc/rejection.rs	71	fn	reject
crates/bacnet-transport/src/sc/send.rs	11	method	ScTransport::send_unicast_inner
crates/bacnet-transport/src/sc/source_admission.rs	12	fn	hub_source
crates/bacnet-transport/src/sc/source_admission.rs	17	fn	reject_invalid_npdu_source
crates/bacnet-transport/src/sc/tests.rs	5	mod	identity_tests
crates/bacnet-transport/src/sc_frame.rs	111	struct	ScControl
crates/bacnet-transport/src/sc_frame.rs	127	method	ScControl::to_byte
crates/bacnet-transport/src/sc_frame.rs	145	method	ScControl::has_valid_reserved_bits
crates/bacnet-transport/src/sc_frame.rs	150	method	ScControl::from_byte
crates/bacnet-transport/src/sc_frame.rs	161	type	Vmac
crates/bacnet-transport/src/sc_frame.rs	164	const	BROADCAST_VMAC
crates/bacnet-transport/src/sc_frame.rs	167	const	UNKNOWN_VMAC
crates/bacnet-transport/src/sc_frame.rs	170	fn	is_broadcast_vmac
crates/bacnet-transport/src/sc_frame.rs	178	fn	is_valid_random48_vmac
crates/bacnet-transport/src/sc_frame.rs	184	struct	ScOption
crates/bacnet-transport/src/sc_frame.rs	19	use	connect
crates/bacnet-transport/src/sc_frame.rs	199	struct	ScMessage
crates/bacnet-transport/src/sc_frame.rs	21	use	connect
crates/bacnet-transport/src/sc_frame.rs	216	fn	encode_sc_message
crates/bacnet-transport/src/sc_frame.rs	22	use	control
crates/bacnet-transport/src/sc_frame.rs	25	mod	heartbeat_test_support
crates/bacnet-transport/src/sc_frame.rs	28	mod	connect_test_support
crates/bacnet-transport/src/sc_frame.rs	280	fn	decode_sc_message
crates/bacnet-transport/src/sc_frame.rs	30	use	result
crates/bacnet-transport/src/sc_frame.rs	33	const	BACNET_SC_HUB_SUBPROTOCOL
crates/bacnet-transport/src/sc_frame.rs	38	enum	ScFunction
crates/bacnet-transport/src/sc_frame.rs	398	fn	first_must_understand_destination_option_marker
crates/bacnet-transport/src/sc_frame.rs	70	method	ScFunction::from_raw
crates/bacnet-transport/src/sc_frame.rs	89	method	ScFunction::to_raw
crates/bacnet-transport/src/sc_frame/connect.rs	49	fn	validate_connect_request
crates/bacnet-transport/src/sc_frame/connect.rs	6	fn	connect_message_error
crates/bacnet-transport/src/sc_frame/connect_test_support.rs	12	struct	InvalidConnect
crates/bacnet-transport/src/sc_frame/connect_test_support.rs	142	fn	zero_uuid_requests
crates/bacnet-transport/src/sc_frame/connect_test_support.rs	175	fn	valid_connect_with_options
crates/bacnet-transport/src/sc_frame/connect_test_support.rs	183	fn	zero_limits_requests
crates/bacnet-transport/src/sc_frame/connect_test_support.rs	3	fn	valid_connect
crates/bacnet-transport/src/sc_frame/connect_test_support.rs	42	fn	invalid_connects
crates/bacnet-transport/src/sc_frame/control.rs	11	enum	ControlRecipient
crates/bacnet-transport/src/sc_frame/control.rs	18	fn	control_envelope_error
crates/bacnet-transport/src/sc_frame/control.rs	48	fn	validate_control
crates/bacnet-transport/src/sc_frame/heartbeat_test_support.rs	126	fn	invalid_disconnects
crates/bacnet-transport/src/sc_frame/heartbeat_test_support.rs	3	struct	InvalidControl
crates/bacnet-transport/src/sc_frame/heartbeat_test_support.rs	40	fn	invalid_heartbeats
crates/bacnet-transport/src/sc_frame/result.rs	29	fn	decode_sc_bvlc_result
crates/bacnet-transport/src/sc_frame/result.rs	7	enum	ScBvlcResult
crates/bacnet-transport/src/sc_hub.rs	110	struct	ScHub
crates/bacnet-transport/src/sc_hub.rs	128	method	ScHub::start_with_tls_config
crates/bacnet-transport/src/sc_hub.rs	156	method	ScHub::start
crates/bacnet-transport/src/sc_hub.rs	174	method	ScHub::start_with_uuid
crates/bacnet-transport/src/sc_hub.rs	217	method	ScHub::start_with_uuid_and_timeouts
crates/bacnet-transport/src/sc_hub.rs	271	method	ScHub::local_addr
crates/bacnet-transport/src/sc_hub.rs	276	method	ScHub::hub_vmac
crates/bacnet-transport/src/sc_hub.rs	285	method	ScHub::stop
crates/bacnet-transport/src/sc_hub.rs	41	use	timeouts
crates/bacnet-transport/src/sc_hub.rs	42	use	tls_config
crates/bacnet-transport/src/sc_hub/client.rs	10	struct	HubClient
crates/bacnet-transport/src/sc_hub/client.rs	22	method	HubClient::new
crates/bacnet-transport/src/sc_hub/connection.rs	102	struct	Admission
crates/bacnet-transport/src/sc_hub/connection.rs	108	method	Admission::new
crates/bacnet-transport/src/sc_hub/connection.rs	126	fn	serve_connection
crates/bacnet-transport/src/sc_hub/connection.rs	23	fn	accept_loop_with_counter
crates/bacnet-transport/src/sc_hub/deadline_capacity_tests.rs	66	struct	CountedHub
crates/bacnet-transport/src/sc_hub/deadline_capacity_tests.rs	74	method	CountedHub::start
crates/bacnet-transport/src/sc_hub/deadline_test_support.rs	10	fn	poll_io
crates/bacnet-transport/src/sc_hub/deadline_test_support.rs	121	method	TestTls::websocket
crates/bacnet-transport/src/sc_hub/deadline_test_support.rs	139	method	TestTls::connect_tls
crates/bacnet-transport/src/sc_hub/deadline_test_support.rs	152	method	TestTls::new
crates/bacnet-transport/src/sc_hub/deadline_test_support.rs	25	fn	until
crates/bacnet-transport/src/sc_hub/deadline_test_support.rs	34	fn	request
crates/bacnet-transport/src/sc_hub/deadline_test_support.rs	40	struct	DeadlinePeer
crates/bacnet-transport/src/sc_hub/deadline_test_support.rs	49	method	DeadlinePeer::new
crates/bacnet-transport/src/sc_hub/deadline_test_support.rs	6	type	ClientWs
crates/bacnet-transport/src/sc_hub/deadline_test_support.rs	78	method	DeadlinePeer::next
crates/bacnet-transport/src/sc_hub/deadline_test_support.rs	89	struct	TestTls
crates/bacnet-transport/src/sc_hub/deadline_test_support.rs	97	method	TestTls::pair
crates/bacnet-transport/src/sc_hub/deadlines.rs	126	fn	before
crates/bacnet-transport/src/sc_hub/deadlines.rs	20	method	ConnectDeadline::new
crates/bacnet-transport/src/sc_hub/deadlines.rs	35	method	ConnectDeadline::is_committed
crates/bacnet-transport/src/sc_hub/deadlines.rs	40	method	ConnectDeadline::expires
crates/bacnet-transport/src/sc_hub/deadlines.rs	45	method	ConnectDeadline::commit
crates/bacnet-transport/src/sc_hub/deadlines.rs	54	method	ConnectDeadline::expired
crates/bacnet-transport/src/sc_hub/deadlines.rs	67	fn	serve
crates/bacnet-transport/src/sc_hub/deadlines.rs	7	struct	ConnectDeadline
crates/bacnet-transport/src/sc_hub/handler.rs	5	fn	run
crates/bacnet-transport/src/sc_hub/heartbeat.rs	115	fn	reserve
crates/bacnet-transport/src/sc_hub/heartbeat.rs	154	fn	send_request
crates/bacnet-transport/src/sc_hub/heartbeat.rs	205	enum	Retirement
crates/bacnet-transport/src/sc_hub/heartbeat.rs	211	fn	retire
crates/bacnet-transport/src/sc_hub/heartbeat.rs	256	struct	HubHeartbeat
crates/bacnet-transport/src/sc_hub/heartbeat.rs	262	struct	PendingHeartbeat
crates/bacnet-transport/src/sc_hub/heartbeat.rs	268	enum	HubHeartbeatSweepDecision
crates/bacnet-transport/src/sc_hub/heartbeat.rs	274	fn	hub_heartbeat_sweep_decision
crates/bacnet-transport/src/sc_hub/heartbeat.rs	29	trait	HeartbeatIo
crates/bacnet-transport/src/sc_hub/heartbeat.rs	296	fn	heartbeat_ack_matches_pending
crates/bacnet-transport/src/sc_hub/heartbeat.rs	303	fn	clear_matching_heartbeat_ack
crates/bacnet-transport/src/sc_hub/heartbeat.rs	38	struct	SocketIo
crates/bacnet-transport/src/sc_hub/heartbeat.rs	50	fn	sweep
crates/bacnet-transport/src/sc_hub/heartbeat.rs	66	struct	Attempt
crates/bacnet-transport/src/sc_hub/heartbeat.rs	78	fn	snapshot
crates/bacnet-transport/src/sc_hub/heartbeat_test_support.rs	104	method	LiveClient::connect
crates/bacnet-transport/src/sc_hub/heartbeat_test_support.rs	117	method	LiveClient::send
crates/bacnet-transport/src/sc_hub/heartbeat_test_support.rs	126	method	LiveClient::recv
crates/bacnet-transport/src/sc_hub/heartbeat_test_support.rs	138	method	LiveClient::ack
crates/bacnet-transport/src/sc_hub/heartbeat_test_support.rs	145	method	LiveClient::idle
crates/bacnet-transport/src/sc_hub/heartbeat_test_support.rs	155	method	LiveClient::sink
crates/bacnet-transport/src/sc_hub/heartbeat_test_support.rs	165	method	LiveClient::expect_closed
crates/bacnet-transport/src/sc_hub/heartbeat_test_support.rs	176	fn	clients
crates/bacnet-transport/src/sc_hub/heartbeat_test_support.rs	180	fn	frame
crates/bacnet-transport/src/sc_hub/heartbeat_test_support.rs	192	struct	ClockIo
crates/bacnet-transport/src/sc_hub/heartbeat_test_support.rs	203	struct	GatedIo
crates/bacnet-transport/src/sc_hub/heartbeat_test_support.rs	211	method	GatedIo::new
crates/bacnet-transport/src/sc_hub/heartbeat_test_support.rs	25	method	LiveClient::open
crates/bacnet-transport/src/sc_hub/heartbeat_test_support.rs	9	struct	LiveClient
crates/bacnet-transport/src/sc_hub/helpers.rs	100	fn	registered_client_matches_sink
crates/bacnet-transport/src/sc_hub/helpers.rs	109	fn	registered_client_matches_sink_in_map
crates/bacnet-transport/src/sc_hub/helpers.rs	118	fn	relay_limit_decision
crates/bacnet-transport/src/sc_hub/helpers.rs	134	fn	build_bvlc_result_nak
crates/bacnet-transport/src/sc_hub/helpers.rs	162	fn	now_secs
crates/bacnet-transport/src/sc_hub/helpers.rs	17	fn	offers_websocket_subprotocol
crates/bacnet-transport/src/sc_hub/helpers.rs	29	fn	websocket_subprotocol_error_response
crates/bacnet-transport/src/sc_hub/helpers.rs	39	fn	unexpected_bvlc_function_error_code
crates/bacnet-transport/src/sc_hub/helpers.rs	46	fn	connect_request_vmac_disposition
crates/bacnet-transport/src/sc_hub/helpers.rs	62	fn	hub_client_registration_decision
crates/bacnet-transport/src/sc_hub/relay.rs	112	fn	relay_result
crates/bacnet-transport/src/sc_hub/relay.rs	18	enum	HubRelayTarget
crates/bacnet-transport/src/sc_hub/relay.rs	24	enum	HubRelayReject
crates/bacnet-transport/src/sc_hub/relay.rs	30	enum	ResultRelayDisposition
crates/bacnet-transport/src/sc_hub/relay.rs	35	fn	hub_relay_target
crates/bacnet-transport/src/sc_hub/relay.rs	49	fn	build_hub_relay_message
crates/bacnet-transport/src/sc_hub/relay.rs	63	fn	encode_hub_relay_frame
crates/bacnet-transport/src/sc_hub/relay.rs	95	fn	hub_relay_recipient_vmacs
crates/bacnet-transport/src/sc_hub/relay_send.rs	10	method	HubRelaySink::capture
crates/bacnet-transport/src/sc_hub/relay_send.rs	22	fn	terminal
crates/bacnet-transport/src/sc_hub/relay_send.rs	31	trait	RelayIo
crates/bacnet-transport/src/sc_hub/relay_send.rs	39	struct	SocketIo
crates/bacnet-transport/src/sc_hub/relay_send.rs	46	fn	send
crates/bacnet-transport/src/sc_hub/response_silence_tests.rs	136	struct	Snapshot
crates/bacnet-transport/src/sc_hub/response_silence_tests.rs	148	method	Snapshot::capture
crates/bacnet-transport/src/sc_hub/response_silence_tests.rs	161	method	Snapshot::unchanged
crates/bacnet-transport/src/sc_hub/response_silence_tests.rs	9	fn	response
crates/bacnet-transport/src/sc_hub/retirement.rs	12	method	Lease::new
crates/bacnet-transport/src/sc_hub/retirement.rs	20	method	Lease::cleanup
crates/bacnet-transport/src/sc_hub/retirement.rs	44	fn	wake
crates/bacnet-transport/src/sc_hub/retirement.rs	5	struct	Lease
crates/bacnet-transport/src/sc_hub/retirement.rs	51	fn	wait
crates/bacnet-transport/src/sc_hub/retirement_tests.rs	139	fn	encode
crates/bacnet-transport/src/sc_hub/retirement_tests.rs	145	fn	heartbeat_wire
crates/bacnet-transport/src/sc_hub/retirement_tests.rs	43	fn	unicast_wire
crates/bacnet-transport/src/sc_hub/shutdown_blocked_tests.rs	16	method	ControlledPeer::open
crates/bacnet-transport/src/sc_hub/shutdown_blocked_tests.rs	40	method	ControlledPeer::connect
crates/bacnet-transport/src/sc_hub/shutdown_blocked_tests.rs	9	struct	ControlledPeer
crates/bacnet-transport/src/sc_hub/tasks.rs	11	struct	Tasks
crates/bacnet-transport/src/sc_hub/tasks.rs	113	struct	AbortOnExit
crates/bacnet-transport/src/sc_hub/tasks.rs	23	struct	Spawner
crates/bacnet-transport/src/sc_hub/tasks.rs	26	method	Tasks::new
crates/bacnet-transport/src/sc_hub/tasks.rs	37	method	Tasks::abort_on_exit
crates/bacnet-transport/src/sc_hub/tasks.rs	41	method	Tasks::spawner
crates/bacnet-transport/src/sc_hub/tasks.rs	45	method	Tasks::subscribe
crates/bacnet-transport/src/sc_hub/tasks.rs	49	method	Tasks::request_shutdown
crates/bacnet-transport/src/sc_hub/tasks.rs	56	method	Tasks::reap
crates/bacnet-transport/src/sc_hub/tasks.rs	71	method	Tasks::drain
crates/bacnet-transport/src/sc_hub/tasks.rs	84	method	Tasks::len
crates/bacnet-transport/src/sc_hub/tasks.rs	92	method	Spawner::spawn
crates/bacnet-transport/src/sc_hub/timeouts.rs	16	struct	ScHubHandshakeTimeouts
crates/bacnet-transport/src/sc_hub/timeouts.rs	25	method	ScHubHandshakeTimeouts::new
crates/bacnet-transport/src/sc_hub/timeouts.rs	53	method	ScHubHandshakeTimeouts::tls
crates/bacnet-transport/src/sc_hub/timeouts.rs	58	method	ScHubHandshakeTimeouts::websocket_upgrade
crates/bacnet-transport/src/sc_hub/timeouts.rs	64	method	ScHubHandshakeTimeouts::connect_request
crates/bacnet-transport/src/sc_hub/tls_config.rs	101	method	ScHubTlsConfig::from_der
crates/bacnet-transport/src/sc_hub/tls_config.rs	142	method	ScHubTlsConfig::into_acceptor
crates/bacnet-transport/src/sc_hub/tls_config.rs	90	struct	ScHubTlsConfig
crates/bacnet-transport/src/sc_hub/ws_limits_test_support.rs	110	fn	raw_frame
crates/bacnet-transport/src/sc_hub/ws_limits_test_support.rs	12	fn	npdu_message
crates/bacnet-transport/src/sc_hub/ws_limits_test_support.rs	42	fn	receive
crates/bacnet-transport/src/sc_hub/ws_limits_test_support.rs	54	fn	register
crates/bacnet-transport/src/sc_hub/ws_limits_test_support.rs	6	fn	encoded
crates/bacnet-transport/src/sc_hub/ws_limits_test_support.rs	67	fn	heartbeat
crates/bacnet-transport/src/sc_hub/ws_limits_test_support.rs	79	fn	initiating_pair
crates/bacnet-transport/src/sc_limits.rs	5	const	DEFAULT_MAX_BVLC_LENGTH
crates/bacnet-transport/src/sc_limits.rs	8	fn	websocket
crates/bacnet-transport/src/sc_tls.rs	29	struct	TlsWebSocket
crates/bacnet-transport/src/sc_tls.rs	446	fn	test_tls_pair
crates/bacnet-transport/src/sc_tls.rs	55	method	TlsWebSocket::connect
crates/bacnet-transport/src/sc_tls.rs	8	use	tls_config
crates/bacnet-transport/src/sc_tls/tls_config.rs	108	method	ScNodeTlsConfig::into_connector
crates/bacnet-transport/src/sc_tls/tls_config.rs	65	struct	ScNodeTlsConfig
crates/bacnet-transport/src/sc_tls/tls_config.rs	73	method	ScNodeTlsConfig::from_der
crates/bacnet-transport/src/udp_metadata.rs	53	enum	IpVersion
crates/bacnet-transport/src/udp_metadata.rs	60	struct	ReceivedDatagram
crates/bacnet-transport/src/udp_metadata.rs	67	struct	DestinationReceiver
crates/bacnet-transport/src/udp_metadata.rs	74	method	DestinationReceiver::configure
crates/bacnet-transport/src/udp_metadata.rs	83	method	DestinationReceiver::recv_from
crates/bacnet-transport/tests/hub_tls_support/mod.rs	107	fn	connect
crates/bacnet-transport/tests/hub_tls_support/mod.rs	11	type	Peer
crates/bacnet-transport/tests/hub_tls_support/mod.rs	111	fn	connect_with_hub_identity
crates/bacnet-transport/tests/hub_tls_support/mod.rs	12	const	HUB_VMAC
crates/bacnet-transport/tests/hub_tls_support/mod.rs	129	fn	relay
crates/bacnet-transport/tests/hub_tls_support/mod.rs	13	const	HUB_UUID
crates/bacnet-transport/tests/hub_tls_support/mod.rs	146	fn	finish
crates/bacnet-transport/tests/hub_tls_support/mod.rs	15	struct	Identity
crates/bacnet-transport/tests/hub_tls_support/mod.rs	20	struct	Fixture
crates/bacnet-transport/tests/hub_tls_support/mod.rs	30	method	Fixture::new
crates/bacnet-transport/tests/hub_tls_support/mod.rs	64	method	Fixture::client
crates/bacnet-transport/tests/hub_tls_support/mod.rs	82	fn	bounded
crates/bacnet-transport/tests/hub_tls_support/mod.rs	88	fn	websocket
crates/bacnet-types/src/bitstring.rs	133	struct	EventTransitionBits
crates/bacnet-types/src/bitstring.rs	145	method	EventTransitionBits::from_bacnet
crates/bacnet-types/src/bitstring.rs	155	method	EventTransitionBits::to_bacnet
crates/bacnet-types/src/bitstring.rs	166	struct	LimitEnable
crates/bacnet-types/src/bitstring.rs	176	method	LimitEnable::from_bacnet
crates/bacnet-types/src/bitstring.rs	185	method	LimitEnable::to_bacnet
crates/bacnet-types/src/bitstring.rs	202	struct	ServicesSupported
crates/bacnet-types/src/bitstring.rs	209	method	ServicesSupported::from_bacnet
crates/bacnet-types/src/bitstring.rs	218	method	ServicesSupported::contains
crates/bacnet-types/src/bitstring.rs	224	method	ServicesSupported::iter
crates/bacnet-types/src/bitstring.rs	257	struct	ObjectTypesSupported
crates/bacnet-types/src/bitstring.rs	264	method	ObjectTypesSupported::from_bacnet
crates/bacnet-types/src/bitstring.rs	27	use	crate
crates/bacnet-types/src/bitstring.rs	273	method	ObjectTypesSupported::contains
crates/bacnet-types/src/bitstring.rs	279	method	ObjectTypesSupported::iter
crates/bacnet-types/src/bitstring.rs	28	use	priority_filter
crates/bacnet-types/src/bitstring.rs	306	struct	AuditOperationFlags
crates/bacnet-types/src/bitstring.rs	315	method	AuditOperationFlags::empty
crates/bacnet-types/src/bitstring.rs	324	method	AuditOperationFlags::from_bits
crates/bacnet-types/src/bitstring.rs	335	method	AuditOperationFlags::bits
crates/bacnet-types/src/bitstring.rs	341	method	AuditOperationFlags::is_empty
crates/bacnet-types/src/bitstring.rs	350	method	AuditOperationFlags::contains
crates/bacnet-types/src/bitstring.rs	358	method	AuditOperationFlags::insert
crates/bacnet-types/src/bitstring.rs	370	method	AuditOperationFlags::remove
crates/bacnet-types/src/bitstring.rs	381	method	AuditOperationFlags::iter
crates/bacnet-types/src/bitstring.rs	398	method	AuditOperationFlags::from_bacnet
crates/bacnet-types/src/bitstring.rs	451	method	AuditOperationFlags::to_bacnet
crates/bacnet-types/src/bitstring.rs	48	fn	pack_octet
crates/bacnet-types/src/bitstring.rs	57	fn	unpack_octet
crates/bacnet-types/src/bitstring.rs	72	fn	status_flags_from_bacnet
crates/bacnet-types/src/bitstring/priority_filter.rs	103	method	BACnetPriorityFilter::to_bacnet
crates/bacnet-types/src/bitstring/priority_filter.rs	14	struct	BACnetPriorityFilter
crates/bacnet-types/src/bitstring/priority_filter.rs	21	method	BACnetPriorityFilter::empty
crates/bacnet-types/src/bitstring/priority_filter.rs	27	method	BACnetPriorityFilter::all
crates/bacnet-types/src/bitstring/priority_filter.rs	33	method	BACnetPriorityFilter::from_bits
crates/bacnet-types/src/bitstring/priority_filter.rs	39	method	BACnetPriorityFilter::bits
crates/bacnet-types/src/bitstring/priority_filter.rs	47	method	BACnetPriorityFilter::contains
crates/bacnet-types/src/bitstring/priority_filter.rs	57	method	BACnetPriorityFilter::set
crates/bacnet-types/src/bitstring/priority_filter.rs	83	method	BACnetPriorityFilter::from_bacnet
crates/bacnet-types/src/constructed/audit.rs	120	struct	AuditPropertyReference
crates/bacnet-types/src/constructed/audit.rs	14	struct	BACnetAuditNotification
crates/bacnet-types/src/constructed/audit.rs	53	struct	BACnetAuditLogRecordResult
crates/bacnet-types/src/constructed/audit.rs	62	struct	BACnetAuditLogRecord
crates/bacnet-types/src/constructed/audit.rs	72	enum	BACnetAuditLogDatum
crates/bacnet-types/src/constructed/audit.rs	83	enum	BACnetAuditLogQueryParameters
crates/bacnet-types/src/constructed/event_parameter/codec.rs	107	fn	device_object_property_reference_pv
crates/bacnet-types/src/constructed/event_parameter/codec.rs	11	fn	bitstring_pv
crates/bacnet-types/src/constructed/event_parameter/codec.rs	125	fn	take_pv
crates/bacnet-types/src/constructed/event_parameter/codec.rs	135	fn	take_u32
crates/bacnet-types/src/constructed/event_parameter/codec.rs	146	fn	take_u16
crates/bacnet-types/src/constructed/event_parameter/codec.rs	157	fn	take_real
crates/bacnet-types/src/constructed/event_parameter/codec.rs	169	fn	take_bitstring
crates/bacnet-types/src/constructed/event_parameter/codec.rs	183	fn	take_bitstring_list
crates/bacnet-types/src/constructed/event_parameter/codec.rs	200	fn	take_dopr
crates/bacnet-types/src/constructed/event_parameter/codec.rs	21	fn	property_state_pv
crates/bacnet-types/src/constructed/event_parameter/codec.rs	248	fn	take_property_state_list
crates/bacnet-types/src/constructed/event_parameter/codec.rs	260	fn	property_state_from_pv
crates/bacnet-types/src/constructed/event_parameter/codec.rs	41	fn	property_state_parts
crates/bacnet-types/src/constructed/event_parameter/fault.rs	111	method	crate::constructed::FaultParameters::decode_property_value
crates/bacnet-types/src/constructed/event_parameter/fault.rs	14	const	NONE
crates/bacnet-types/src/constructed/event_parameter/fault.rs	15	const	CHARACTER_STRING
crates/bacnet-types/src/constructed/event_parameter/fault.rs	16	const	EXTENDED
crates/bacnet-types/src/constructed/event_parameter/fault.rs	17	const	LIFE_SAFETY
crates/bacnet-types/src/constructed/event_parameter/fault.rs	18	const	STATE
crates/bacnet-types/src/constructed/event_parameter/fault.rs	19	const	STATUS_FLAGS
crates/bacnet-types/src/constructed/event_parameter/fault.rs	20	const	OUT_OF_RANGE
crates/bacnet-types/src/constructed/event_parameter/fault.rs	21	const	LISTED
crates/bacnet-types/src/constructed/event_parameter/fault.rs	26	method	crate::constructed::FaultParameters::fault_type
crates/bacnet-types/src/constructed/event_parameter/fault.rs	48	method	crate::constructed::FaultParameters::encode_property_value
crates/bacnet-types/src/constructed/event_parameter/mod.rs	155	method	BACnetEventParameter::tag
crates/bacnet-types/src/constructed/event_parameter/mod.rs	174	method	BACnetEventParameter::encode
crates/bacnet-types/src/constructed/event_parameter/mod.rs	264	method	BACnetEventParameter::decode
crates/bacnet-types/src/constructed/event_parameter/mod.rs	27	mod	event_parameter_tag
crates/bacnet-types/src/constructed/event_parameter/mod.rs	29	const	CHANGE_OF_BITSTRING
crates/bacnet-types/src/constructed/event_parameter/mod.rs	31	const	CHANGE_OF_STATE
crates/bacnet-types/src/constructed/event_parameter/mod.rs	33	const	CHANGE_OF_VALUE
crates/bacnet-types/src/constructed/event_parameter/mod.rs	35	const	COMMAND_FAILURE
crates/bacnet-types/src/constructed/event_parameter/mod.rs	37	const	FLOATING_LIMIT
crates/bacnet-types/src/constructed/event_parameter/mod.rs	39	const	OUT_OF_RANGE
crates/bacnet-types/src/constructed/event_parameter/mod.rs	41	const	EXTENDED
crates/bacnet-types/src/constructed/event_parameter/mod.rs	50	enum	ChangeOfValueCriteria
crates/bacnet-types/src/constructed/event_parameter/mod.rs	80	enum	BACnetEventParameter
crates/bacnet-types/src/constructed/mod.rs	115	enum	BACnetCalendarEntry
crates/bacnet-types/src/constructed/mod.rs	134	struct	BACnetTimeValue
crates/bacnet-types/src/constructed/mod.rs	15	use	audit
crates/bacnet-types/src/constructed/mod.rs	152	enum	SpecialEventPeriod
crates/bacnet-types/src/constructed/mod.rs	166	struct	BACnetSpecialEvent
crates/bacnet-types/src/constructed/mod.rs	182	struct	BACnetObjectPropertyReference
crates/bacnet-types/src/constructed/mod.rs	193	method	BACnetObjectPropertyReference::new
crates/bacnet-types/src/constructed/mod.rs	20	use	staging
crates/bacnet-types/src/constructed/mod.rs	202	method	BACnetObjectPropertyReference::new_indexed
crates/bacnet-types/src/constructed/mod.rs	224	struct	BACnetDeviceObjectPropertyReference
crates/bacnet-types/src/constructed/mod.rs	237	method	BACnetDeviceObjectPropertyReference::new_local
crates/bacnet-types/src/constructed/mod.rs	247	method	BACnetDeviceObjectPropertyReference::new_remote
crates/bacnet-types/src/constructed/mod.rs	261	method	BACnetDeviceObjectPropertyReference::with_index
crates/bacnet-types/src/constructed/mod.rs	273	struct	BACnetAddress
crates/bacnet-types/src/constructed/mod.rs	282	method	BACnetAddress::local_broadcast
crates/bacnet-types/src/constructed/mod.rs	290	method	BACnetAddress::from_ip
crates/bacnet-types/src/constructed/mod.rs	30	struct	BACnetDateRange
crates/bacnet-types/src/constructed/mod.rs	309	enum	BACnetRecipient
crates/bacnet-types/src/constructed/mod.rs	325	struct	BACnetDestination
crates/bacnet-types/src/constructed/mod.rs	363	enum	LogDatum
crates/bacnet-types/src/constructed/mod.rs	39	method	BACnetDateRange::encode
crates/bacnet-types/src/constructed/mod.rs	409	struct	BACnetLogRecord
crates/bacnet-types/src/constructed/mod.rs	426	enum	BACnetScale
crates/bacnet-types/src/constructed/mod.rs	437	struct	BACnetPrescale
crates/bacnet-types/src/constructed/mod.rs	448	enum	BACnetShedLevel
crates/bacnet-types/src/constructed/mod.rs	467	struct	BACnetLightingCommand
crates/bacnet-types/src/constructed/mod.rs	47	method	BACnetDateRange::decode
crates/bacnet-types/src/constructed/mod.rs	492	struct	BACnetDeviceObjectReference
crates/bacnet-types/src/constructed/mod.rs	508	struct	BACnetAccessRule
crates/bacnet-types/src/constructed/mod.rs	530	struct	BACnetAssignedAccessRights
crates/bacnet-types/src/constructed/mod.rs	543	struct	BACnetAssignedLandingCalls
crates/bacnet-types/src/constructed/mod.rs	556	enum	FaultParameters
crates/bacnet-types/src/constructed/mod.rs	594	struct	BACnetRecipientProcess
crates/bacnet-types/src/constructed/mod.rs	608	struct	BACnetCOVSubscription
crates/bacnet-types/src/constructed/mod.rs	622	enum	BACnetValueSource
crates/bacnet-types/src/constructed/mod.rs	633	use	event_parameter
crates/bacnet-types/src/constructed/mod.rs	636	use	property_states
crates/bacnet-types/src/constructed/mod.rs	72	struct	BACnetWeekNDay
crates/bacnet-types/src/constructed/mod.rs	83	const	ANY
crates/bacnet-types/src/constructed/mod.rs	86	method	BACnetWeekNDay::encode
crates/bacnet-types/src/constructed/mod.rs	91	method	BACnetWeekNDay::decode
crates/bacnet-types/src/constructed/property_states.rs	10	struct	BACnetExtendedPropertyState
crates/bacnet-types/src/constructed/property_states.rs	101	method	BACnetProprietaryPropertyState::data
crates/bacnet-types/src/constructed/property_states.rs	106	method	BACnetProprietaryPropertyState::is_constructed
crates/bacnet-types/src/constructed/property_states.rs	116	enum	BACnetPropertyStates
crates/bacnet-types/src/constructed/property_states.rs	17	method	BACnetExtendedPropertyState::new
crates/bacnet-types/src/constructed/property_states.rs	241	method	BACnetPropertyStates::as_u32
crates/bacnet-types/src/constructed/property_states.rs	37	method	BACnetExtendedPropertyState::from_encoded
crates/bacnet-types/src/constructed/property_states.rs	45	method	BACnetExtendedPropertyState::tag
crates/bacnet-types/src/constructed/property_states.rs	50	method	BACnetExtendedPropertyState::value
crates/bacnet-types/src/constructed/property_states.rs	55	method	BACnetExtendedPropertyState::encoded
crates/bacnet-types/src/constructed/property_states.rs	62	struct	BACnetProprietaryPropertyState
crates/bacnet-types/src/constructed/property_states.rs	84	method	BACnetProprietaryPropertyState::primitive
crates/bacnet-types/src/constructed/property_states.rs	91	method	BACnetProprietaryPropertyState::constructed
crates/bacnet-types/src/constructed/property_states.rs	96	method	BACnetProprietaryPropertyState::tag
crates/bacnet-types/src/constructed/staging.rs	12	struct	BACnetStageLimitValue
crates/bacnet-types/src/enums/access.rs	129	struct	AccessCredentialDisable
crates/bacnet-types/src/enums/access.rs	139	struct	AccessCredentialDisableReason
crates/bacnet-types/src/enums/access.rs	156	struct	AuthenticationStatus
crates/bacnet-types/src/enums/access.rs	169	struct	AccessUserType
crates/bacnet-types/src/enums/access.rs	178	struct	AuthorizationMode
crates/bacnet-types/src/enums/access.rs	190	struct	AuthorizationExemption
crates/bacnet-types/src/enums/access.rs	203	struct	AccessPassbackMode
crates/bacnet-types/src/enums/access.rs	212	struct	AccessZoneOccupancyState
crates/bacnet-types/src/enums/access.rs	22	struct	DoorStatus
crates/bacnet-types/src/enums/access.rs	38	struct	LockStatus
crates/bacnet-types/src/enums/access.rs	49	struct	DoorSecuredStatus
crates/bacnet-types/src/enums/access.rs	58	struct	DoorValue
crates/bacnet-types/src/enums/access.rs	68	struct	AccessEvent
crates/bacnet-types/src/enums/access.rs	7	struct	DoorAlarmState
crates/bacnet-types/src/enums/audit.rs	17	struct	AuditOperation
crates/bacnet-types/src/enums/audit.rs	39	struct	BACnetSuccessFilter
crates/bacnet-types/src/enums/audit.rs	7	struct	AuditLevel
crates/bacnet-types/src/enums/bvll.rs	26	struct	BvlcResultCode
crates/bacnet-types/src/enums/bvll.rs	39	struct	Bvlc6Function
crates/bacnet-types/src/enums/bvll.rs	57	struct	Bvlc6ResultCode
crates/bacnet-types/src/enums/bvll.rs	7	struct	BvlcFunction
crates/bacnet-types/src/enums/life_safety.rs	48	struct	LifeSafetyMode
crates/bacnet-types/src/enums/life_safety.rs	7	struct	LifeSafetyState
crates/bacnet-types/src/enums/life_safety.rs	74	struct	LifeSafetyOperation
crates/bacnet-types/src/enums/life_safety.rs	90	struct	SilencedState
crates/bacnet-types/src/enums/lift.rs	116	struct	LiftFault
crates/bacnet-types/src/enums/lift.rs	19	struct	EscalatorFault
crates/bacnet-types/src/enums/lift.rs	34	struct	EscalatorOperationDirection
crates/bacnet-types/src/enums/lift.rs	46	struct	LiftCarDirection
crates/bacnet-types/src/enums/lift.rs	58	struct	LiftGroupMode
crates/bacnet-types/src/enums/lift.rs	7	struct	EscalatorMode
crates/bacnet-types/src/enums/lift.rs	71	struct	LiftCarDoorCommand
crates/bacnet-types/src/enums/lift.rs	80	struct	LiftCarDriveStatus
crates/bacnet-types/src/enums/lift.rs	96	struct	LiftCarMode
crates/bacnet-types/src/enums/lighting.rs	19	struct	LightingOperation
crates/bacnet-types/src/enums/lighting.rs	36	struct	LightingInProgress
crates/bacnet-types/src/enums/lighting.rs	47	struct	LightingTransition
crates/bacnet-types/src/enums/lighting.rs	7	struct	BinaryLightingPV
crates/bacnet-types/src/enums/misc.rs	100	struct	AcknowledgmentFilter
crates/bacnet-types/src/enums/misc.rs	109	struct	EnrollmentSummaryEventStateFilter
crates/bacnet-types/src/enums/misc.rs	120	struct	EventTransitionBits
crates/bacnet-types/src/enums/misc.rs	129	struct	ServiceSupported
crates/bacnet-types/src/enums/misc.rs	189	method	ServiceSupported::from_confirmed_choice
crates/bacnet-types/src/enums/misc.rs	19	struct	NodeType
crates/bacnet-types/src/enums/misc.rs	230	method	ServiceSupported::from_unconfirmed_choice
crates/bacnet-types/src/enums/misc.rs	254	struct	MessagePriority
crates/bacnet-types/src/enums/misc.rs	262	struct	VTClass
crates/bacnet-types/src/enums/misc.rs	48	struct	Maintenance
crates/bacnet-types/src/enums/misc.rs	64	struct	Relationship
crates/bacnet-types/src/enums/misc.rs	9	struct	ShedState
crates/bacnet-types/src/enums/mod.rs	105	method	ParseEnumError::type_name
crates/bacnet-types/src/enums/mod.rs	135	use	object_type
crates/bacnet-types/src/enums/mod.rs	137	use	property_id
crates/bacnet-types/src/enums/mod.rs	139	use	protocol
crates/bacnet-types/src/enums/mod.rs	141	use	network
crates/bacnet-types/src/enums/mod.rs	143	use	bvll
crates/bacnet-types/src/enums/mod.rs	145	use	object_level
crates/bacnet-types/src/enums/mod.rs	147	use	network_port
crates/bacnet-types/src/enums/mod.rs	149	use	life_safety
crates/bacnet-types/src/enums/mod.rs	151	use	scheduling
crates/bacnet-types/src/enums/mod.rs	153	use	access
crates/bacnet-types/src/enums/mod.rs	155	use	lighting
crates/bacnet-types/src/enums/mod.rs	157	use	lift
crates/bacnet-types/src/enums/mod.rs	159	use	misc
crates/bacnet-types/src/enums/mod.rs	161	use	audit
crates/bacnet-types/src/enums/mod.rs	163	use	units
crates/bacnet-types/src/enums/mod.rs	165	use	resolve
crates/bacnet-types/src/enums/mod.rs	30	const	$VARIANT
crates/bacnet-types/src/enums/mod.rs	35	method	$Name::from_raw
crates/bacnet-types/src/enums/mod.rs	41	method	$Name::to_raw
crates/bacnet-types/src/enums/mod.rs	46	const	ALL_NAMED
crates/bacnet-types/src/enums/mod.rs	98	struct	ParseEnumError
crates/bacnet-types/src/enums/network.rs	17	struct	NetworkMessageType
crates/bacnet-types/src/enums/network.rs	43	struct	RejectMessageReason
crates/bacnet-types/src/enums/network.rs	7	struct	NetworkPriority
crates/bacnet-types/src/enums/network_port.rs	25	struct	IPMode
crates/bacnet-types/src/enums/network_port.rs	34	struct	NetworkPortCommand
crates/bacnet-types/src/enums/network_port.rs	48	struct	NetworkNumberQuality
crates/bacnet-types/src/enums/network_port.rs	58	struct	NetworkReachability
crates/bacnet-types/src/enums/network_port.rs	67	struct	ProtocolLevel
crates/bacnet-types/src/enums/network_port.rs	7	struct	NetworkType
crates/bacnet-types/src/enums/network_port.rs	77	struct	WriteStatus
crates/bacnet-types/src/enums/object_level.rs	104	struct	ReinitializedState
crates/bacnet-types/src/enums/object_level.rs	120	struct	FileAccessMethod
crates/bacnet-types/src/enums/object_level.rs	128	struct	ProgramState
crates/bacnet-types/src/enums/object_level.rs	140	struct	ProgramChange
crates/bacnet-types/src/enums/object_level.rs	152	struct	ProgramError
crates/bacnet-types/src/enums/object_level.rs	163	struct	Action
crates/bacnet-types/src/enums/object_level.rs	171	struct	EventType
crates/bacnet-types/src/enums/object_level.rs	19	struct	BinaryPV
crates/bacnet-types/src/enums/object_level.rs	202	struct	FaultType
crates/bacnet-types/src/enums/object_level.rs	216	struct	NotifyType
crates/bacnet-types/src/enums/object_level.rs	225	struct	BackupAndRestoreState
crates/bacnet-types/src/enums/object_level.rs	238	struct	LoggingType
crates/bacnet-types/src/enums/object_level.rs	27	struct	Polarity
crates/bacnet-types/src/enums/object_level.rs	35	struct	Reliability
crates/bacnet-types/src/enums/object_level.rs	67	struct	DeviceStatus
crates/bacnet-types/src/enums/object_level.rs	7	struct	EventState
crates/bacnet-types/src/enums/object_level.rs	79	struct	RestartReason
crates/bacnet-types/src/enums/object_level.rs	94	struct	EnableDisable
crates/bacnet-types/src/enums/object_type.rs	16	struct	ObjectType
crates/bacnet-types/src/enums/property_id.rs	16	struct	PropertyIdentifier
crates/bacnet-types/src/enums/protocol.rs	21	struct	ConfirmedServiceChoice
crates/bacnet-types/src/enums/protocol.rs	253	struct	AbortReason
crates/bacnet-types/src/enums/protocol.rs	271	struct	RejectReason
crates/bacnet-types/src/enums/protocol.rs	288	struct	Segmentation
crates/bacnet-types/src/enums/protocol.rs	60	struct	UnconfirmedServiceChoice
crates/bacnet-types/src/enums/protocol.rs	7	struct	PduType
crates/bacnet-types/src/enums/protocol.rs	81	struct	ErrorClass
crates/bacnet-types/src/enums/protocol.rs	95	struct	ErrorCode
crates/bacnet-types/src/enums/resolve.rs	130	method	ResolvedEnum::from_property
crates/bacnet-types/src/enums/resolve.rs	261	fn	resolve_enum
crates/bacnet-types/src/enums/resolve.rs	276	enum	ResolvedBits
crates/bacnet-types/src/enums/resolve.rs	304	method	ResolvedBits::from_property
crates/bacnet-types/src/enums/resolve.rs	350	fn	resolve_bits
crates/bacnet-types/src/enums/resolve.rs	367	enum	ResolvedValue
crates/bacnet-types/src/enums/resolve.rs	426	fn	resolve_value
crates/bacnet-types/src/enums/resolve.rs	43	enum	ResolvedEnum
crates/bacnet-types/src/enums/scheduling.rs	16	struct	TimerTransition
crates/bacnet-types/src/enums/scheduling.rs	7	struct	TimerState
crates/bacnet-types/src/enums/units.rs	16	struct	EngineeringUnits
crates/bacnet-types/src/error.rs	118	type	Result
crates/bacnet-types/src/error.rs	122	method	Error::decoding
crates/bacnet-types/src/error.rs	130	method	Error::buffer_too_short
crates/bacnet-types/src/error.rs	34	enum	Error
crates/bacnet-types/src/lib.rs	19	mod	bitstring
crates/bacnet-types/src/lib.rs	20	mod	constructed
crates/bacnet-types/src/lib.rs	21	mod	enums
crates/bacnet-types/src/lib.rs	22	mod	error
crates/bacnet-types/src/lib.rs	23	mod	primitives
crates/bacnet-types/src/lib.rs	30	type	MacAddr
crates/bacnet-types/src/primitives.rs	111	method	ObjectIdentifier::new_unchecked
crates/bacnet-types/src/primitives.rs	119	method	ObjectIdentifier::object_type
crates/bacnet-types/src/primitives.rs	129	method	ObjectIdentifier::instance_number
crates/bacnet-types/src/primitives.rs	134	method	ObjectIdentifier::encode
crates/bacnet-types/src/primitives.rs	151	method	ObjectIdentifier::decode
crates/bacnet-types/src/primitives.rs	198	struct	Date
crates/bacnet-types/src/primitives.rs	211	const	UNSPECIFIED
crates/bacnet-types/src/primitives.rs	214	method	Date::encode
crates/bacnet-types/src/primitives.rs	219	method	Date::decode
crates/bacnet-types/src/primitives.rs	235	method	Date::actual_year
crates/bacnet-types/src/primitives.rs	252	struct	Time
crates/bacnet-types/src/primitives.rs	265	const	UNSPECIFIED
crates/bacnet-types/src/primitives.rs	268	method	Time::encode
crates/bacnet-types/src/primitives.rs	273	method	Time::decode
crates/bacnet-types/src/primitives.rs	28	struct	ObjectIdentifier
crates/bacnet-types/src/primitives.rs	295	enum	BACnetTimeStamp
crates/bacnet-types/src/primitives.rs	311	struct	StatusFlags
crates/bacnet-types/src/primitives.rs	348	struct	DaysOfWeek
crates/bacnet-types/src/primitives.rs	370	enum	PropertyValue
crates/bacnet-types/src/primitives.rs	41	const	MAX_INSTANCE
crates/bacnet-types/src/primitives.rs	49	const	WILDCARD_INSTANCE
crates/bacnet-types/src/primitives.rs	54	const	MAX_ADDRESSABLE_INSTANCE
crates/bacnet-types/src/primitives.rs	65	method	ObjectIdentifier::new
crates/bacnet-types/src/primitives.rs	89	method	ObjectIdentifier::new_addressable
crates/rusty-bacnet/src/client/mod.rs	73	struct	BACnetClient
crates/rusty-bacnet/src/errors.rs	19	fn	to_py_err
crates/rusty-bacnet/src/errors.rs	53	fn	register
crates/rusty-bacnet/src/hub.rs	35	struct	PyScHub
crates/rusty-bacnet/src/mstp_py.rs	12	type	PySerial
crates/rusty-bacnet/src/mstp_py.rs	23	fn	validate_mstp_config
crates/rusty-bacnet/src/mstp_py.rs	53	fn	build_mstp_transport
crates/rusty-bacnet/src/sc_identity.rs	5	fn	device_uuid
crates/rusty-bacnet/src/server/mod.rs	82	struct	BACnetServer
crates/rusty-bacnet/src/tls.rs	10	fn	build_server_tls_config
crates/rusty-bacnet/src/tls.rs	38	fn	required_sc_credentials
crates/rusty-bacnet/src/tls.rs	56	fn	build_client_tls_config
crates/rusty-bacnet/src/types/address.rs	14	fn	parse_address
crates/rusty-bacnet/src/types/audit.rs	358	fn	audit_notification_request_from_py
crates/rusty-bacnet/src/types/audit.rs	500	fn	audit_log_query_request_from_py
crates/rusty-bacnet/src/types/audit_projection.rs	154	fn	audit_log_query_ack_to_py
crates/rusty-bacnet/src/types/cov.rs	111	struct	PyCovNotificationIterator
crates/rusty-bacnet/src/types/cov.rs	116	method	PyCovNotificationIterator::new
crates/rusty-bacnet/src/types/cov.rs	9	struct	PyCovNotification
crates/rusty-bacnet/src/types/device.rs	69	method	PyDiscoveredDevice::from_rust
crates/rusty-bacnet/src/types/device.rs	9	struct	PyDiscoveredDevice
crates/rusty-bacnet/src/types/enums.rs	14	struct	$PyStruct
crates/rusty-bacnet/src/types/enums.rs	19	method	$PyStruct::to_rust
crates/rusty-bacnet/src/types/enums.rs	24	method	$PyStruct::register_constants
crates/rusty-bacnet/src/types/mod.rs	36	use	address
crates/rusty-bacnet/src/types/mod.rs	37	use	audit
crates/rusty-bacnet/src/types/mod.rs	38	use	audit_projection
crates/rusty-bacnet/src/types/mod.rs	39	use	cov
crates/rusty-bacnet/src/types/mod.rs	40	use	device
crates/rusty-bacnet/src/types/mod.rs	41	use	enums
crates/rusty-bacnet/src/types/mod.rs	42	use	object_identifier
crates/rusty-bacnet/src/types/mod.rs	43	use	property_value
crates/rusty-bacnet/src/types/mod.rs	44	use	rpm_wpm
crates/rusty-bacnet/src/types/mod.rs	45	use	timestamp
crates/rusty-bacnet/src/types/mod.rs	51	fn	register
crates/rusty-bacnet/src/types/object_identifier.rs	12	struct	PyObjectIdentifier
crates/rusty-bacnet/src/types/object_identifier.rs	57	method	PyObjectIdentifier::to_rust
crates/rusty-bacnet/src/types/object_identifier.rs	61	method	PyObjectIdentifier::from_rust
crates/rusty-bacnet/src/types/property_value.rs	21	struct	PyPropertyValue
crates/rusty-bacnet/src/types/property_value.rs	26	method	PyPropertyValue::to_rust
crates/rusty-bacnet/src/types/property_value.rs	30	method	PyPropertyValue::from_rust
crates/rusty-bacnet/src/types/rpm_wpm.rs	28	fn	rpm_ack_to_py
crates/rusty-bacnet/src/types/rpm_wpm.rs	74	fn	py_to_wpm_specs
crates/rusty-bacnet/src/types/rpm_wpm.rs	9	fn	py_to_rpm_specs
crates/rusty-bacnet/src/types/timestamp.rs	14	struct	PyBACnetTimeStamp
crates/rusty-bacnet/src/types/timestamp.rs	19	method	PyBACnetTimeStamp::to_rust
crates/rusty-bacnet/src/types/timestamp.rs	23	method	PyBACnetTimeStamp::from_rust
examples/rust/samples/point-discover/src/net_defaults.rs	8	fn	default_broadcast
